timestamp,project_name,run_id,experiment_id,duration,emissions,emissions_rate,cpu_power,gpu_power,ram_power,cpu_energy,gpu_energy,ram_energy,energy_consumed,water_consumed,country_name,country_iso_code,region,cloud_provider,cloud_region,os,python_version,codecarbon_version,cpu_count,cpu_model,gpu_count,gpu_model,longitude,latitude,ram_total_size,tracking_mode,cpu_utilization_percent,gpu_utilization_percent,ram_utilization_percent,ram_used_gb,on_cloud,pue,wue
2026-07-31T12:12:18,codecarbon,fd2b6bc8-9a49-40d2-9772-d561a493510f,5b0fa12a-3dd7-45bb-9766-cc326314d9f1,1.903638600000704,4.921461502596244e-07,2.58529192599605e-07,4.685691561922299,0.0,10.0,2.4355170458284606e-06,0.0,5.168443611112e-06,7.603960656940461e-06,0.0,Canada,CAN,ontario,,,Windows-10-10.0.26200-SP0,3.11.9,3.2.6,8.0,Intel(R) Core(TM) i7-1065G7 CPU @ 1.30GHz,0.0,,-75.6718,45.3316,15.595848083496094,process,0.0,0.0,74.6,11.63824462890625,N,1.0,0.0
2026-07-31T12:12:23,codecarbon,05ad5cc6-a16d-441f-af0f-5dcdbc15493a,5b0fa12a-3dd7-45bb-9766-cc326314d9f1,0.2907816000006278,1.067533009311167e-07,3.671253646409753e-07,11.820645164585668,0.0,10.0,9.145416451923474e-07,0.0,7.348625000001145e-07,1.649404145192462e-06,0.0,Canada,CAN,ontario,,,Windows-10-10.0.26200-SP0,3.11.9,3.2.6,8.0,Intel(R) Core(TM) i7-1065G7 CPU @ 1.30GHz,0.0,,-75.6718,45.3316,15.595848083496094,process,0.0,0.0,0.0,0.0,N,1.0,0.0
2026-07-31T12:12:28,codecarbon,6d7167d0-f54f-4007-acf0-c5b854daa410,5b0fa12a-3dd7-45bb-9766-cc326314d9f1,0.5826736999988498,2.281690893459502e-07,3.9158982007665803e-07,12.36121208795731,0.0,10.0,1.9655549606351743e-06,0.0,1.5597977777765155e-06,3.52535273841169e-06,0.0,Canada,CAN,ontario,,,Windows-10-10.0.26200-SP0,3.11.9,3.2.6,8.0,Intel(R) Core(TM) i7-1065G7 CPU @ 1.30GHz,0.0,,-75.6718,45.3316,15.595848083496094,process,0.0,0.0,0.0,0.0,N,1.0,0.0
2026-07-31T12:12:33,codecarbon,f3f0e0b3-f48f-4f1a-9fbd-70c489e08cde,5b0fa12a-3dd7-45bb-9766-cc326314d9f1,0.2685053999994125,1.0042638410933021e-07,3.740199791495812e-07,12.078230218328532,0.0,10.0,8.653666119053114e-07,0.0,6.862827777796257e-07,1.5516493896849371e-06,0.0,Canada,CAN,ontario,,,Windows-10-10.0.26200-SP0,3.11.9,3.2.6,8.0,Intel(R) Core(TM) i7-1065G7 CPU @ 1.30GHz,0.0,,-75.6718,45.3316,15.595848083496094,process,0.0,0.0,0.0,0.0,N,1.0,0.0
2026-07-31T12:12:38,codecarbon,943ab6aa-6bec-4b8a-858d-1df190082dd4,5b0fa12a-3dd7-45bb-9766-cc326314d9f1,0.907824800000526,3.530581524524124e-07,3.889056043106641e-07,12.016502354567203,0.0,10.0,2.995246394772865e-06,0.0,2.4597191666645005e-06,5.454965561437366e-06,0.0,Canada,CAN,ontario,,,Windows-10-10.0.26200-SP0,3.11.9,3.2.6,8.0,Intel(R) Core(TM) i7-1065G7 CPU @ 1.30GHz,0.0,,-75.6718,45.3316,15.595848083496094,process,0.0,0.0,0.0,0.0,N,1.0,0.0
2026-07-31T12:12:44,codecarbon,2ae95b56-c8e3-497c-8577-5ed170f2d439,5b0fa12a-3dd7-45bb-9766-cc326314d9f1,0.7960874999989755,2.839628155716773e-07,3.566979955997836e-07,10.23595767480306,0.0,10.0,2.233328728954751e-06,0.0,2.15407138888016e-06,4.38740011783491e-06,0.0,Canada,CAN,ontario,,,Windows-10-10.0.26200-SP0,3.11.9,3.2.6,8.0,Intel(R) Core(TM) i7-1065G7 CPU @ 1.30GHz,0.0,,-75.6718,45.3316,15.595848083496094,process,0.0,0.0,0.0,0.0,N,1.0,0.0
2026-07-31T12:12:49,codecarbon,f20d9407-3a8d-4e98-b892-cb73e82e063b,5b0fa12a-3dd7-45bb-9766-cc326314d9f1,1.0056549000000814,3.791118728890521e-07,3.769800881883253e-07,11.296505966286936,0.0,10.0,3.122604341175084e-06,0.0,2.7349072222225206e-06,5.857511563397604e-06,0.0,Canada,CAN,ontario,,,Windows-10-10.0.26200-SP0,3.11.9,3.2.6,8.0,Intel(R) Core(TM) i7-1065G7 CPU @ 1.30GHz,0.0,,-75.6718,45.3316,15.595848083496094,process,0.0,0.0,0.0,0.0,N,1.0,0.0
2026-07-31T12:12:51,codecarbon,0175c4f2-2aad-48ec-8861-304e418fe28c,5b0fa12a-3dd7-45bb-9766-cc326314d9f1,0.7862552000005962,3.038316104941215e-07,3.864287453919429e-07,12.144892681239396,0.0,10.0,2.598468272852564e-06,0.0,2.095916944452054e-06,4.694385217304618e-06,0.0,Canada,CAN,ontario,,,Windows-10-10.0.26200-SP0,3.11.9,3.2.6,8.0,Intel(R) Core(TM) i7-1065G7 CPU @ 1.30GHz,0.0,,-75.6718,45.3316,15.595848083496094,process,0.0,0.0,0.0,0.0,N,1.0,0.0
2026-07-31T12:12:55,codecarbon,0e897628-b3c0-4bcb-921a-01b6e407cb82,5b0fa12a-3dd7-45bb-9766-cc326314d9f1,1.1480147000002034,4.373038420086496e-07,3.809218139877233e-07,11.467001830966527,0.0,10.0,3.624809103616542e-06,0.0,3.131804166666067e-06,6.756613270282609e-06,0.0,Canada,CAN,ontario,,,Windows-10-10.0.26200-SP0,3.11.9,3.2.6,8.0,Intel(R) Core(TM) i7-1065G7 CPU @ 1.30GHz,0.0,,-75.6718,45.3316,15.595848083496094,process,0.0,0.0,73.5,11.47024917602539,N,1.0,0.0
2026-07-31T12:12:56,codecarbon,9b34fa69-781a-4347-bcf2-519dbdfd1557,5b0fa12a-3dd7-45bb-9766-cc326314d9f1,0.9226445000022068,2.1971990652280185e-07,2.381414580830173e-07,3.54826785056031,0.0,10.0,8.983365570231365e-07,0.0,2.496471111114968e-06,3.3948076681381044e-06,0.0,Canada,CAN,ontario,,,Windows-10-10.0.26200-SP0,3.11.9,3.2.6,8.0,Intel(R) Core(TM) i7-1065G7 CPU @ 1.30GHz,0.0,,-75.6718,45.3316,15.595848083496094,process,0.0,0.0,0.0,0.0,N,1.0,0.0
2026-07-31T12:13:00,codecarbon,1bc95435-d255-4daa-9541-bd906c384649,5b0fa12a-3dd7-45bb-9766-cc326314d9f1,0.5667116999975406,2.1185141031881562e-07,3.738257218259919e-07,11.384627162229409,0.0,10.0,1.7589084521014146e-06,0.0,1.5143261111107775e-06,3.2732345632121923e-06,0.0,Canada,CAN,ontario,,,Windows-10-10.0.26200-SP0,3.11.9,3.2.6,8.0,Intel(R) Core(TM) i7-1065G7 CPU @ 1.30GHz,0.0,,-75.6718,45.3316,15.595848083496094,process,0.0,0.0,0.0,0.0,N,1.0,0.0
2026-07-31T12:13:02,codecarbon,108ed0f2-6b99-411d-8c13-64afb8388e65,5b0fa12a-3dd7-45bb-9766-cc326314d9f1,0.7011983000011242,2.623743016557666e-07,3.741798884215007e-07,11.33274313235067,0.0,10.0,2.170362913525238e-06,0.0,1.883481388884118e-06,4.053844302409356e-06,0.0,Canada,CAN,ontario,,,Windows-10-10.0.26200-SP0,3.11.9,3.2.6,8.0,Intel(R) Core(TM) i7-1065G7 CPU @ 1.30GHz,0.0,,-75.6718,45.3316,15.595848083496094,process,0.0,0.0,0.0,0.0,N,1.0,0.0
2026-07-31T12:13:06,codecarbon,388bd063-d69d-40a3-a9f6-dc63e4354901,5b0fa12a-3dd7-45bb-9766-cc326314d9f1,0.796628399999463,3.132123632510578e-07,3.931724794788498e-07,12.276523310783707,0.0,10.0,2.6827136159057223e-06,0.0,2.1566099999997985e-06,4.839323615905521e-06,0.0,Canada,CAN,ontario,,,Windows-10-10.0.26200-SP0,3.11.9,3.2.6,8.0,Intel(R) Core(TM) i7-1065G7 CPU @ 1.30GHz,0.0,,-75.6718,45.3316,15.595848083496094,process,0.0,0.0,0.0,0.0,N,1.0,0.0
2026-07-31T12:13:07,codecarbon,bbea9778-b450-4a84-a8f1-1daebabebbf0,5b0fa12a-3dd7-45bb-9766-cc326314d9f1,0.309366500001488,1.1652060136238933e-07,3.766425949862991e-07,12.198006935608124,0.0,10.0,1.0077718875028395e-06,0.0,7.92543055558781e-07,1.8003149430616204e-06,0.0,Canada,CAN,ontario,,,Windows-10-10.0.26200-SP0,3.11.9,3.2.6,8.0,Intel(R) Core(TM) i7-1065G7 CPU @ 1.30GHz,0.0,,-75.6718,45.3316,15.595848083496094,process,0.0,0.0,0.0,0.0,N,1.0,0.0
2026-07-31T12:13:10,codecarbon,1e4fab01-8319-4a7e-bb36-a1c94c9c6a74,5b0fa12a-3dd7-45bb-9766-cc326314d9f1,0.2625092999987828,9.748066777066045e-08,3.713417687339552e-07,11.80484929431911,0.0,10.0,8.302593163948155e-07,0.0,6.75876944448343e-07,1.5061362608431583e-06,0.0,Canada,CAN,ontario,,,Windows-10-10.0.26200-SP0,3.11.9,3.2.6,8.0,Intel(R) Core(TM) i7-1065G7 CPU @ 1.30GHz,0.0,,-75.6718,45.3316,15.595848083496094,process,0.0,0.0,0.0,0.0,N,1.0,0.0
2026-07-31T12:13:12,codecarbon,4e9918fb-73f1-449b-9bad-dcf78692b82b,5b0fa12a-3dd7-45bb-9766-cc326314d9f1,0.4212948000022152,1.625941781112151e-07,3.8593920008117867e-07,12.558995207704012,0.0,10.0,1.4186714247450188e-06,0.0,1.0935086111102365e-06,2.512180035855255e-06,0.0,Canada,CAN,ontario,,,Windows-10-10.0.26200-SP0,3.11.9,3.2.6,8.0,Intel(R) Core(TM) i7-1065G7 CPU @ 1.30GHz,0.0,,-75.6718,45.3316,15.595848083496094,process,0.0,0.0,0.0,0.0,N,1.0,0.0
2026-07-31T12:13:15,codecarbon,77c58cc3-16bc-4483-bf13-af63ec7bc247,5b0fa12a-3dd7-45bb-9766-cc326314d9f1,0.2651661999989301,1.00309928766539e-07,3.782907805253601e-07,12.358995563403106,0.0,10.0,8.761731385856639e-07,0.0,6.736769444412656e-07,1.5498500830269296e-06,0.0,Canada,CAN,ontario,,,Windows-10-10.0.26200-SP0,3.11.9,3.2.6,8.0,Intel(R) Core(TM) i7-1065G7 CPU @ 1.30GHz,0.0,,-75.6718,45.3316,15.595848083496094,process,0.0,0.0,0.0,0.0,N,1.0,0.0
2026-07-31T12:13:17,codecarbon,e8fd5959-a9b1-414a-a3cc-7581d27db796,5b0fa12a-3dd7-45bb-9766-cc326314d9f1,0.7058728000010888,2.747781304746675e-07,3.892742863505205e-07,12.240662403841696,0.0,10.0,2.3618130295950696e-06,0.0,1.883678055552688e-06,4.245491085147757e-06,0.0,Canada,CAN,ontario,,,Windows-10-10.0.26200-SP0,3.11.9,3.2.6,8.0,Intel(R) Core(TM) i7-1065G7 CPU @ 1.30GHz,0.0,,-75.6718,45.3316,15.595848083496094,process,0.0,0.0,0.0,0.0,N,1.0,0.0
2026-07-31T12:13:20,codecarbon,cb7c0965-57f2-4a60-a4dc-145641437928,5b0fa12a-3dd7-45bb-9766-cc326314d9f1,0.2599773000001733,8.73190835238371e-08,3.3587195314275093e-07,9.852945438526325,0.0,10.0,6.846907577815475e-07,0.0,6.644427777852494e-07,1.3491335355667969e-06,0.0,Canada,CAN,ontario,,,Windows-10-10.0.26200-SP0,3.11.9,3.2.6,8.0,Intel(R) Core(TM) i7-1065G7 CPU @ 1.30GHz,0.0,,-75.6718,45.3316,15.595848083496094,process,0.0,0.0,0.0,0.0,N,1.0,0.0
2026-07-31T12:13:22,codecarbon,29369d06-9c64-4ded-b4bc-a1fab78ef99b,5b0fa12a-3dd7-45bb-9766-cc326314d9f1,0.4517269000025408,1.7315929983906665e-07,3.833274038763082e-07,12.287973287014593,0.0,10.0,1.492536830028509e-06,0.0,1.1828808333322944e-06,2.6754176633608035e-06,0.0,Canada,CAN,ontario,,,Windows-10-10.0.26200-SP0,3.11.9,3.2.6,8.0,Intel(R) Core(TM) i7-1065G7 CPU @ 1.30GHz,0.0,,-75.6718,45.3316,15.595848083496094,process,0.0,0.0,0.0,0.0,N,1.0,0.0
2026-07-31T12:13:26,codecarbon,a5ef7a86-49f9-4a9e-9cee-120f7cf88e7c,5b0fa12a-3dd7-45bb-9766-cc326314d9f1,1.0949740000032762,4.5698924026460506e-07,4.173516816501924e-07,13.565753608938396,0.0,10.0,4.084701167363731e-06,0.0,2.9760636111152253e-06,7.060764778478956e-06,0.0,Canada,CAN,ontario,,,Windows-10-10.0.26200-SP0,3.11.9,3.2.6,8.0,Intel(R) Core(TM) i7-1065G7 CPU @ 1.30GHz,0.0,,-75.6718,45.3316,15.595848083496094,process,0.0,0.0,73.0,11.379802703857422,N,1.0,0.0
2026-07-31T12:13:27,codecarbon,780f5a0e-c2de-4267-9c91-feb89791866a,5b0fa12a-3dd7-45bb-9766-cc326314d9f1,1.0031868000005488,3.986173960431446e-07,3.973511175016722e-07,12.57187775502874,0.0,10.0,3.4494941684313937e-06,0.0,2.7093897222281763e-06,6.15888389065957e-06,0.0,Canada,CAN,ontario,,,Windows-10-10.0.26200-SP0,3.11.9,3.2.6,8.0,Intel(R) Core(TM) i7-1065G7 CPU @ 1.30GHz,0.0,,-75.6718,45.3316,15.595848083496094,process,0.0,0.0,0.0,0.0,N,1.0,0.0
2026-07-31T12:13:31,codecarbon,1d9a08b3-26bf-476e-96b1-b5e66e4c3484,5b0fa12a-3dd7-45bb-9766-cc326314d9f1,0.3933037999995576,1.5314409428060289e-07,3.8937862863459513e-07,12.519495455852386,0.0,10.0,1.3336809850882458e-06,0.0,1.0324894444440565e-06,2.3661704295323023e-06,0.0,Canada,CAN,ontario,,,Windows-10-10.0.26200-SP0,3.11.9,3.2.6,8.0,Intel(R) Core(TM) i7-1065G7 CPU @ 1.30GHz,0.0,,-75.6718,45.3316,15.595848083496094,process,0.0,0.0,0.0,0.0,N,1.0,0.0
2026-07-31T12:13:33,codecarbon,fe123552-b479-4b6c-a18e-60ab82b15f32,5b0fa12a-3dd7-45bb-9766-cc326314d9f1,0.4934069000009913,1.890538317510029e-07,3.831600890677108e-07,12.053600091949283,0.0,10.0,1.6141176776418182e-06,0.0,1.3068802777828146e-06,2.920997955424633e-06,0.0,Canada,CAN,ontario,,,Windows-10-10.0.26200-SP0,3.11.9,3.2.6,8.0,Intel(R) Core(TM) i7-1065G7 CPU @ 1.30GHz,0.0,,-75.6718,45.3316,15.595848083496094,process,0.0,0.0,0.0,0.0,N,1.0,0.0
2026-07-31T12:13:37,codecarbon,55198d76-6af9-4984-aaa8-dda5fe5629d1,5b0fa12a-3dd7-45bb-9766-cc326314d9f1,1.2732087000003958,4.921034491110086e-07,3.8650650840734563e-07,11.757485077562205,0.0,10.0,4.12412339793812e-06,0.0,3.4791774999980084e-06,7.603300897936128e-06,0.0,Canada,CAN,ontario,,,Windows-10-10.0.26200-SP0,3.11.9,3.2.6,8.0,Intel(R) Core(TM) i7-1065G7 CPU @ 1.30GHz,0.0,,-75.6718,45.3316,15.595848083496094,process,0.0,0.0,73.2,11.41851806640625,N,1.0,0.0
2026-07-31T12:13:38,codecarbon,1cb2b6f4-513a-41ba-9605-65614579344e,5b0fa12a-3dd7-45bb-9766-cc326314d9f1,0.7647351000014169,3.0207502267506e-07,3.950060912262302e-07,12.49476684864359,0.0,10.0,2.610807910871409e-06,0.0,2.056436944450171e-06,4.66724485532158e-06,0.0,Canada,CAN,ontario,,,Windows-10-10.0.26200-SP0,3.11.9,3.2.6,8.0,Intel(R) Core(TM) i7-1065G7 CPU @ 1.30GHz,0.0,,-75.6718,45.3316,15.595848083496094,process,0.0,0.0,0.0,0.0,N,1.0,0.0
2026-07-31T12:13:43,codecarbon,296a6828-eb59-480a-acea-5154dd28a601,5b0fa12a-3dd7-45bb-9766-cc326314d9f1,0.3470145999999658,9.135237052029466e-08,2.632522393014693e-07,5.492849683979115,0.0,10.0,5.119541887354186e-07,0.0,8.994961111157965e-07,1.4114502998512151e-06,0.0,Canada,CAN,ontario,,,Windows-10-10.0.26200-SP0,3.11.9,3.2.6,8.0,Intel(R) Core(TM) i7-1065G7 CPU @ 1.30GHz,0.0,,-75.6718,45.3316,15.595848083496094,process,0.0,0.0,0.0,0.0,N,1.0,0.0
2026-07-31T12:13:43,codecarbon,2ef9af91-0d49-448e-a815-1636ac4efb99,5b0fa12a-3dd7-45bb-9766-cc326314d9f1,1.8590040000017325,5.674541861703667e-07,3.052463502874861e-07,7.125909300812106,0.0,10.0,3.659376120928398e-06,0.0,5.108140000003106e-06,8.767516120931505e-06,0.0,Canada,CAN,ontario,,,Windows-10-10.0.26200-SP0,3.11.9,3.2.6,8.0,Intel(R) Core(TM) i7-1065G7 CPU @ 1.30GHz,0.0,,-75.6718,45.3316,15.595848083496094,process,0.0,0.0,73.0,11.386238098144531,N,1.0,0.0
2026-07-31T12:13:48,codecarbon,afa6408f-7d33-4d64-95f9-9708d23b36ee,5b0fa12a-3dd7-45bb-9766-cc326314d9f1,0.3457938999999896,1.1346246938702933e-07,3.281216626060573e-07,9.228278986748872,0.0,10.0,8.567288123900458e-07,0.0,8.963361111151851e-07,1.7530649235052307e-06,0.0,Canada,CAN,ontario,,,Windows-10-10.0.26200-SP0,3.11.9,3.2.6,8.0,Intel(R) Core(TM) i7-1065G7 CPU @ 1.30GHz,0.0,,-75.6718,45.3316,15.595848083496094,process,0.0,0.0,0.0,0.0,N,1.0,0.0
2026-07-31T12:13:49,codecarbon,e6fe8782-be55-43fc-b357-1d8caf12150e,5b0fa12a-3dd7-45bb-9766-cc326314d9f1,1.2507030999986457,4.068196862165275e-07,3.252727895349169e-07,8.339200261061121,0.0,10.0,2.8701090398970974e-06,0.0,3.415505277775487e-06,6.2856143176725846e-06,0.0,Canada,CAN,ontario,,,Windows-10-10.0.26200-SP0,3.11.9,3.2.6,8.0,Intel(R) Core(TM) i7-1065G7 CPU @ 1.30GHz,0.0,,-75.6718,45.3316,15.595848083496094,process,100.0,0.0,73.0,11.391925811767578,N,1.0,0.0
2026-07-31T12:13:53,codecarbon,25d0fc05-7de3-4e83-b221-f5d104dd8364,5b0fa12a-3dd7-45bb-9766-cc326314d9f1,0.3245905000003404,1.2657171874132018e-07,3.899427701709922e-07,12.93237995903339,0.0,10.0,1.1219353317373815e-06,0.0,8.336755555622707e-07,1.955610887299652e-06,0.0,Canada,CAN,ontario,,,Windows-10-10.0.26200-SP0,3.11.9,3.2.6,8.0,Intel(R) Core(TM) i7-1065G7 CPU @ 1.30GHz,0.0,,-75.6718,45.3316,15.595848083496094,process,0.0,0.0,0.0,0.0,N,1.0,0.0
2026-07-31T12:13:54,codecarbon,a4be9470-6198-4dcc-afed-398a859cf6c4,5b0fa12a-3dd7-45bb-9766-cc326314d9f1,0.2940073999998276,1.1232757985031977e-07,3.820569817303429e-07,12.432450194827773,0.0,10.0,9.78849626730708e-07,0.0,7.566805555547439e-07,1.735530182285452e-06,0.0,Canada,CAN,ontario,,,Windows-10-10.0.26200-SP0,3.11.9,3.2.6,8.0,Intel(R) Core(TM) i7-1065G7 CPU @ 1.30GHz,0.0,,-75.6718,45.3316,15.595848083496094,process,0.0,0.0,0.0,0.0,N,1.0,0.0
2026-07-31T12:13:58,codecarbon,95c550e8-80c4-4e7c-a33a-feba479d5a56,5b0fa12a-3dd7-45bb-9766-cc326314d9f1,1.004961299997376,3.719017900060917e-07,3.700657826396527e-07,10.952829327279606,0.0,10.0,3.020843571384828e-06,0.0,2.725267777774813e-06,5.7461113491596415e-06,0.0,Canada,CAN,ontario,,,Windows-10-10.0.26200-SP0,3.11.9,3.2.6,8.0,Intel(R) Core(TM) i7-1065G7 CPU @ 1.30GHz,0.0,,-75.6718,45.3316,15.595848083496094,process,0.0,0.0,0.0,0.0,N,1.0,0.0
2026-07-31T12:13:59,codecarbon,b123a74d-2333-44af-ac4a-d2663f18e6e2,5b0fa12a-3dd7-45bb-9766-cc326314d9f1,0.3936898000029032,1.1188603598140269e-07,2.841984628013669e-07,6.496009355133955,0.0,10.0,6.917472246572265e-07,0.0,1.036960833334888e-06,1.7287080579921144e-06,0.0,Canada,CAN,ontario,,,Windows-10-10.0.26200-SP0,3.11.9,3.2.6,8.0,Intel(R) Core(TM) i7-1065G7 CPU @ 1.30GHz,0.0,,-75.6718,45.3316,15.595848083496094,process,0.0,0.0,0.0,0.0,N,1.0,0.0
2026-07-31T12:14:03,codecarbon,348a4f82-5750-4297-b878-7138f8095ff4,5b0fa12a-3dd7-45bb-9766-cc326314d9f1,0.5021054000026197,1.646727035125787e-07,3.279644144670014e-07,8.924896646094341,0.0,10.0,1.2155778647850371e-06,0.0,1.3287166666688991e-06,2.544294531453936e-06,0.0,Canada,CAN,ontario,,,Windows-10-10.0.26200-SP0,3.11.9,3.2.6,8.0,Intel(R) Core(TM) i7-1065G7 CPU @ 1.30GHz,0.0,,-75.6718,45.3316,15.595848083496094,process,0.0,0.0,0.0,0.0,N,1.0,0.0
2026-07-31T12:14:04,codecarbon,4eab3007-b4bf-4ab7-aee8-a7837ae5b196,5b0fa12a-3dd7-45bb-9766-cc326314d9f1,0.9777383000000556,3.362588181137645e-07,3.439149495460548e-07,9.447406423951328,0.0,10.0,2.5385244043862254e-06,0.0,2.656881111104465e-06,5.1954055154906905e-06,0.0,Canada,CAN,ontario,,,Windows-10-10.0.26200-SP0,3.11.9,3.2.6,8.0,Intel(R) Core(TM) i7-1065G7 CPU @ 1.30GHz,0.0,,-75.6718,45.3316,15.595848083496094,process,0.0,0.0,0.0,0.0,N,1.0,0.0
2026-07-31T12:14:09,codecarbon,ddbb52c0-c793-40e4-b065-3e107d6d2310,5b0fa12a-3dd7-45bb-9766-cc326314d9f1,0.546247599999333,1.4666027261004972e-07,2.6848680453740904e-07,5.402738682875754,0.0,10.0,8.045050087447493e-07,0.0,1.4614863888810865e-06,2.2659913976258354e-06,0.0,Canada,CAN,ontario,,,Windows-10-10.0.26200-SP0,3.11.9,3.2.6,8.0,Intel(R) Core(TM) i7-1065G7 CPU @ 1.30GHz,0.0,,-75.6718,45.3316,15.595848083496094,process,0.0,0.0,0.0,0.0,N,1.0,0.0
2026-07-31T12:14:10,codecarbon,38b82228-fda5-41c1-bd42-6d94386cbb58,5b0fa12a-3dd7-45bb-9766-cc326314d9f1,1.4637736000004224,4.629671960897221e-07,3.162833351343326e-07,7.821704585027548,0.0,10.0,3.153795372004601e-06,0.0,3.999332499996752e-06,7.153127872001354e-06,0.0,Canada,CAN,ontario,,,Windows-10-10.0.26200-SP0,3.11.9,3.2.6,8.0,Intel(R) Core(TM) i7-1065G7 CPU @ 1.30GHz,0.0,,-75.6718,45.3316,15.595848083496094,process,0.0,0.0,71.6,11.172027587890623,N,1.0,0.0
2026-07-31T12:14:14,codecarbon,3ceb9e1e-a2e2-4b4b-a3d7-e06eedd952f9,5b0fa12a-3dd7-45bb-9766-cc326314d9f1,0.4521956000025966,1.536383930018278e-07,3.397609198341284e-07,9.545022644112448,0.0,10.0,1.1725895931788117e-06,0.0,1.201218055555526e-06,2.3738076487343376e-06,0.0,Canada,CAN,ontario,,,Windows-10-10.0.26200-SP0,3.11.9,3.2.6,8.0,Intel(R) Core(TM) i7-1065G7 CPU @ 1.30GHz,0.0,,-75.6718,45.3316,15.595848083496094,process,0.0,0.0,0.0,0.0,N,1.0,0.0
2026-07-31T12:14:15,codecarbon,fbb48358-c8a9-427d-b450-1081b80e4548,5b0fa12a-3dd7-45bb-9766-cc326314d9f1,1.0964069000001473,3.944649459256541e-07,3.597797003335177e-07,10.35663838859937,0.0,10.0,3.119374316201878e-06,0.0,2.975351666676337e-06,6.094725982878216e-06,0.0,Canada,CAN,ontario,,,Windows-10-10.0.26200-SP0,3.11.9,3.2.6,8.0,Intel(R) Core(TM) i7-1065G7 CPU @ 1.30GHz,0.0,,-75.6718,45.3316,15.595848083496094,process,0.0,0.0,71.7,11.188060760498049,N,1.0,0.0
2026-07-31T12:14:19,codecarbon,ed1e06ce-984e-4716-83bf-1256e0622355,5b0fa12a-3dd7-45bb-9766-cc326314d9f1,0.3986009000000194,1.5599253554298858e-07,3.913501839634105e-07,12.600355398351368,0.0,10.0,1.3611950430747584e-06,0.0,1.0489855555533722e-06,2.4101805986281304e-06,0.0,Canada,CAN,ontario,,,Windows-10-10.0.26200-SP0,3.11.9,3.2.6,8.0,Intel(R) Core(TM) i7-1065G7 CPU @ 1.30GHz,0.0,,-75.6718,45.3316,15.595848083496094,process,0.0,0.0,0.0,0.0,N,1.0,0.0
2026-07-31T12:14:20,codecarbon,f199bd8b-9b31-4fd4-b973-f2704234debf,5b0fa12a-3dd7-45bb-9766-cc326314d9f1,0.4879553999999189,1.8471354882649202e-07,3.785459671652832e-07,11.943110908912312,0.0,10.0,1.577120970828646e-06,0.0,1.2768169444421398e-06,2.8539379152707857e-06,0.0,Canada,CAN,ontario,,,Windows-10-10.0.26200-SP0,3.11.9,3.2.6,8.0,Intel(R) Core(TM) i7-1065G7 CPU @ 1.30GHz,0.0,,-75.6718,45.3316,15.595848083496094,process,0.0,0.0,0.0,0.0,N,1.0,0.0
2026-07-31T12:14:25,codecarbon,247ad8a0-df0c-4678-882a-13b85f9a96df,5b0fa12a-3dd7-45bb-9766-cc326314d9f1,0.6922234000012395,2.707732666876392e-07,3.911645672295309e-07,12.34237550045656,0.0,10.0,2.3300395880361744e-06,0.0,1.8535738888911308e-06,4.183613476927306e-06,0.0,Canada,CAN,ontario,,,Windows-10-10.0.26200-SP0,3.11.9,3.2.6,8.0,Intel(R) Core(TM) i7-1065G7 CPU @ 1.30GHz,0.0,,-75.6718,45.3316,15.595848083496094,process,0.0,0.0,0.0,0.0,N,1.0,0.0
2026-07-31T12:14:25,codecarbon,891b5b26-4e81-411f-8176-d2ecc2c18891,5b0fa12a-3dd7-45bb-9766-cc326314d9f1,0.172607100001187,5.532577061092015e-08,3.205300976062958e-07,9.930638335568718,0.0,10.0,4.424074551943933e-07,0.0,4.12409722220117e-07,8.548171774145103e-07,0.0,Canada,CAN,ontario,,,Windows-10-10.0.26200-SP0,3.11.9,3.2.6,8.0,Intel(R) Core(TM) i7-1065G7 CPU @ 1.30GHz,0.0,,-75.6718,45.3316,15.595848083496094,process,0.0,0.0,0.0,0.0,N,1.0,0.0
2026-07-31T12:14:30,codecarbon,5a246dd5-0505-4789-b48e-cf8b5f6ee0d9,5b0fa12a-3dd7-45bb-9766-cc326314d9f1,0.4203454999988025,1.0816282892068484e-07,2.573188696465003e-07,5.00832839343822,0.0,10.0,5.686972193961285e-07,0.0,1.1024849999961994e-06,1.671182219392328e-06,0.0,Canada,CAN,ontario,,,Windows-10-10.0.26200-SP0,3.11.9,3.2.6,8.0,Intel(R) Core(TM) i7-1065G7 CPU @ 1.30GHz,0.0,,-75.6718,45.3316,15.595848083496094,process,0.0,0.0,0.0,0.0,N,1.0,0.0
2026-07-31T12:14:31,codecarbon,4c3b370d-fd39-4a9f-8b95-ba351c640937,5b0fa12a-3dd7-45bb-9766-cc326314d9f1,1.6193003000007593,5.774855530630457e-07,3.566265954886657e-07,10.081715890878478,0.0,10.0,4.4985644080079215e-06,0.0,4.423942500003856e-06,8.922506908011779e-06,0.0,Canada,CAN,ontario,,,Windows-10-10.0.26200-SP0,3.11.9,3.2.6,8.0,Intel(R) Core(TM) i7-1065G7 CPU @ 1.30GHz,0.0,,-75.6718,45.3316,15.595848083496094,process,0.0,0.0,70.4,10.97848892211914,N,1.0,0.0
2026-07-31T12:14:35,codecarbon,c118b8d8-8755-48fd-a100-d312f3e9e115,5b0fa12a-3dd7-45bb-9766-cc326314d9f1,0.369153899999219,1.389806274996954e-07,3.764842454596562e-07,12.067668508374105,0.0,10.0,1.1923567137806345e-06,0.0,9.549794444461036e-07,2.147336158226738e-06,0.0,Canada,CAN,ontario,,,Windows-10-10.0.26200-SP0,3.11.9,3.2.6,8.0,Intel(R) Core(TM) i7-1065G7 CPU @ 1.30GHz,0.0,,-75.6718,45.3316,15.595848083496094,process,0.0,0.0,0.0,0.0,N,1.0,0.0
2026-07-31T12:14:37,codecarbon,cef8bc00-f673-4264-b4b0-89ec3e3a8885,5b0fa12a-3dd7-45bb-9766-cc326314d9f1,1.1977850000002943,4.766506069034305e-07,3.9794337623472754e-07,12.465003055438348,0.0,10.0,4.1122083167442034e-06,0.0,3.2523366666686745e-06,7.364544983412877e-06,0.0,Canada,CAN,ontario,,,Windows-10-10.0.26200-SP0,3.11.9,3.2.6,8.0,Intel(R) Core(TM) i7-1065G7 CPU @ 1.30GHz,0.0,,-75.6718,45.3316,15.595848083496094,process,0.0,0.0,70.4,10.976726531982422,N,1.0,0.0
2026-07-31T12:14:40,codecarbon,4325af59-e946-4ace-96c2-ed961c02251b,5b0fa12a-3dd7-45bb-9766-cc326314d9f1,0.4524427000033029,1.775892688333156e-07,3.925121763087772e-07,12.703121803796847,0.0,10.0,1.5542050751019e-06,0.0,1.189658333340857e-06,2.743863408442757e-06,0.0,Canada,CAN,ontario,,,Windows-10-10.0.26200-SP0,3.11.9,3.2.6,8.0,Intel(R) Core(TM) i7-1065G7 CPU @ 1.30GHz,0.0,,-75.6718,45.3316,15.595848083496094,process,0.0,0.0,0.0,0.0,N,1.0,0.0
2026-07-31T12:14:42,codecarbon,94048cb8-a423-4577-a424-a82bb2d050f6,5b0fa12a-3dd7-45bb-9766-cc326314d9f1,0.9441341999990982,3.77416947188081e-07,3.997492593621135e-07,12.60394632917907,0.0,10.0,3.268406696839406e-06,0.0,2.5629172222175435e-06,5.831323919056949e-06,0.0,Canada,CAN,ontario,,,Windows-10-10.0.26200-SP0,3.11.9,3.2.6,8.0,Intel(R) Core(TM) i7-1065G7 CPU @ 1.30GHz,0.0,,-75.6718,45.3316,15.595848083496094,process,0.0,0.0,0.0,0.0,N,1.0,0.0
2026-07-31T12:14:45,codecarbon,081f68fd-8ced-472d-a94e-22b14ee7ba00,5b0fa12a-3dd7-45bb-9766-cc326314d9f1,0.3752451000000292,1.4576665571360956e-07,3.88457186285972e-07,12.730213787157034,0.0,10.0,1.2822355781787209e-06,0.0,9.699488888852808e-07,2.2521844670640017e-06,0.0,Canada,CAN,ontario,,,Windows-10-10.0.26200-SP0,3.11.9,3.2.6,8.0,Intel(R) Core(TM) i7-1065G7 CPU @ 1.30GHz,0.0,,-75.6718,45.3316,15.595848083496094,process,0.0,0.0,0.0,0.0,N,1.0,0.0
2026-07-31T12:14:47,codecarbon,798735a7-d715-4711-a6bd-bbf551e8730e,5b0fa12a-3dd7-45bb-9766-cc326314d9f1,0.5288758000024245,2.0974606999073525e-07,3.9658851849484073e-07,12.74613495751093,0.0,10.0,1.8376640938385527e-06,0.0,1.4030416666678826e-06,3.240705760506436e-06,0.0,Canada,CAN,ontario,,,Windows-10-10.0.26200-SP0,3.11.9,3.2.6,8.0,Intel(R) Core(TM) i7-1065G7 CPU @ 1.30GHz,0.0,,-75.6718,45.3316,15.595848083496094,process,0.0,0.0,0.0,0.0,N,1.0,0.0
2026-07-31T12:14:50,codecarbon,acddced2-465a-4616-9073-7b1fc455c850,5b0fa12a-3dd7-45bb-9766-cc326314d9f1,0.2145469000024604,7.692536423780527e-08,3.585480108867715e-07,11.71355273207798,0.0,10.0,6.589075145180359e-07,0.0,5.296366666698305e-07,1.1885441811878664e-06,0.0,Canada,CAN,ontario,,,Windows-10-10.0.26200-SP0,3.11.9,3.2.6,8.0,Intel(R) Core(TM) i7-1065G7 CPU @ 1.30GHz,0.0,,-75.6718,45.3316,15.595848083496094,process,0.0,0.0,0.0,0.0,N,1.0,0.0
2026-07-31T12:14:52,codecarbon,094bdf6d-a5fc-4980-bf69-87eb7db6c087,5b0fa12a-3dd7-45bb-9766-cc326314d9f1,0.303908699999738,1.085885680085507e-07,3.573065463694994e-07,10.874493589509038,0.0,10.0,8.885307056600701e-07,0.0,7.892294444395198e-07,1.6777601500995898e-06,0.0,Canada,CAN,ontario,,,Windows-10-10.0.26200-SP0,3.11.9,3.2.6,8.0,Intel(R) Core(TM) i7-1065G7 CPU @ 1.30GHz,0.0,,-75.6718,45.3316,15.595848083496094,process,0.0,0.0,0.0,0.0,N,1.0,0.0
2026-07-31T12:14:55,codecarbon,80c37bec-d62d-44f0-a35a-fe27e52de186,5b0fa12a-3dd7-45bb-9766-cc326314d9f1,0.3613201000007393,1.302015737139285e-07,3.603496559246554e-07,11.263180531416468,0.0,10.0,1.0831813231701547e-06,0.0,9.285130555629924e-07,2.011694378733147e-06,0.0,Canada,CAN,ontario,,,Windows-10-10.0.26200-SP0,3.11.9,3.2.6,8.0,Intel(R) Core(TM) i7-1065G7 CPU @ 1.30GHz,0.0,,-75.6718,45.3316,15.595848083496094,process,0.0,0.0,0.0,0.0,N,1.0,0.0
2026-07-31T12:14:57,codecarbon,361e9831-0d5e-465f-8db1-86ece317551f,5b0fa12a-3dd7-45bb-9766-cc326314d9f1,0.5814203999980236,2.3147312005199979e-07,3.981166124421961e-07,12.707137644213775,0.0,10.0,2.016984544574451e-06,0.0,1.5594174999932877e-06,3.576402044567738e-06,0.0,Canada,CAN,ontario,,,Windows-10-10.0.26200-SP0,3.11.9,3.2.6,8.0,Intel(R) Core(TM) i7-1065G7 CPU @ 1.30GHz,0.0,,-75.6718,45.3316,15.595848083496094,process,0.0,0.0,0.0,0.0,N,1.0,0.0
2026-07-31T12:15:00,codecarbon,e53b912e-2cec-4d67-af4f-e2f27f8106e5,5b0fa12a-3dd7-45bb-9766-cc326314d9f1,1.1572024999986752,4.491326625053856e-07,3.881193330518209e-07,11.914105563039676,0.0,10.0,3.790507765302352e-06,0.0,3.148868055551349e-06,6.9393758208537e-06,0.0,Canada,CAN,ontario,,,Windows-10-10.0.26200-SP0,3.11.9,3.2.6,8.0,Intel(R) Core(TM) i7-1065G7 CPU @ 1.30GHz,0.0,,-75.6718,45.3316,15.595848083496094,process,0.0,0.0,70.3,10.964759826660156,N,1.0,0.0
2026-07-31T12:15:02,codecarbon,a5e4dfb2-727a-44fe-9a8a-de0d14b485a5,5b0fa12a-3dd7-45bb-9766-cc326314d9f1,0.2821146999995108,1.0597247848065156e-07,3.756361454430957e-07,12.043878184439896,0.0,10.0,9.110785692920064e-07,0.0,7.262613888896239e-07,1.6373399581816304e-06,0.0,Canada,CAN,ontario,,,Windows-10-10.0.26200-SP0,3.11.9,3.2.6,8.0,Intel(R) Core(TM) i7-1065G7 CPU @ 1.30GHz,0.0,,-75.6718,45.3316,15.595848083496094,process,0.0,0.0,0.0,0.0,N,1.0,0.0
2026-07-31T12:15:06,codecarbon,81af0705-16bb-4ce3-961f-12ca3f01b166,5b0fa12a-3dd7-45bb-9766-cc326314d9f1,1.01389239999844,4.115820863059796e-07,4.059425697506095e-07,12.982888449673515,0.0,10.0,3.6111568831512058e-06,0.0,2.7480394444460723e-06,6.359196327597278e-06,0.0,Canada,CAN,ontario,,,Windows-10-10.0.26200-SP0,3.11.9,3.2.6,8.0,Intel(R) Core(TM) i7-1065G7 CPU @ 1.30GHz,0.0,,-75.6718,45.3316,15.595848083496094,process,0.0,0.0,0.0,0.0,N,1.0,0.0
2026-07-31T12:15:07,codecarbon,a8c7da2a-dd47-4106-997d-1430f69bb720,5b0fa12a-3dd7-45bb-9766-cc326314d9f1,0.2923636000014085,1.1540703341096609e-07,3.9473803650799924e-07,13.13704510634482,0.0,10.0,1.0283938001073997e-06,0.0,7.547158333383979e-07,1.7831096334457973e-06,0.0,Canada,CAN,ontario,,,Windows-10-10.0.26200-SP0,3.11.9,3.2.6,8.0,Intel(R) Core(TM) i7-1065G7 CPU @ 1.30GHz,0.0,,-75.6718,45.3316,15.595848083496094,process,0.0,0.0,0.0,0.0,N,1.0,0.0
2026-07-31T12:15:11,codecarbon,069a4e4d-5784-444c-be83-6b01ad55d1f2,5b0fa12a-3dd7-45bb-9766-cc326314d9f1,0.8561148999979196,3.388526398287264e-07,3.958027594538418e-07,12.486643146964743,0.0,10.0,2.927775822675174e-06,0.0,2.30770583333045e-06,5.235481656005624e-06,0.0,Canada,CAN,ontario,,,Windows-10-10.0.26200-SP0,3.11.9,3.2.6,8.0,Intel(R) Core(TM) i7-1065G7 CPU @ 1.30GHz,0.0,,-75.6718,45.3316,15.595848083496094,process,0.0,0.0,0.0,0.0,N,1.0,0.0
2026-07-31T12:15:12,codecarbon,4c5e7761-c035-45d5-9275-c2c1a1714051,5b0fa12a-3dd7-45bb-9766-cc326314d9f1,0.3217651999984809,1.0245155052039729e-07,3.1840469547633165e-07,8.624028287499156,0.0,10.0,7.464822338527991e-07,0.0,8.364572222186932e-07,1.5829394560714922e-06,0.0,Canada,CAN,ontario,,,Windows-10-10.0.26200-SP0,3.11.9,3.2.6,8.0,Intel(R) Core(TM) i7-1065G7 CPU @ 1.30GHz,0.0,,-75.6718,45.3316,15.595848083496094,process,0.0,0.0,0.0,0.0,N,1.0,0.0
2026-07-31T12:15:16,codecarbon,0f2e4136-b98f-4e0f-bf34-2c551512bd18,5b0fa12a-3dd7-45bb-9766-cc326314d9f1,0.2465075999971304,9.548812275923741e-08,3.873638085006262e-07,13.149896838374415,0.0,10.0,8.56537159588089e-07,0.0,6.188130555528915e-07,1.4753502151409804e-06,0.0,Canada,CAN,ontario,,,Windows-10-10.0.26200-SP0,3.11.9,3.2.6,8.0,Intel(R) Core(TM) i7-1065G7 CPU @ 1.30GHz,0.0,,-75.6718,45.3316,15.595848083496094,process,0.0,0.0,0.0,0.0,N,1.0,0.0
2026-07-31T12:15:17,codecarbon,5483d695-d8ef-47bb-a003-9e62697abbb3,5b0fa12a-3dd7-45bb-9766-cc326314d9f1,0.2850384999983362,9.786484742292058e-08,3.433390486670812e-07,10.145004216787251,0.0,10.0,7.754184616069602e-07,0.0,7.366536111072087e-07,1.5120720727141689e-06,0.0,Canada,CAN,ontario,,,Windows-10-10.0.26200-SP0,3.11.9,3.2.6,8.0,Intel(R) Core(TM) i7-1065G7 CPU @ 1.30GHz,0.0,,-75.6718,45.3316,15.595848083496094,process,0.0,0.0,0.0,0.0,N,1.0,0.0
2026-07-31T12:15:21,codecarbon,f6fd08eb-00c8-4b59-8f16-bc00bd2bebb1,5b0fa12a-3dd7-45bb-9766-cc326314d9f1,0.3633860000009008,1.268513750626254e-07,3.490816241195614e-07,10.425785232510496,0.0,10.0,1.0177361938823562e-06,0.0,9.421955555505216e-07,1.959931749432878e-06,0.0,Canada,CAN,ontario,,,Windows-10-10.0.26200-SP0,3.11.9,3.2.6,8.0,Intel(R) Core(TM) i7-1065G7 CPU @ 1.30GHz,0.0,,-75.6718,45.3316,15.595848083496094,process,0.0,0.0,0.0,0.0,N,1.0,0.0
2026-07-31T12:15:22,codecarbon,f2bc47d1-b397-4d0a-b1de-ed5bee45ae51,5b0fa12a-3dd7-45bb-9766-cc326314d9f1,0.6708419999995385,2.219081472211301e-07,3.307904800553373e-07,8.833161324111586,0.0,10.0,1.6212214992082782e-06,0.0,1.8073958333338344e-06,3.428617332542113e-06,0.0,Canada,CAN,ontario,,,Windows-10-10.0.26200-SP0,3.11.9,3.2.6,8.0,Intel(R) Core(TM) i7-1065G7 CPU @ 1.30GHz,0.0,,-75.6718,45.3316,15.595848083496094,process,0.0,0.0,0.0,0.0,N,1.0,0.0
2026-07-31T12:15:26,codecarbon,fbb281af-f50b-4a6b-a8a8-ef00427ca034,5b0fa12a-3dd7-45bb-9766-cc326314d9f1,0.2956145999996806,1.1237307506592205e-07,3.8013371148124433e-07,12.74643276802917,0.0,10.0,9.953586668983098e-07,0.0,7.408744444445701e-07,1.73623311134288e-06,0.0,Canada,CAN,ontario,,,Windows-10-10.0.26200-SP0,3.11.9,3.2.6,8.0,Intel(R) Core(TM) i7-1065G7 CPU @ 1.30GHz,0.0,,-75.6718,45.3316,15.595848083496094,process,0.0,0.0,0.0,0.0,N,1.0,0.0
2026-07-31T12:15:28,codecarbon,ffb495fc-86b9-44fa-b162-1fcafc93aca6,5b0fa12a-3dd7-45bb-9766-cc326314d9f1,1.1462338000019372,4.3542394877256106e-07,3.798735901626921e-07,11.40319485776993,0.0,10.0,3.598749152667921e-06,0.0,3.128818611114386e-06,6.727567763782307e-06,0.0,Canada,CAN,ontario,,,Windows-10-10.0.26200-SP0,3.11.9,3.2.6,8.0,Intel(R) Core(TM) i7-1065G7 CPU @ 1.30GHz,0.0,,-75.6718,45.3316,15.595848083496094,process,0.0,0.0,70.6,11.005657196044922,N,1.0,0.0
2026-07-31T12:15:31,codecarbon,e275b4f3-fe35-4c5f-8f15-188df99db721,5b0fa12a-3dd7-45bb-9766-cc326314d9f1,0.3475542999985919,1.3340668429175456e-07,3.838441483598248e-07,12.665300190936232,0.0,10.0,1.171165585860927e-06,0.0,8.900497222182619e-07,2.061215308079189e-06,0.0,Canada,CAN,ontario,,,Windows-10-10.0.26200-SP0,3.11.9,3.2.6,8.0,Intel(R) Core(TM) i7-1065G7 CPU @ 1.30GHz,0.0,,-75.6718,45.3316,15.595848083496094,process,0.0,0.0,0.0,0.0,N,1.0,0.0
2026-07-31T12:15:33,codecarbon,016124d6-4c13-429a-b3b4-e4dc078fe4da,5b0fa12a-3dd7-45bb-9766-cc326314d9f1,0.4684056000005512,1.790715253624824e-07,3.8230013766332346e-07,12.059577416002773,0.0,10.0,1.5331893499631089e-06,0.0,1.2335758333392732e-06,2.7667651833023822e-06,0.0,Canada,CAN,ontario,,,Windows-10-10.0.26200-SP0,3.11.9,3.2.6,8.0,Intel(R) Core(TM) i7-1065G7 CPU @ 1.30GHz,0.0,,-75.6718,45.3316,15.595848083496094,process,0.0,0.0,0.0,0.0,N,1.0,0.0
2026-07-31T12:15:36,codecarbon,04a8a2dc-b037-4b0c-a80a-e2050f14c26e,5b0fa12a-3dd7-45bb-9766-cc326314d9f1,0.2924129999992146,1.1417239248957885e-07,3.9044909935565613e-07,13.151669036377529,0.0,10.0,1.0238683942082307e-06,0.0,7.401652777843993e-07,1.76403367199263e-06,0.0,Canada,CAN,ontario,,,Windows-10-10.0.26200-SP0,3.11.9,3.2.6,8.0,Intel(R) Core(TM) i7-1065G7 CPU @ 1.30GHz,0.0,,-75.6718,45.3316,15.595848083496094,process,0.0,0.0,0.0,0.0,N,1.0,0.0
2026-07-31T12:15:38,codecarbon,cb7835e0-6508-48e4-8d66-f7d64e935673,5b0fa12a-3dd7-45bb-9766-cc326314d9f1,0.3544726000000082,1.317220463122803e-07,3.716000794201786e-07,11.60330948909533,0.0,10.0,1.1093363375908566e-06,0.0,9.258502777710318e-07,2.0351866153618883e-06,0.0,Canada,CAN,ontario,,,Windows-10-10.0.26200-SP0,3.11.9,3.2.6,8.0,Intel(R) Core(TM) i7-1065G7 CPU @ 1.30GHz,0.0,,-75.6718,45.3316,15.595848083496094,process,0.0,0.0,0.0,0.0,N,1.0,0.0
2026-07-31T12:15:41,codecarbon,9f1cc13f-df78-4e9d-aa7b-1869191c6921,5b0fa12a-3dd7-45bb-9766-cc326314d9f1,0.167971299997589,6.30790543010733e-08,3.7553471516847626e-07,13.165126556850142,0.0,10.0,5.721940670469596e-07,0.0,4.0241611110711044e-07,9.7461017815407e-07,0.0,Canada,CAN,ontario,,,Windows-10-10.0.26200-SP0,3.11.9,3.2.6,8.0,Intel(R) Core(TM) i7-1065G7 CPU @ 1.30GHz,0.0,,-75.6718,45.3316,15.595848083496094,process,0.0,0.0,0.0,0.0,N,1.0,0.0
2026-07-31T12:15:43,codecarbon,8d1646ed-def7-4b42-b856-091581dcac02,5b0fa12a-3dd7-45bb-9766-cc326314d9f1,1.2051451999977871,4.904109076532664e-07,4.069309720141333e-07,12.913571011962125,0.0,10.0,4.285560091623629e-06,0.0,3.2915899999958734e-06,7.5771500916195025e-06,0.0,Canada,CAN,ontario,,,Windows-10-10.0.26200-SP0,3.11.9,3.2.6,8.0,Intel(R) Core(TM) i7-1065G7 CPU @ 1.30GHz,0.0,,-75.6718,45.3316,15.595848083496094,process,0.0,0.0,70.4,10.984546661376951,N,1.0,0.0
2026-07-31T12:15:47,codecarbon,93a17ce6-a08d-4231-acd5-02297cf4bb6b,5b0fa12a-3dd7-45bb-9766-cc326314d9f1,0.3453207000020484,1.2640309577034004e-07,3.660455216544801e-07,11.52410873763231,0.0,10.0,1.0684433364766226e-06,0.0,8.845622222300639e-07,1.9530055587066866e-06,0.0,Canada,CAN,ontario,,,Windows-10-10.0.26200-SP0,3.11.9,3.2.6,8.0,Intel(R) Core(TM) i7-1065G7 CPU @ 1.30GHz,0.0,,-75.6718,45.3316,15.595848083496094,process,0.0,0.0,0.0,0.0,N,1.0,0.0
2026-07-31T12:15:48,codecarbon,215da4d4-3546-4911-be69-34208433b1b1,5b0fa12a-3dd7-45bb-9766-cc326314d9f1,0.3966142999997828,1.5100497711247318e-07,3.807350796795674e-07,12.012010830404815,0.0,10.0,1.2892694761061685e-06,0.0,1.0438502777712229e-06,2.333119753877391e-06,0.0,Canada,CAN,ontario,,,Windows-10-10.0.26200-SP0,3.11.9,3.2.6,8.0,Intel(R) Core(TM) i7-1065G7 CPU @ 1.30GHz,0.0,,-75.6718,45.3316,15.595848083496094,process,0.0,0.0,0.0,0.0,N,1.0,0.0
2026-07-31T12:15:51,codecarbon,507e243b-9faf-4492-bd5f-dc094c593d1a,5b0fa12a-3dd7-45bb-9766-cc326314d9f1,0.2754052999989653,1.0854341287055509e-07,3.941224546911873e-07,13.399481242817693,0.0,10.0,9.801638643370252e-07,0.0,6.968986111132836e-07,1.677062475450309e-06,0.0,Canada,CAN,ontario,,,Windows-10-10.0.26200-SP0,3.11.9,3.2.6,8.0,Intel(R) Core(TM) i7-1065G7 CPU @ 1.30GHz,0.0,,-75.6718,45.3316,15.595848083496094,process,0.0,0.0,0.0,0.0,N,1.0,0.0
2026-07-31T12:15:53,codecarbon,c1e8294e-6bd9-46e5-a575-276c52b4e18d,5b0fa12a-3dd7-45bb-9766-cc326314d9f1,0.3829449000004388,1.4236433019565653e-07,3.717619171726622e-07,11.561786973739336,0.0,10.0,1.195224778950105e-06,0.0,1.0043916666695117e-06,2.199616445619617e-06,0.0,Canada,CAN,ontario,,,Windows-10-10.0.26200-SP0,3.11.9,3.2.6,8.0,Intel(R) Core(TM) i7-1065G7 CPU @ 1.30GHz,0.0,,-75.6718,45.3316,15.595848083496094,process,0.0,0.0,0.0,0.0,N,1.0,0.0
2026-07-31T12:15:57,codecarbon,90140775-c548-4de7-b265-9e8ae49e9602,5b0fa12a-3dd7-45bb-9766-cc326314d9f1,0.5372752000002947,2.102595133516762e-07,3.913441628267243e-07,12.619534809842031,0.0,10.0,1.83202238726898e-06,0.0,1.416616388895717e-06,3.248638776164697e-06,0.0,Canada,CAN,ontario,,,Windows-10-10.0.26200-SP0,3.11.9,3.2.6,8.0,Intel(R) Core(TM) i7-1065G7 CPU @ 1.30GHz,0.0,,-75.6718,45.3316,15.595848083496094,process,0.0,0.0,0.0,0.0,N,1.0,0.0
2026-07-31T12:15:58,codecarbon,a2f64dce-78d8-4cba-956f-230fd65a79bc,5b0fa12a-3dd7-45bb-9766-cc326314d9f1,0.385114100001374,1.4497475520715768e-07,3.764462407547281e-07,11.751372049142732,0.0,10.0,1.225121339499251e-06,0.0,1.0148277777766958e-06,2.2399491172759465e-06,0.0,Canada,CAN,ontario,,,Windows-10-10.0.26200-SP0,3.11.9,3.2.6,8.0,Intel(R) Core(TM) i7-1065G7 CPU @ 1.30GHz,0.0,,-75.6718,45.3316,15.595848083496094,process,0.0,0.0,0.0,0.0,N,1.0,0.0
2026-07-31T12:16:02,codecarbon,f34e0420-8f19-4f21-94e9-8480141588e8,5b0fa12a-3dd7-45bb-9766-cc326314d9f1,0.5194984000008844,2.060639341581903e-07,3.966594202365963e-07,12.818028400866323,0.0,10.0,1.8068631087480328e-06,0.0,1.376951388889817e-06,3.1838144976378496e-06,0.0,Canada,CAN,ontario,,,Windows-10-10.0.26200-SP0,3.11.9,3.2.6,8.0,Intel(R) Core(TM) i7-1065G7 CPU @ 1.30GHz,0.0,,-75.6718,45.3316,15.595848083496094,process,0.0,0.0,0.0,0.0,N,1.0,0.0
2026-07-31T12:16:03,codecarbon,2b7d8968-03ff-45ba-90f8-bbe61204e399,5b0fa12a-3dd7-45bb-9766-cc326314d9f1,0.407931900001131,1.5465617490672696e-07,3.791225322322137e-07,11.84632086733115,0.0,10.0,1.3119010605867966e-06,0.0,1.0776319444428535e-06,2.3895330050296503e-06,0.0,Canada,CAN,ontario,,,Windows-10-10.0.26200-SP0,3.11.9,3.2.6,8.0,Intel(R) Core(TM) i7-1065G7 CPU @ 1.30GHz,0.0,,-75.6718,45.3316,15.595848083496094,process,0.0,0.0,0.0,0.0,N,1.0,0.0
2026-07-31T12:16:07,codecarbon,233bc852-fb8f-45b9-a4c4-2c0fa4b126d6,5b0fa12a-3dd7-45bb-9766-cc326314d9f1,0.3431324000011955,1.2992858700022257e-07,3.78654382389334e-07,12.502398269757382,0.0,10.0,1.1387535105835074e-06,0.0,8.687230555551651e-07,2.0074765661386726e-06,0.0,Canada,CAN,ontario,,,Windows-10-10.0.26200-SP0,3.11.9,3.2.6,8.0,Intel(R) Core(TM) i7-1065G7 CPU @ 1.30GHz,0.0,,-75.6718,45.3316,15.595848083496094,process,0.0,0.0,0.0,0.0,N,1.0,0.0
2026-07-31T12:16:08,codecarbon,178a3377-8aad-46cf-83a3-f0dc66f29e87,5b0fa12a-3dd7-45bb-9766-cc326314d9f1,0.2532281999992847,9.649460286461229e-08,3.810578871740385e-07,12.617311838997844,0.0,10.0,8.476173405797508e-07,0.0,6.432836111040766e-07,1.4909009516838274e-06,0.0,Canada,CAN,ontario,,,Windows-10-10.0.26200-SP0,3.11.9,3.2.6,8.0,Intel(R) Core(TM) i7-1065G7 CPU @ 1.30GHz,0.0,,-75.6718,45.3316,15.595848083496094,process,0.0,0.0,0.0,0.0,N,1.0,0.0
2026-07-31T12:16:12,codecarbon,8f982767-dea3-4137-8752-429899749d6e,5b0fa12a-3dd7-45bb-9766-cc326314d9f1,1.074007100000017,3.970981683023642e-07,3.697351426283477e-07,10.927333191443113,0.0,10.0,3.223273110065186e-06,0.0,2.9121377777806223e-06,6.135410887845808e-06,0.0,Canada,CAN,ontario,,,Windows-10-10.0.26200-SP0,3.11.9,3.2.6,8.0,Intel(R) Core(TM) i7-1065G7 CPU @ 1.30GHz,0.0,,-75.6718,45.3316,15.595848083496094,process,0.0,0.0,69.8,10.890167236328123,N,1.0,0.0
2026-07-31T12:16:13,codecarbon,c8e46f0a-2ea9-4148-a97c-7a70caef6992,5b0fa12a-3dd7-45bb-9766-cc326314d9f1,0.5653275000004214,2.159289046889984e-07,3.819536546317619e-07,11.80690070674269,0.0,10.0,1.8224826919371949e-06,0.0,1.51375166666791e-06,3.336234358605105e-06,0.0,Canada,CAN,ontario,,,Windows-10-10.0.26200-SP0,3.11.9,3.2.6,8.0,Intel(R) Core(TM) i7-1065G7 CPU @ 1.30GHz,0.0,,-75.6718,45.3316,15.595848083496094,process,0.0,0.0,0.0,0.0,N,1.0,0.0
2026-07-31T12:16:17,codecarbon,8945e77e-be52-4d6e-9d7b-89e21be6f4c9,5b0fa12a-3dd7-45bb-9766-cc326314d9f1,0.3895218999969074,1.4892108417978814e-07,3.8231761598249154e-07,12.265515875767992,0.0,10.0,1.286177326623991e-06,0.0,1.014744999995148e-06,2.300922326619139e-06,0.0,Canada,CAN,ontario,,,Windows-10-10.0.26200-SP0,3.11.9,3.2.6,8.0,Intel(R) Core(TM) i7-1065G7 CPU @ 1.30GHz,0.0,,-75.6718,45.3316,15.595848083496094,process,0.0,0.0,0.0,0.0,N,1.0,0.0
2026-07-31T12:16:18,codecarbon,9a3781ff-273c-42e3-bc30-e259f6129512,5b0fa12a-3dd7-45bb-9766-cc326314d9f1,0.4106743000011192,1.5662403103711933e-07,3.813825969550384e-07,12.245209378759869,0.0,10.0,1.3526578701213932e-06,0.0,1.067279722216578e-06,2.419937592337971e-06,0.0,Canada,CAN,ontario,,,Windows-10-10.0.26200-SP0,3.11.9,3.2.6,8.0,Intel(R) Core(TM) i7-1065G7 CPU @ 1.30GHz,0.0,,-75.6718,45.3316,15.595848083496094,process,0.0,0.0,0.0,0.0,N,1.0,0.0
2026-07-31T12:16:22,codecarbon,9bcff6b1-44bf-4142-bace-d0dc982faf49,5b0fa12a-3dd7-45bb-9766-cc326314d9f1,0.447699600001215,1.7340484416540957e-07,3.873240989380803e-07,12.473159356446695,0.0,10.0,1.5060778630805868e-06,0.0,1.1731336111147862e-06,2.679211474195373e-06,0.0,Canada,CAN,ontario,,,Windows-10-10.0.26200-SP0,3.11.9,3.2.6,8.0,Intel(R) Core(TM) i7-1065G7 CPU @ 1.30GHz,0.0,,-75.6718,45.3316,15.595848083496094,process,0.0,0.0,0.0,0.0,N,1.0,0.0
2026-07-31T12:16:23,codecarbon,57565f48-27c1-42d3-86dd-11ec9b7d1319,5b0fa12a-3dd7-45bb-9766-cc326314d9f1,0.6654163999992306,2.635493366820132e-07,3.960667886789654e-07,12.536331700389033,0.0,10.0,2.281637093904693e-06,0.0,1.7903622222244546e-06,4.071999316129148e-06,0.0,Canada,CAN,ontario,,,Windows-10-10.0.26200-SP0,3.11.9,3.2.6,8.0,Intel(R) Core(TM) i7-1065G7 CPU @ 1.30GHz,0.0,,-75.6718,45.3316,15.595848083496094,process,0.0,0.0,0.0,0.0,N,1.0,0.0
2026-07-31T12:16:27,codecarbon,1e40fdeb-1ab5-4eea-b58c-070a26e03d80,5b0fa12a-3dd7-45bb-9766-cc326314d9f1,0.4941346999985399,1.723554029612924e-07,3.488024681565608e-07,10.104442092835896,0.0,10.0,1.3541080733701295e-06,0.0,1.3088888888887597e-06,2.662996962258889e-06,0.0,Canada,CAN,ontario,,,Windows-10-10.0.26200-SP0,3.11.9,3.2.6,8.0,Intel(R) Core(TM) i7-1065G7 CPU @ 1.30GHz,0.0,,-75.6718,45.3316,15.595848083496094,process,0.0,0.0,0.0,0.0,N,1.0,0.0
2026-07-31T12:16:28,codecarbon,720a367f-5573-4957-ba2d-e7fa640b420c,5b0fa12a-3dd7-45bb-9766-cc326314d9f1,0.2785893000000214,9.577719788707072e-08,3.437935264816823e-07,10.230621929897596,0.0,10.0,7.63622714735962e-07,0.0,7.161938888910097e-07,1.4798166036269717e-06,0.0,Canada,CAN,ontario,,,Windows-10-10.0.26200-SP0,3.11.9,3.2.6,8.0,Intel(R) Core(TM) i7-1065G7 CPU @ 1.30GHz,0.0,,-75.6718,45.3316,15.595848083496094,process,0.0,0.0,0.0,0.0,N,1.0,0.0
2026-07-31T12:16:32,codecarbon,65e3c70f-368a-456e-8371-5079b9506871,5b0fa12a-3dd7-45bb-9766-cc326314d9f1,0.2215279999982158,8.38605263241889e-08,3.785549742012944e-07,13.243481596425092,0.0,10.0,7.627108667292432e-07,0.0,5.329858333324309e-07,1.2956967000616742e-06,0.0,Canada,CAN,ontario,,,Windows-10-10.0.26200-SP0,3.11.9,3.2.6,8.0,Intel(R) Core(TM) i7-1065G7 CPU @ 1.30GHz,0.0,,-75.6718,45.3316,15.595848083496094,process,0.0,0.0,0.0,0.0,N,1.0,0.0
2026-07-31T12:16:34,codecarbon,51dd07b6-84b7-47d3-950b-437a4d8affc3,5b0fa12a-3dd7-45bb-9766-cc326314d9f1,0.979345399999147,3.842709128588046e-07,3.923752670499492e-07,12.144320335171065,0.0,10.0,3.271030514493466e-06,0.0,2.666191388885232e-06,5.937221903378698e-06,0.0,Canada,CAN,ontario,,,Windows-10-10.0.26200-SP0,3.11.9,3.2.6,8.0,Intel(R) Core(TM) i7-1065G7 CPU @ 1.30GHz,0.0,,-75.6718,45.3316,15.595848083496094,process,0.0,0.0,0.0,0.0,N,1.0,0.0
2026-07-31T12:16:37,codecarbon,5bd3c096-a69f-40b4-9bdb-46c3b9ce9887,5b0fa12a-3dd7-45bb-9766-cc326314d9f1,0.2672436999964702,1.0210655967762513e-07,3.820728409274897e-07,12.73957630862963,0.0,10.0,9.030983020719016e-07,0.0,6.74510833333544e-07,1.5776091354054456e-06,0.0,Canada,CAN,ontario,,,Windows-10-10.0.26200-SP0,3.11.9,3.2.6,8.0,Intel(R) Core(TM) i7-1065G7 CPU @ 1.30GHz,0.0,,-75.6718,45.3316,15.595848083496094,process,0.0,0.0,0.0,0.0,N,1.0,0.0
2026-07-31T12:16:40,codecarbon,92809e1e-df3e-4410-add6-c61c69476530,5b0fa12a-3dd7-45bb-9766-cc326314d9f1,1.2085520000000542,4.5483316372251253e-07,3.763455471692506e-07,11.185120032198547,0.0,10.0,3.725605958950589e-06,0.0,3.301846111116902e-06,7.027452070067491e-06,0.0,Canada,CAN,ontario,,,Windows-10-10.0.26200-SP0,3.11.9,3.2.6,8.0,Intel(R) Core(TM) i7-1065G7 CPU @ 1.30GHz,0.0,,-75.6718,45.3316,15.595848083496094,process,0.0,0.0,69.5,10.844524383544922,N,1.0,0.0
2026-07-31T12:16:42,codecarbon,384b471e-988b-40b1-a749-33700479bdc7,5b0fa12a-3dd7-45bb-9766-cc326314d9f1,0.5707134000003862,1.9310329012578855e-07,3.383542249501377e-07,9.445151173918225,0.0,10.0,1.4656954107852549e-06,0.0,1.5178691666632305e-06,2.9835645774484856e-06,0.0,Canada,CAN,ontario,,,Windows-10-10.0.26200-SP0,3.11.9,3.2.6,8.0,Intel(R) Core(TM) i7-1065G7 CPU @ 1.30GHz,0.0,,-75.6718,45.3316,15.595848083496094,process,0.0,0.0,0.0,0.0,N,1.0,0.0
2026-07-31T12:16:44,codecarbon,8b3a9682-3fab-479d-9bc3-4f628bf20910,5b0fa12a-3dd7-45bb-9766-cc326314d9f1,0.2973967000034463,1.080497445490332e-07,3.6331857262633074e-07,11.376585786576944,0.0,10.0,9.044824963029392e-07,0.0,7.649525000083991e-07,1.6694349963113383e-06,0.0,Canada,CAN,ontario,,,Windows-10-10.0.26200-SP0,3.11.9,3.2.6,8.0,Intel(R) Core(TM) i7-1065G7 CPU @ 1.30GHz,0.0,,-75.6718,45.3316,15.595848083496094,process,0.0,0.0,0.0,0.0,N,1.0,0.0
2026-07-31T12:16:47,codecarbon,353aae3f-be9d-4648-bb15-87e43741a5d6,5b0fa12a-3dd7-45bb-9766-cc326314d9f1,0.2249474999989615,8.411071954056837e-08,3.739126664708728e-07,13.007258514796204,0.0,10.0,7.594201168812925e-07,0.0,5.401422222247573e-07,1.29956233910605e-06,0.0,Canada,CAN,ontario,,,Windows-10-10.0.26200-SP0,3.11.9,3.2.6,8.0,Intel(R) Core(TM) i7-1065G7 CPU @ 1.30GHz,0.0,,-75.6718,45.3316,15.595848083496094,process,0.0,0.0,0.0,0.0,N,1.0,0.0
2026-07-31T12:16:49,codecarbon,378f9daa-fedf-42b5-8144-22f44c097aa8,5b0fa12a-3dd7-45bb-9766-cc326314d9f1,0.2831541000014113,1.1009782906833653e-07,3.888265402753758e-07,12.818255691535478,0.0,10.0,9.722963837860075e-07,0.0,7.287827777771681e-07,1.701079161563176e-06,0.0,Canada,CAN,ontario,,,Windows-10-10.0.26200-SP0,3.11.9,3.2.6,8.0,Intel(R) Core(TM) i7-1065G7 CPU @ 1.30GHz,0.0,,-75.6718,45.3316,15.595848083496094,process,0.0,0.0,0.0,0.0,N,1.0,0.0
2026-07-31T12:16:52,codecarbon,c6e3a799-e5b8-4166-98d7-11b7ba8b23f9,5b0fa12a-3dd7-45bb-9766-cc326314d9f1,0.333044000002701,1.2747590413423693e-07,3.8275994803450324e-07,12.43669386559609,0.0,10.0,1.1103297187414494e-06,0.0,8.592513888894852e-07,1.9695811076309344e-06,0.0,Canada,CAN,ontario,,,Windows-10-10.0.26200-SP0,3.11.9,3.2.6,8.0,Intel(R) Core(TM) i7-1065G7 CPU @ 1.30GHz,0.0,,-75.6718,45.3316,15.595848083496094,process,0.0,0.0,0.0,0.0,N,1.0,0.0
2026-07-31T12:16:54,codecarbon,6377e914-5d49-4ecb-a88f-44645a3b3c7e,5b0fa12a-3dd7-45bb-9766-cc326314d9f1,0.28628270000263,1.0602920880004513e-07,3.703654073371219e-07,12.05994018378764,0.0,10.0,9.155986987174824e-07,0.0,7.226177777839541e-07,1.6382164765014364e-06,0.0,Canada,CAN,ontario,,,Windows-10-10.0.26200-SP0,3.11.9,3.2.6,8.0,Intel(R) Core(TM) i7-1065G7 CPU @ 1.30GHz,0.0,,-75.6718,45.3316,15.595848083496094,process,0.0,0.0,0.0,0.0,N,1.0,0.0
2026-07-31T12:16:57,codecarbon,5b9ca473-2390-464d-ade5-6b264fb63f7d,5b0fa12a-3dd7-45bb-9766-cc326314d9f1,0.3018683000009332,1.1634356053139373e-07,3.854116531316274e-07,12.812109806656396,0.0,10.0,1.0270870533527774e-06,0.0,7.704925000022437e-07,1.797579553355021e-06,0.0,Canada,CAN,ontario,,,Windows-10-10.0.26200-SP0,3.11.9,3.2.6,8.0,Intel(R) Core(TM) i7-1065G7 CPU @ 1.30GHz,0.0,,-75.6718,45.3316,15.595848083496094,process,0.0,0.0,0.0,0.0,N,1.0,0.0
2026-07-31T12:16:59,codecarbon,5bace2c3-db97-4095-923e-2fa5cdc0008a,5b0fa12a-3dd7-45bb-9766-cc326314d9f1,0.6037486999994144,2.3644602013959338e-07,3.916298621261176e-07,12.346810326949324,0.0,10.0,2.0352314089062147e-06,0.0,1.6180050000002663e-06,3.653236408906481e-06,0.0,Canada,CAN,ontario,,,Windows-10-10.0.26200-SP0,3.11.9,3.2.6,8.0,Intel(R) Core(TM) i7-1065G7 CPU @ 1.30GHz,0.0,,-75.6718,45.3316,15.595848083496094,process,0.0,0.0,0.0,0.0,N,1.0,0.0
2026-07-31T12:17:02,codecarbon,23a23c89-6472-451d-b4fd-a25cdc4cc3de,5b0fa12a-3dd7-45bb-9766-cc326314d9f1,0.4446848000006866,1.717912729380553e-07,3.863214414744782e-07,12.436935722011672,0.0,10.0,1.4939841398355264e-06,0.0,1.1602966666638774e-06,2.654280806499404e-06,0.0,Canada,CAN,ontario,,,Windows-10-10.0.26200-SP0,3.11.9,3.2.6,8.0,Intel(R) Core(TM) i7-1065G7 CPU @ 1.30GHz,0.0,,-75.6718,45.3316,15.595848083496094,process,0.0,0.0,0.0,0.0,N,1.0,0.0
2026-07-31T12:17:05,codecarbon,1e1fdd1f-d401-483a-9428-6b7b23520836,5b0fa12a-3dd7-45bb-9766-cc326314d9f1,1.1590968999989857,4.646625296353421e-07,4.008832476695856e-07,12.57916040353862,0.0,10.0,4.016029040018751e-06,0.0,3.163292777773879e-06,7.1793218177926304e-06,0.0,Canada,CAN,ontario,,,Windows-10-10.0.26200-SP0,3.11.9,3.2.6,8.0,Intel(R) Core(TM) i7-1065G7 CPU @ 1.30GHz,0.0,,-75.6718,45.3316,15.595848083496094,process,0.0,0.0,69.4,10.826984405517578,N,1.0,0.0
2026-07-31T12:17:07,codecarbon,c11db3d2-b0d6-4a1f-aa06-55ec492085cc,5b0fa12a-3dd7-45bb-9766-cc326314d9f1,0.5506668999987596,2.134638612554179e-07,3.876460728907053e-07,12.371604554332723,0.0,10.0,1.84796375506046e-06,0.0,1.4501841666666832e-06,3.298147921727144e-06,0.0,Canada,CAN,ontario,,,Windows-10-10.0.26200-SP0,3.11.9,3.2.6,8.0,Intel(R) Core(TM) i7-1065G7 CPU @ 1.30GHz,0.0,,-75.6718,45.3316,15.595848083496094,process,0.0,0.0,0.0,0.0,N,1.0,0.0
2026-07-31T12:17:11,codecarbon,a68ce546-ba4e-4813-9a5a-fdbfcf451a44,5b0fa12a-3dd7-45bb-9766-cc326314d9f1,1.2427784999999858,4.906867932149614e-07,3.948304490421801e-07,12.228344765959273,0.0,10.0,4.186937693193393e-06,0.0,3.3944750000046043e-06,7.581412693197997e-06,0.0,Canada,CAN,ontario,,,Windows-10-10.0.26200-SP0,3.11.9,3.2.6,8.0,Intel(R) Core(TM) i7-1065G7 CPU @ 1.30GHz,0.0,,-75.6718,45.3316,15.595848083496094,process,0.0,0.0,70.0,10.9161376953125,N,1.0,0.0
2026-07-31T12:17:12,codecarbon,32b652b5-c584-4ad2-8d94-3a0702ef04d5,5b0fa12a-3dd7-45bb-9766-cc326314d9f1,0.3539027999977406,1.3312060734937205e-07,3.7615019533674754e-07,12.127472399511786,0.0,10.0,1.1510241322942382e-06,0.0,9.057711111078484e-07,2.0567952434020867e-06,0.0,Canada,CAN,ontario,,,Windows-10-10.0.26200-SP0,3.11.9,3.2.6,8.0,Intel(R) Core(TM) i7-1065G7 CPU @ 1.30GHz,0.0,,-75.6718,45.3316,15.595848083496094,process,0.0,0.0,0.0,0.0,N,1.0,0.0
2026-07-31T12:17:16,codecarbon,2b5e0f65-7267-41ec-a990-91b2d809b401,5b0fa12a-3dd7-45bb-9766-cc326314d9f1,0.3057192000014765,1.166793780939407e-07,3.816553821067733e-07,12.364581270557323,0.0,10.0,1.0129339745322675e-06,0.0,7.898341666683943e-07,1.802768141200662e-06,0.0,Canada,CAN,ontario,,,Windows-10-10.0.26200-SP0,3.11.9,3.2.6,8.0,Intel(R) Core(TM) i7-1065G7 CPU @ 1.30GHz,0.0,,-75.6718,45.3316,15.595848083496094,process,0.0,0.0,0.0,0.0,N,1.0,0.0
2026-07-31T12:17:17,codecarbon,0bb50a79-0e55-4934-a9b8-42e84eed017d,5b0fa12a-3dd7-45bb-9766-cc326314d9f1,0.3479415999972843,1.299592541833807e-07,3.735088135031713e-07,11.832375250377204,0.0,10.0,1.1061367818685546e-06,0.0,9.018136111080822e-07,2.0079503929766367e-06,0.0,Canada,CAN,ontario,,,Windows-10-10.0.26200-SP0,3.11.9,3.2.6,8.0,Intel(R) Core(TM) i7-1065G7 CPU @ 1.30GHz,0.0,,-75.6718,45.3316,15.595848083496094,process,0.0,0.0,0.0,0.0,N,1.0,0.0
2026-07-31T12:17:21,codecarbon,5f684af9-db23-4c8e-af52-8e8c019ba03a,5b0fa12a-3dd7-45bb-9766-cc326314d9f1,1.1074861000015517,3.58654361686376e-07,3.238454746166778e-07,8.258568961845484,0.0,10.0,2.5187557131579366e-06,0.0,3.022674722221079e-06,5.541430435379016e-06,0.0,Canada,CAN,ontario,,,Windows-10-10.0.26200-SP0,3.11.9,3.2.6,8.0,Intel(R) Core(TM) i7-1065G7 CPU @ 1.30GHz,0.0,,-75.6718,45.3316,15.595848083496094,process,0.0,0.0,69.9,10.90265655517578,N,1.0,0.0
2026-07-31T12:17:22,codecarbon,82674cfb-09ce-4ac1-ad37-c3b6c69c54e1,5b0fa12a-3dd7-45bb-9766-cc326314d9f1,0.4371842999971704,1.2396152100298377e-07,2.8354522567207026e-07,6.467457219092254,0.0,10.0,7.644881160507506e-07,0.0,1.1507936111027244e-06,1.915281727153475e-06,0.0,Canada,CAN,ontario,,,Windows-10-10.0.26200-SP0,3.11.9,3.2.6,8.0,Intel(R) Core(TM) i7-1065G7 CPU @ 1.30GHz,0.0,,-75.6718,45.3316,15.595848083496094,process,0.0,0.0,0.0,0.0,N,1.0,0.0
2026-07-31T12:17:27,codecarbon,3237e967-2e45-4801-9cdc-a574be448764,5b0fa12a-3dd7-45bb-9766-cc326314d9f1,0.4051175999993575,1.117348449051038e-07,2.758084193460887e-07,6.099292188260054,0.0,10.0,6.666617851149669e-07,0.0,1.0597102777764022e-06,1.726372062891369e-06,0.0,Canada,CAN,ontario,,,Windows-10-10.0.26200-SP0,3.11.9,3.2.6,8.0,Intel(R) Core(TM) i7-1065G7 CPU @ 1.30GHz,0.0,,-75.6718,45.3316,15.595848083496094,process,0.0,0.0,0.0,0.0,N,1.0,0.0
2026-07-31T12:17:28,codecarbon,d113ac18-24af-42a2-b9b9-a0f8d342057b,5b0fa12a-3dd7-45bb-9766-cc326314d9f1,1.6691132999985712,5.922040694195978e-07,3.548015999992959e-07,9.91173707631912,0.0,10.0,4.568391203239819e-06,0.0,4.5815258333378655e-06,9.149917036577685e-06,0.0,Canada,CAN,ontario,,,Windows-10-10.0.26200-SP0,3.11.9,3.2.6,8.0,Intel(R) Core(TM) i7-1065G7 CPU @ 1.30GHz,0.0,,-75.6718,45.3316,15.595848083496094,process,0.0,0.0,70.3,10.96139907836914,N,1.0,0.0
2026-07-31T12:17:32,codecarbon,26e0fb99-3cd0-496e-8d05-d9d478ee46c4,5b0fa12a-3dd7-45bb-9766-cc326314d9f1,0.5557465000019874,1.999187450013282e-07,3.597301017651272e-07,10.659401912247306,0.0,10.0,1.6107025462974998e-06,0.0,1.4781650000056997e-06,3.0888675463032e-06,0.0,Canada,CAN,ontario,,,Windows-10-10.0.26200-SP0,3.11.9,3.2.6,8.0,Intel(R) Core(TM) i7-1065G7 CPU @ 1.30GHz,0.0,,-75.6718,45.3316,15.595848083496094,process,0.0,0.0,0.0,0.0,N,1.0,0.0
2026-07-31T12:17:33,codecarbon,6267680e-7634-4dd6-8d14-065d065c092e,5b0fa12a-3dd7-45bb-9766-cc326314d9f1,0.4148791000006895,1.634556046061083e-07,3.939837041823429e-07,12.920448705452872,0.0,10.0,1.4439204382563252e-06,0.0,1.0815691666620197e-06,2.525489604918345e-06,0.0,Canada,CAN,ontario,,,Windows-10-10.0.26200-SP0,3.11.9,3.2.6,8.0,Intel(R) Core(TM) i7-1065G7 CPU @ 1.30GHz,0.0,,-75.6718,45.3316,15.595848083496094,process,0.0,0.0,0.0,0.0,N,1.0,0.0
2026-07-31T12:17:38,codecarbon,e9bb7069-b286-492c-9f7f-a73690cbc26f,5b0fa12a-3dd7-45bb-9766-cc326314d9f1,0.3624000999989221,9.807836829323948e-08,2.706355994204505e-07,5.710235193752211,0.0,10.0,5.602227681233854e-07,0.0,9.551483333375978e-07,1.5153711014609833e-06,0.0,Canada,CAN,ontario,,,Windows-10-10.0.26200-SP0,3.11.9,3.2.6,8.0,Intel(R) Core(TM) i7-1065G7 CPU @ 1.30GHz,0.0,,-75.6718,45.3316,15.595848083496094,process,0.0,0.0,0.0,0.0,N,1.0,0.0
10938,N,1.0,0.0,,,,,,,,,,,,,,,,,,,,,,,,,,,,,,,,,,
2026-07-31T12:17:43,codecarbon,98fe4304-d853-46b8-8448-f7a31480a15a,5b0fa12a-3dd7-45bb-9766-cc326314d9f1,0.3597207000020717,1.0082308549431832e-07,2.802815781625513e-07,6.312955738754878,0.0,10.0,6.138453366940816e-07,0.0,9.439333333325016e-07,1.5577786700265831e-06,0.0,Canada,CAN,ontario,,,Windows-10-10.0.26200-SP0,3.11.9,3.2.6,8.0,Intel(R) Core(TM) i7-1065G7 CPU @ 1.30GHz,0.0,,-75.6718,45.3316,15.595848083496094,process,0.0,0.0,0.0,0.0,N,1.0,0.0
2026-07-31T12:17:48,codecarbon,8226acc3-e4f9-4a12-a320-d5d6e3f9eebc,5b0fa12a-3dd7-45bb-9766-cc326314d9f1,0.3342617000016616,9.438598121497596e-08,2.823715107489335e-07,6.463276632387616,0.0,10.0,5.833403394270215e-07,0.0,8.749811111152262e-07,1.4583214505422478e-06,0.0,Canada,CAN,ontario,,,Windows-10-10.0.26200-SP0,3.11.9,3.2.6,8.0,Intel(R) Core(TM) i7-1065G7 CPU @ 1.30GHz,0.0,,-75.6718,45.3316,15.595848083496094,process,0.0,0.0,0.0,0.0,N,1.0,0.0
2026-07-31T12:17:48,codecarbon,06ed803a-5c0b-4059-9d5c-40675e6666bb,5b0fa12a-3dd7-45bb-9766-cc326314d9f1,1.1448311999993166,4.149215494349339e-07,3.624303298470391e-07,10.45326340184594,0.0,10.0,3.291326419812711e-06,0.0,3.1194666666629527e-06,6.410793086475664e-06,0.0,Canada,CAN,ontario,,,Windows-10-10.0.26200-SP0,3.11.9,3.2.6,8.0,Intel(R) Core(TM) i7-1065G7 CPU @ 1.30GHz,0.0,,-75.6718,45.3316,15.595848083496094,process,0.0,0.0,68.1,10.617279052734377,N,1.0,0.0
2026-07-31T12:17:53,codecarbon,0a4ba16b-b237-4280-8575-fcb2cf3f393f,5b0fa12a-3dd7-45bb-9766-cc326314d9f1,0.3009399000002304,1.1338433557029676e-07,3.767673730542542e-07,12.212133382942495,0.0,10.0,9.798096524309604e-07,0.0,7.720480555589247e-07,1.7518577079898852e-06,0.0,Canada,CAN,ontario,,,Windows-10-10.0.26200-SP0,3.11.9,3.2.6,8.0,Intel(R) Core(TM) i7-1065G7 CPU @ 1.30GHz,0.0,,-75.6718,45.3316,15.595848083496094,process,0.0,0.0,0.0,0.0,N,1.0,0.0
2026-07-31T12:17:54,codecarbon,d363c57a-ac68-4c63-9c05-0d33111bc88a,5b0fa12a-3dd7-45bb-9766-cc326314d9f1,0.6423236000009638,2.5195390573876425e-07,3.922538510781578e-07,12.38297464320563,0.0,10.0,2.174266666562772e-06,0.0,1.7185761111148977e-06,3.89284277767767e-06,0.0,Canada,CAN,ontario,,,Windows-10-10.0.26200-SP0,3.11.9,3.2.6,8.0,Intel(R) Core(TM) i7-1065G7 CPU @ 1.30GHz,0.0,,-75.6718,45.3316,15.595848083496094,process,0.0,0.0,0.0,0.0,N,1.0,0.0
2026-07-31T12:17:58,codecarbon,cea07839-102d-49cf-add8-943f8c4190a0,5b0fa12a-3dd7-45bb-9766-cc326314d9f1,0.5490344999998342,2.1544816556704282e-07,3.924128002285973e-07,12.428419237080798,0.0,10.0,1.8610180324393448e-06,0.0,1.4677886111106397e-06,3.328806643549985e-06,0.0,Canada,CAN,ontario,,,Windows-10-10.0.26200-SP0,3.11.9,3.2.6,8.0,Intel(R) Core(TM) i7-1065G7 CPU @ 1.30GHz,0.0,,-75.6718,45.3316,15.595848083496094,process,0.0,0.0,0.0,0.0,N,1.0,0.0
2026-07-31T12:17:58,codecarbon,fefde6ec-664e-4a26-9196-3a11160f2f1b,5b0fa12a-3dd7-45bb-9766-cc326314d9f1,0.2065852000014274,7.690092503350419e-08,3.72247987914782e-07,12.341872272469333,0.0,10.0,6.729063026782508e-07,0.0,5.152602777747637e-07,1.1881665804530146e-06,0.0,Canada,CAN,ontario,,,Windows-10-10.0.26200-SP0,3.11.9,3.2.6,8.0,Intel(R) Core(TM) i7-1065G7 CPU @ 1.30GHz,0.0,,-75.6718,45.3316,15.595848083496094,process,0.0,0.0,0.0,0.0,N,1.0,0.0
2026-07-31T12:18:02,codecarbon,8531c7fd-7b0e-4d19-a4ab-131826586252,5b0fa12a-3dd7-45bb-9766-cc326314d9f1,0.2565094000019599,9.812594542846301e-08,3.82543272986149e-07,12.539943287764068,0.0,10.0,8.58488697457891e-07,0.0,6.576174999989033e-07,1.5161061974567944e-06,0.0,Canada,CAN,ontario,,,Windows-10-10.0.26200-SP0,3.11.9,3.2.6,8.0,Intel(R) Core(TM) i7-1065G7 CPU @ 1.30GHz,0.0,,-75.6718,45.3316,15.595848083496094,process,0.0,0.0,0.0,0.0,N,1.0,0.0
2026-07-31T12:18:03,codecarbon,2d0fee37-7b54-4012-9bd1-27c1777e0c35,5b0fa12a-3dd7-45bb-9766-cc326314d9f1,0.3371482999973523,1.2517345488417138e-07,3.712712028657845e-07,11.615931473435758,0.0,10.0,1.05567101754716e-06,0.0,8.783358333251575e-07,1.9340068508723174e-06,0.0,Canada,CAN,ontario,,,Windows-10-10.0.26200-SP0,3.11.9,3.2.6,8.0,Intel(R) Core(TM) i7-1065G7 CPU @ 1.30GHz,0.0,,-75.6718,45.3316,15.595848083496094,process,0.0,0.0,0.0,0.0,N,1.0,0.0
2026-07-31T12:18:07,codecarbon,93f1db68-c3ec-4726-9304-898508cb5b02,5b0fa12a-3dd7-45bb-9766-cc326314d9f1,0.2786259000022255,1.0701960098228938e-07,3.84097820703081e-07,12.595382085414933,0.0,10.0,9.393517002954652e-07,0.0,7.141669444435037e-07,1.653518644738969e-06,0.0,Canada,CAN,ontario,,,Windows-10-10.0.26200-SP0,3.11.9,3.2.6,8.0,Intel(R) Core(TM) i7-1065G7 CPU @ 1.30GHz,0.0,,-75.6718,45.3316,15.595848083496094,process,0.0,0.0,0.0,0.0,N,1.0,0.0
2026-07-31T12:18:08,codecarbon,f9286c3c-62a4-4fed-9904-f35017f2512f,5b0fa12a-3dd7-45bb-9766-cc326314d9f1,0.1587824000016553,5.5842215365232015e-08,3.516902085158673e-07,11.85409976520448,0.0,10.0,4.830815664428326e-07,0.0,3.797150000031656e-07,8.627965664459982e-07,0.0,Canada,CAN,ontario,,,Windows-10-10.0.26200-SP0,3.11.9,3.2.6,8.0,Intel(R) Core(TM) i7-1065G7 CPU @ 1.30GHz,0.0,,-75.6718,45.3316,15.595848083496094,process,0.0,0.0,0.0,0.0,N,1.0,0.0
2026-07-31T12:18:12,codecarbon,e50bee69-94a1-4146-b590-01e10d18f33b,5b0fa12a-3dd7-45bb-9766-cc326314d9f1,0.5317816999995557,2.1091746176719322e-07,3.9662414439490763e-07,12.71294448581737,0.0,10.0,1.8423839282199296e-06,0.0,1.41642055555672e-06,3.25880448377665e-06,0.0,Canada,CAN,ontario,,,Windows-10-10.0.26200-SP0,3.11.9,3.2.6,8.0,Intel(R) Core(TM) i7-1065G7 CPU @ 1.30GHz,0.0,,-75.6718,45.3316,15.595848083496094,process,0.0,0.0,0.0,0.0,N,1.0,0.0
2026-07-31T12:18:13,codecarbon,b4565a74-41f2-46c5-9a87-a812e2263379,5b0fa12a-3dd7-45bb-9766-cc326314d9f1,0.3432930999988457,1.2485859073634005e-07,3.637084192393027e-07,11.183965119454024,0.0,10.0,1.0347420061735324e-06,0.0,8.943999999953829e-07,1.929142006168916e-06,0.0,Canada,CAN,ontario,,,Windows-10-10.0.26200-SP0,3.11.9,3.2.6,8.0,Intel(R) Core(TM) i7-1065G7 CPU @ 1.30GHz,0.0,,-75.6718,45.3316,15.595848083496094,process,0.0,0.0,0.0,0.0,N,1.0,0.0
2026-07-31T12:18:18,codecarbon,31643ba1-d8db-4561-948b-d46aaa2f2a19,5b0fa12a-3dd7-45bb-9766-cc326314d9f1,0.6898972000017238,2.655708268470277e-07,3.849426071686682e-07,11.842381933638924,0.0,10.0,2.23911119335694e-06,0.0,1.8641213888966167e-06,4.103232582253557e-06,0.0,Canada,CAN,ontario,,,Windows-10-10.0.26200-SP0,3.11.9,3.2.6,8.0,Intel(R) Core(TM) i7-1065G7 CPU @ 1.30GHz,0.0,,-75.6718,45.3316,15.595848083496094,process,0.0,0.0,0.0,0.0,N,1.0,0.0
2026-07-31T12:18:18,codecarbon,0bc314b5-0415-4633-8ddf-52fb37a0e05b,5b0fa12a-3dd7-45bb-9766-cc326314d9f1,0.3493209000007482,1.0194503153218464e-07,2.918377673135683e-07,7.03616833132801,0.0,10.0,6.617981484500092e-07,0.0,9.133152777798792e-07,1.5751134262298883e-06,0.0,Canada,CAN,ontario,,,Windows-10-10.0.26200-SP0,3.11.9,3.2.6,8.0,Intel(R) Core(TM) i7-1065G7 CPU @ 1.30GHz,0.0,,-75.6718,45.3316,15.595848083496094,process,0.0,0.0,0.0,0.0,N,1.0,0.0
2026-07-31T12:18:23,codecarbon,f76b82f6-1471-4484-b955-27ba8e8863f3,5b0fa12a-3dd7-45bb-9766-cc326314d9f1,0.9213023000011162,2.754773739241048e-07,2.990086684075043e-07,6.908488185172537,0.0,10.0,1.7500192708714525e-06,0.0,2.5062755555558806e-06,4.256294826427333e-06,0.0,Canada,CAN,ontario,,,Windows-10-10.0.26200-SP0,3.11.9,3.2.6,8.0,Intel(R) Core(TM) i7-1065G7 CPU @ 1.30GHz,0.0,,-75.6718,45.3316,15.595848083496094,process,0.0,0.0,0.0,0.0,N,1.0,0.0
2026-07-31T12:18:23,codecarbon,9c9f0cbc-f947-4a36-a2e9-4bfc232009d4,5b0fa12a-3dd7-45bb-9766-cc326314d9f1,0.7132181999986642,2.045149329714716e-07,2.867494589620044e-07,6.293089196023511,0.0,10.0,1.231070365669892e-06,0.0,1.9288111111058645e-06,3.159881476775757e-06,0.0,Canada,CAN,ontario,,,Windows-10-10.0.26200-SP0,3.11.9,3.2.6,8.0,Intel(R) Core(TM) i7-1065G7 CPU @ 1.30GHz,0.0,,-75.6718,45.3316,15.595848083496094,process,0.0,0.0,0.0,0.0,N,1.0,0.0
2026-07-31T12:18:28,codecarbon,54850eba-fb41-4c89-b9bc-a75ba8ae8f08,5b0fa12a-3dd7-45bb-9766-cc326314d9f1,0.3635587999997369,1.0523965745141845e-07,2.89470802113701e-07,6.808491776119857,0.0,10.0,6.700524226485666e-07,0.0,9.559649999977811e-07,1.626017422646348e-06,0.0,Canada,CAN,ontario,,,Windows-10-10.0.26200-SP0,3.11.9,3.2.6,8.0,Intel(R) Core(TM) i7-1065G7 CPU @ 1.30GHz,0.0,,-75.6718,45.3316,15.595848083496094,process,0.0,0.0,0.0,0.0,N,1.0,0.0
2026-07-31T12:18:28,codecarbon,edf2eaee-5f6b-49f2-969d-c93bd987f1fa,5b0fa12a-3dd7-45bb-9766-cc326314d9f1,0.5804141000007803,1.536525864378797e-07,2.647292449264639e-07,5.141889821356491,0.0,10.0,8.154291682647103e-07,0.0,1.5585977777845982e-06,2.3740269460493085e-06,0.0,Canada,CAN,ontario,,,Windows-10-10.0.26200-SP0,3.11.9,3.2.6,8.0,Intel(R) Core(TM) i7-1065G7 CPU @ 1.30GHz,0.0,,-75.6718,45.3316,15.595848083496094,process,0.0,0.0,0.0,0.0,N,1.0,0.0
2026-07-31T12:18:33,codecarbon,f948ac38-dcb5-40a8-9f53-c141f8ade389,5b0fa12a-3dd7-45bb-9766-cc326314d9f1,0.3160268999999971,9.94378466741246e-08,3.1464994490698576e-07,8.376956632278647,0.0,10.0,7.12615600656955e-07,0.0,8.237602777727362e-07,1.536375878429691e-06,0.0,Canada,CAN,ontario,,,Windows-10-10.0.26200-SP0,3.11.9,3.2.6,8.0,Intel(R) Core(TM) i7-1065G7 CPU @ 1.30GHz,0.0,,-75.6718,45.3316,15.595848083496094,process,0.0,0.0,0.0,0.0,N,1.0,0.0
2026-07-31T12:18:33,codecarbon,478844a0-5f28-4c4b-bb7b-7f12ea1daaa6,5b0fa12a-3dd7-45bb-9766-cc326314d9f1,0.526737599997432,1.570055009013726e-07,2.980715652388173e-07,7.112272262908024,0.0,10.0,1.0201795918738544e-06,0.0,1.405651944444091e-06,2.425831536317945e-06,0.0,Canada,CAN,ontario,,,Windows-10-10.0.26200-SP0,3.11.9,3.2.6,8.0,Intel(R) Core(TM) i7-1065G7 CPU @ 1.30GHz,0.0,,-75.6718,45.3316,15.595848083496094,process,0.0,0.0,0.0,0.0,N,1.0,0.0
2026-07-31T12:18:38,codecarbon,8a06e8b7-6abe-419d-8aa9-e9166ea730cc,5b0fa12a-3dd7-45bb-9766-cc326314d9f1,0.2652149999994435,1.0280567223991065e-07,3.876314395495215e-07,12.713808564852483,0.0,10.0,9.044289099484972e-07,0.0,6.839819444495434e-07,1.5884108543980406e-06,0.0,Canada,CAN,ontario,,,Windows-10-10.0.26200-SP0,3.11.9,3.2.6,8.0,Intel(R) Core(TM) i7-1065G7 CPU @ 1.30GHz,0.0,,-75.6718,45.3316,15.595848083496094,process,0.0,0.0,0.0,0.0,N,1.0,0.0
2026-07-31T12:18:38,codecarbon,67b97ebe-9697-47d5-9e60-f050f14428ac,5b0fa12a-3dd7-45bb-9766-cc326314d9f1,0.4849233999993885,1.637020728763579e-07,3.375833644583131e-07,9.369548986264329,0.0,10.0,1.2365368579161e-06,0.0,1.2927608333383332e-06,2.5292976912544333e-06,0.0,Canada,CAN,ontario,,,Windows-10-10.0.26200-SP0,3.11.9,3.2.6,8.0,Intel(R) Core(TM) i7-1065G7 CPU @ 1.30GHz,0.0,,-75.6718,45.3316,15.595848083496094,process,0.0,0.0,0.0,0.0,N,1.0,0.0
2026-07-31T12:18:43,codecarbon,74f91099-6901-4503-8881-985b8aab84b4,5b0fa12a-3dd7-45bb-9766-cc326314d9f1,0.6865337000017462,2.3812684844398685e-07,3.468538375368625e-07,9.700163238188452,0.0,10.0,1.825176517571879e-06,0.0,1.8540297222292187e-06,3.6792062398010977e-06,0.0,Canada,CAN,ontario,,,Windows-10-10.0.26200-SP0,3.11.9,3.2.6,8.0,Intel(R) Core(TM) i7-1065G7 CPU @ 1.30GHz,0.0,,-75.6718,45.3316,15.595848083496094,process,0.0,0.0,0.0,0.0,N,1.0,0.0
2026-07-31T12:18:44,codecarbon,a15c495d-a7ec-4f80-921b-24ab56d1e391,5b0fa12a-3dd7-45bb-9766-cc326314d9f1,0.6076086000030045,1.687851452328999e-07,2.77785971482407e-07,5.867382738050437,0.0,10.0,9.749748404435998e-07,0.0,1.632859444453061e-06,2.6078342848966607e-06,0.0,Canada,CAN,ontario,,,Windows-10-10.0.26200-SP0,3.11.9,3.2.6,8.0,Intel(R) Core(TM) i7-1065G7 CPU @ 1.30GHz,0.0,,-75.6718,45.3316,15.595848083496094,process,0.0,0.0,0.0,0.0,N,1.0,0.0
2026-07-31T12:18:48,codecarbon,41bdd3ca-de71-4f3e-9605-1e304af2d50a,5b0fa12a-3dd7-45bb-9766-cc326314d9f1,0.3347642000007909,1.1714328071114941e-07,3.499277423059953e-07,10.311372631431473,0.0,10.0,9.322537774548204e-07,0.0,8.776819444493513e-07,1.809935721904172e-06,0.0,Canada,CAN,ontario,,,Windows-10-10.0.26200-SP0,3.11.9,3.2.6,8.0,Intel(R) Core(TM) i7-1065G7 CPU @ 1.30GHz,0.0,,-75.6718,45.3316,15.595848083496094,process,0.0,0.0,0.0,0.0,N,1.0,0.0
2026-07-31T12:18:49,codecarbon,5dd81d17-88d0-461a-a20a-aff4b8524138,5b0fa12a-3dd7-45bb-9766-cc326314d9f1,0.401266900000337,1.1436932320550253e-07,2.8502057659230417e-07,6.502299660591515,0.0,10.0,7.073013726559731e-07,0.0,1.059774999996282e-06,1.767076372652255e-06,0.0,Canada,CAN,ontario,,,Windows-10-10.0.26200-SP0,3.11.9,3.2.6,8.0,Intel(R) Core(TM) i7-1065G7 CPU @ 1.30GHz,0.0,,-75.6718,45.3316,15.595848083496094,process,0.0,0.0,0.0,0.0,N,1.0,0.0
2026-07-31T12:18:53,codecarbon,479cf4f9-ba53-400e-bc2b-6ebbcfeba117,5b0fa12a-3dd7-45bb-9766-cc326314d9f1,0.5125143000004755,1.7233026958709188e-07,3.362448025097681e-07,9.263767749924256,0.0,10.0,1.2936275250562004e-06,0.0,1.368981111116025e-06,2.6626086361722256e-06,0.0,Canada,CAN,ontario,,,Windows-10-10.0.26200-SP0,3.11.9,3.2.6,8.0,Intel(R) Core(TM) i7-1065G7 CPU @ 1.30GHz,0.0,,-75.6718,45.3316,15.595848083496094,process,0.0,0.0,0.0,0.0,N,1.0,0.0
2026-07-31T12:18:55,codecarbon,e09b1b15-637d-4c5f-997b-f17706cea58e,5b0fa12a-3dd7-45bb-9766-cc326314d9f1,1.3917213999993692,5.174485975610517e-07,3.718047287059653e-07,10.91142506012186,0.0,10.0,4.186733193652345e-06,0.0,3.808165833328936e-06,7.99489902698128e-06,0.0,Canada,CAN,ontario,,,Windows-10-10.0.26200-SP0,3.11.9,3.2.6,8.0,Intel(R) Core(TM) i7-1065G7 CPU @ 1.30GHz,0.0,,-75.6718,45.3316,15.595848083496094,process,0.0,0.0,69.0,10.76042938232422,N,1.0,0.0
2026-07-31T12:18:59,codecarbon,77564642-4177-42f2-a005-516d3c8d263e,5b0fa12a-3dd7-45bb-9766-cc326314d9f1,0.4685830000016722,1.8287490620705906e-07,3.902721742069312e-07,12.45091543971504,0.0,10.0,1.5867564228316806e-06,0.0,1.238773333332372e-06,2.8255297561640527e-06,0.0,Canada,CAN,ontario,,,Windows-10-10.0.26200-SP0,3.11.9,3.2.6,8.0,Intel(R) Core(TM) i7-1065G7 CPU @ 1.30GHz,0.0,,-75.6718,45.3316,15.595848083496094,process,0.0,0.0,0.0,0.0,N,1.0,0.0
2026-07-31T12:19:00,codecarbon,42b40b20-d6f5-4d29-a607-eb01cf3aecac,5b0fa12a-3dd7-45bb-9766-cc326314d9f1,0.9509901999990688,3.747855205147948e-07,3.941002972640115e-07,12.236671037362516,0.0,10.0,3.201587314369312e-06,0.0,2.5890794444421773e-06,5.790666758811488e-06,0.0,Canada,CAN,ontario,,,Windows-10-10.0.26200-SP0,3.11.9,3.2.6,8.0,Intel(R) Core(TM) i7-1065G7 CPU @ 1.30GHz,0.0,,-75.6718,45.3316,15.595848083496094,process,0.0,0.0,0.0,0.0,N,1.0,0.0
2026-07-31T12:19:04,codecarbon,ce7c4cc6-e4af-441c-8f74-838e342f2e64,5b0fa12a-3dd7-45bb-9766-cc326314d9f1,0.4498555999998643,1.756105036949745e-07,3.9037082942843764e-07,12.44847273226944,0.0,10.0,1.520844436918744e-06,0.0,1.1924458333346089e-06,2.7132902702533526e-06,0.0,Canada,CAN,ontario,,,Windows-10-10.0.26200-SP0,3.11.9,3.2.6,8.0,Intel(R) Core(TM) i7-1065G7 CPU @ 1.30GHz,0.0,,-75.6718,45.3316,15.595848083496094,process,0.0,0.0,0.0,0.0,N,1.0,0.0
2026-07-31T12:19:05,codecarbon,e202bae9-a224-4ebf-8193-9dfbee611b79,5b0fa12a-3dd7-45bb-9766-cc326314d9f1,0.7136902999991435,2.746257364700751e-07,3.847967899667471e-07,11.862707172260546,0.0,10.0,2.318393448517685e-06,0.0,1.9247430555474742e-06,4.24313650406516e-06,0.0,Canada,CAN,ontario,,,Windows-10-10.0.26200-SP0,3.11.9,3.2.6,8.0,Intel(R) Core(TM) i7-1065G7 CPU @ 1.30GHz,0.0,,-75.6718,45.3316,15.595848083496094,process,0.0,0.0,0.0,0.0,N,1.0,0.0
2026-07-31T12:19:08,codecarbon,68c5b11d-e6fc-44bd-a307-b25b7e87db43,5b0fa12a-3dd7-45bb-9766-cc326314d9f1,0.2460200000023178,8.508484340511944e-08,3.458452296736763e-07,10.538678548510129,0.0,10.0,6.894353740479541e-07,0.0,6.251777777833922e-07,1.3146131518313464e-06,0.0,Canada,CAN,ontario,,,Windows-10-10.0.26200-SP0,3.11.9,3.2.6,8.0,Intel(R) Core(TM) i7-1065G7 CPU @ 1.30GHz,0.0,,-75.6718,45.3316,15.595848083496094,process,0.0,0.0,0.0,0.0,N,1.0,0.0
2026-07-31T12:19:11,codecarbon,eee8ec31-6c13-4f5b-8a9d-4fecaecaf613,5b0fa12a-3dd7-45bb-9766-cc326314d9f1,0.8505676000022504,3.379479203365188e-07,3.9732047204199243e-07,12.555168355641852,0.0,10.0,2.923157072399111e-06,0.0,2.298346111112753e-06,5.221503183511864e-06,0.0,Canada,CAN,ontario,,,Windows-10-10.0.26200-SP0,3.11.9,3.2.6,8.0,Intel(R) Core(TM) i7-1065G7 CPU @ 1.30GHz,0.0,,-75.6718,45.3316,15.595848083496094,process,0.0,0.0,0.0,0.0,N,1.0,0.0
2026-07-31T12:19:13,codecarbon,df853f19-8ec7-4e14-9737-bd88f8e00561,5b0fa12a-3dd7-45bb-9766-cc326314d9f1,0.3155939999996917,1.2014590459173022e-07,3.806976830733397e-07,12.536521616618977,0.0,10.0,1.0535731072624188e-06,0.0,8.027550000002116e-07,1.8563281072626303e-06,0.0,Canada,CAN,ontario,,,Windows-10-10.0.26200-SP0,3.11.9,3.2.6,8.0,Intel(R) Core(TM) i7-1065G7 CPU @ 1.30GHz,0.0,,-75.6718,45.3316,15.595848083496094,process,0.0,0.0,0.0,0.0,N,1.0,0.0
2026-07-31T12:19:16,codecarbon,1593199d-bd23-4322-8e62-773a895328b6,5b0fa12a-3dd7-45bb-9766-cc326314d9f1,0.7080565999967803,2.774389568375651e-07,3.9183160899683257e-07,12.300211140646178,0.0,10.0,2.3849241553438537e-06,0.0,1.9016783333326104e-06,4.2866024886764645e-06,0.0,Canada,CAN,ontario,,,Windows-10-10.0.26200-SP0,3.11.9,3.2.6,8.0,Intel(R) Core(TM) i7-1065G7 CPU @ 1.30GHz,0.0,,-75.6718,45.3316,15.595848083496094,process,0.0,0.0,0.0,0.0,N,1.0,0.0
2026-07-31T12:19:18,codecarbon,ea588c57-bb99-425f-9e2b-3f3bea7972bc,5b0fa12a-3dd7-45bb-9766-cc326314d9f1,0.5306350999999268,2.0986690249289765e-07,3.955013576993427e-07,12.677479083050606,0.0,10.0,1.8326415858540504e-06,0.0,1.409931111114323e-06,3.242572696968373e-06,0.0,Canada,CAN,ontario,,,Windows-10-10.0.26200-SP0,3.11.9,3.2.6,8.0,Intel(R) Core(TM) i7-1065G7 CPU @ 1.30GHz,0.0,,-75.6718,45.3316,15.595848083496094,process,0.0,0.0,0.0,0.0,N,1.0,0.0
2026-07-31T12:19:21,codecarbon,c15cf91c-e037-485c-8a04-d67bf8d4f06b,5b0fa12a-3dd7-45bb-9766-cc326314d9f1,0.3853468999986944,1.467241867464183e-07,3.807587053299648e-07,12.11858693825592,0.0,10.0,1.2623066881164586e-06,0.0,1.0046722222189903e-06,2.266978910335449e-06,0.0,Canada,CAN,ontario,,,Windows-10-10.0.26200-SP0,3.11.9,3.2.6,8.0,Intel(R) Core(TM) i7-1065G7 CPU @ 1.30GHz,0.0,,-75.6718,45.3316,15.595848083496094,process,0.0,0.0,0.0,0.0,N,1.0,0.0
2026-07-31T12:19:23,codecarbon,6bd2488f-e38d-4ec2-8f7b-618b9cde73e9,5b0fa12a-3dd7-45bb-9766-cc326314d9f1,0.4536587000002328,1.759332066856874e-07,3.878096169776908e-07,12.320820000520303,0.0,10.0,1.5170112299059843e-06,0.0,1.2012649999936304e-06,2.718276229899615e-06,0.0,Canada,CAN,ontario,,,Windows-10-10.0.26200-SP0,3.11.9,3.2.6,8.0,Intel(R) Core(TM) i7-1065G7 CPU @ 1.30GHz,0.0,,-75.6718,45.3316,15.595848083496094,process,0.0,0.0,0.0,0.0,N,1.0,0.0
2026-07-31T12:19:26,codecarbon,d58a7ebb-f9d8-4566-9946-7713df3f0ae5,5b0fa12a-3dd7-45bb-9766-cc326314d9f1,0.3912013999979535,1.5164738045763322e-07,3.876452907848145e-07,12.43835915881304,0.0,10.0,1.3172802805922735e-06,0.0,1.025765000000926e-06,2.3430452805931994e-06,0.0,Canada,CAN,ontario,,,Windows-10-10.0.26200-SP0,3.11.9,3.2.6,8.0,Intel(R) Core(TM) i7-1065G7 CPU @ 1.30GHz,0.0,,-75.6718,45.3316,15.595848083496094,process,0.0,0.0,0.0,0.0,N,1.0,0.0
2026-07-31T12:19:29,codecarbon,05dd18f9-384b-4c14-84ca-4ecbdbc5ee62,5b0fa12a-3dd7-45bb-9766-cc326314d9f1,0.6352273000011337,2.515255847052395e-07,3.9596154747251977e-07,12.55950951574711,0.0,10.0,2.1801560654315464e-06,0.0,1.7060688888907156e-06,3.886224954322262e-06,0.0,Canada,CAN,ontario,,,Windows-10-10.0.26200-SP0,3.11.9,3.2.6,8.0,Intel(R) Core(TM) i7-1065G7 CPU @ 1.30GHz,0.0,,-75.6718,45.3316,15.595848083496094,process,0.0,0.0,0.0,0.0,N,1.0,0.0
2026-07-31T12:19:31,codecarbon,3dd23dfb-0d23-4a8c-84dd-241ca453b2d9,5b0fa12a-3dd7-45bb-9766-cc326314d9f1,0.3891255999988061,1.515361670502447e-07,3.894273906695155e-07,12.672956907253974,0.0,10.0,1.3249689095054608e-06,0.0,1.0163580555551258e-06,2.341326965060587e-06,0.0,Canada,CAN,ontario,,,Windows-10-10.0.26200-SP0,3.11.9,3.2.6,8.0,Intel(R) Core(TM) i7-1065G7 CPU @ 1.30GHz,0.0,,-75.6718,45.3316,15.595848083496094,process,0.0,0.0,0.0,0.0,N,1.0,0.0
2026-07-31T12:19:34,codecarbon,e9353594-fd36-4a98-810f-d98986b22350,5b0fa12a-3dd7-45bb-9766-cc326314d9f1,0.3824935999982699,1.4392212894953756e-07,3.762732996060289e-07,11.751315104480032,0.0,10.0,1.2162898387516089e-06,0.0,1.007395555552648e-06,2.223685394304257e-06,0.0,Canada,CAN,ontario,,,Windows-10-10.0.26200-SP0,3.11.9,3.2.6,8.0,Intel(R) Core(TM) i7-1065G7 CPU @ 1.30GHz,0.0,,-75.6718,45.3316,15.595848083496094,process,0.0,0.0,0.0,0.0,N,1.0,0.0
2026-07-31T12:19:36,codecarbon,d18d7284-8a6a-40db-8924-561f8cb7d494,5b0fa12a-3dd7-45bb-9766-cc326314d9f1,0.269403099999181,9.59195206489399e-08,3.560446062024955e-07,10.977079765608815,0.0,10.0,7.900564111563604e-07,0.0,6.919591666600253e-07,1.4820155778163856e-06,0.0,Canada,CAN,ontario,,,Windows-10-10.0.26200-SP0,3.11.9,3.2.6,8.0,Intel(R) Core(TM) i7-1065G7 CPU @ 1.30GHz,0.0,,-75.6718,45.3316,15.595848083496094,process,0.0,0.0,0.0,0.0,N,1.0,0.0
2026-07-31T12:19:39,codecarbon,37180c32-d26d-49e5-805b-642955de48e5,5b0fa12a-3dd7-45bb-9766-cc326314d9f1,0.3346818999998504,1.3009990864448777e-07,3.887270528957374e-07,12.576955553849697,0.0,10.0,1.1349144242242235e-06,0.0,8.75209166669164e-07,2.0101235908933875e-06,0.0,Canada,CAN,ontario,,,Windows-10-10.0.26200-SP0,3.11.9,3.2.6,8.0,Intel(R) Core(TM) i7-1065G7 CPU @ 1.30GHz,0.0,,-75.6718,45.3316,15.595848083496094,process,0.0,0.0,0.0,0.0,N,1.0,0.0
2026-07-31T12:19:41,codecarbon,640d4456-6964-4294-bd14-0479f782e45e,5b0fa12a-3dd7-45bb-9766-cc326314d9f1,0.5167946999972628,1.944603221289595e-07,3.762815720246153e-07,11.714130599019342,0.0,10.0,1.64037461193801e-06,0.0,1.364156944439148e-06,3.0045315563771583e-06,0.0,Canada,CAN,ontario,,,Windows-10-10.0.26200-SP0,3.11.9,3.2.6,8.0,Intel(R) Core(TM) i7-1065G7 CPU @ 1.30GHz,0.0,,-75.6718,45.3316,15.595848083496094,process,0.0,0.0,0.0,0.0,N,1.0,0.0
2026-07-31T12:19:44,codecarbon,efcdeb92-7ef8-4dd7-995e-7b5cf8b09ed4,5b0fa12a-3dd7-45bb-9766-cc326314d9f1,0.4464886999994633,1.7481696065028833e-07,3.915372564871149e-07,12.506822062991848,0.0,10.0,1.516845097793386e-06,0.0,1.1841844444461455e-06,2.7010295422395315e-06,0.0,Canada,CAN,ontario,,,Windows-10-10.0.26200-SP0,3.11.9,3.2.6,8.0,Intel(R) Core(TM) i7-1065G7 CPU @ 1.30GHz,0.0,,-75.6718,45.3316,15.595848083496094,process,0.0,0.0,0.0,0.0,N,1.0,0.0
2026-07-31T12:19:46,codecarbon,7947aa90-8b36-43f7-b82e-0b287ab3b371,5b0fa12a-3dd7-45bb-9766-cc326314d9f1,0.6195312999989255,2.449514581174841e-07,3.95381892921163e-07,12.54895503352862,0.0,10.0,2.125997600364904e-06,0.0,1.6586530555489135e-06,3.784650655913818e-06,0.0,Canada,CAN,ontario,,,Windows-10-10.0.26200-SP0,3.11.9,3.2.6,8.0,Intel(R) Core(TM) i7-1065G7 CPU @ 1.30GHz,0.0,,-75.6718,45.3316,15.595848083496094,process,0.0,0.0,0.0,0.0,N,1.0,0.0
2026-07-31T12:19:49,codecarbon,084d47de-375f-49a1-aec2-4d5777ccc7fc,5b0fa12a-3dd7-45bb-9766-cc326314d9f1,0.4406472000009671,1.75373803552077e-07,3.9799141706038777e-07,12.878012693875837,0.0,10.0,1.5414172741600811e-06,0.0,1.1682158333314874e-06,2.709633107491569e-06,0.0,Canada,CAN,ontario,,,Windows-10-10.0.26200-SP0,3.11.9,3.2.6,8.0,Intel(R) Core(TM) i7-1065G7 CPU @ 1.30GHz,0.0,,-75.6718,45.3316,15.595848083496094,process,0.0,0.0,0.0,0.0,N,1.0,0.0
2026-07-31T12:19:51,codecarbon,5c1e5fa1-c1d5-464b-a55d-69c119c6101d,5b0fa12a-3dd7-45bb-9766-cc326314d9f1,0.5087327999972331,1.9606740024754165e-07,3.854034971769228e-07,12.260020040801114,0.0,10.0,1.6890496793328852e-06,0.0,1.3403122222169056e-06,3.029361901549791e-06,0.0,Canada,CAN,ontario,,,Windows-10-10.0.26200-SP0,3.11.9,3.2.6,8.0,Intel(R) Core(TM) i7-1065G7 CPU @ 1.30GHz,0.0,,-75.6718,45.3316,15.595848083496094,process,0.0,0.0,0.0,0.0,N,1.0,0.0
2026-07-31T12:19:53,codecarbon,824721a1-4a90-4283-b45c-9050ca2de463,5b0fa12a-3dd7-45bb-9766-cc326314d9f1,0.2200013999972725,7.979722718981803e-08,3.627123608795549e-07,11.74955877406006,0.0,10.0,6.847642853509528e-07,0.0,5.481519444401784e-07,1.2329162297911313e-06,0.0,Canada,CAN,ontario,,,Windows-10-10.0.26200-SP0,3.11.9,3.2.6,8.0,Intel(R) Core(TM) i7-1065G7 CPU @ 1.30GHz,0.0,,-75.6718,45.3316,15.595848083496094,process,0.0,0.0,0.0,0.0,N,1.0,0.0
2026-07-31T12:19:56,codecarbon,1c836bbb-8960-4025-b112-afe30dcf8723,5b0fa12a-3dd7-45bb-9766-cc326314d9f1,0.3036460000002989,1.1891032909498793e-07,3.9160841603337714e-07,12.876780399255642,0.0,10.0,1.049603539384212e-06,0.0,7.876341666613169e-07,1.837237706045529e-06,0.0,Canada,CAN,ontario,,,Windows-10-10.0.26200-SP0,3.11.9,3.2.6,8.0,Intel(R) Core(TM) i7-1065G7 CPU @ 1.30GHz,0.0,,-75.6718,45.3316,15.595848083496094,process,0.0,0.0,0.0,0.0,N,1.0,0.0
2026-07-31T12:19:58,codecarbon,a3071f35-919c-4b67-b128-ca8fdbf8e729,5b0fa12a-3dd7-45bb-9766-cc326314d9f1,0.3379597000021022,1.1188355234659829e-07,3.310558991083917e-07,9.321573477904034,0.0,10.0,8.484410731919781e-07,0.0,8.802286111151464e-07,1.7286696843071246e-06,0.0,Canada,CAN,ontario,,,Windows-10-10.0.26200-SP0,3.11.9,3.2.6,8.0,Intel(R) Core(TM) i7-1065G7 CPU @ 1.30GHz,0.0,,-75.6718,45.3316,15.595848083496094,process,0.0,0.0,0.0,0.0,N,1.0,0.0
2026-07-31T12:20:01,codecarbon,d715aa9f-669a-423a-808e-b31b7248e844,5b0fa12a-3dd7-45bb-9766-cc326314d9f1,0.3920394999986456,1.5237016053994457e-07,3.886602256672375e-07,12.4244930261646,0.0,10.0,1.320454066210132e-06,0.0,1.0337586111139294e-06,2.3542126773240617e-06,0.0,Canada,CAN,ontario,,,Windows-10-10.0.26200-SP0,3.11.9,3.2.6,8.0,Intel(R) Core(TM) i7-1065G7 CPU @ 1.30GHz,0.0,,-75.6718,45.3316,15.595848083496094,process,0.0,0.0,0.0,0.0,N,1.0,0.0
2026-07-31T12:20:03,codecarbon,623268b0-fade-4f12-ad77-974cf048e338,5b0fa12a-3dd7-45bb-9766-cc326314d9f1,0.2497041999995417,9.06361287923709e-08,3.629739859903728e-07,11.514092063648793,0.0,10.0,7.654917025002032e-07,0.0,6.348922222160683e-07,1.4003839247162717e-06,0.0,Canada,CAN,ontario,,,Windows-10-10.0.26200-SP0,3.11.9,3.2.6,8.0,Intel(R) Core(TM) i7-1065G7 CPU @ 1.30GHz,0.0,,-75.6718,45.3316,15.595848083496094,process,0.0,0.0,0.0,0.0,N,1.0,0.0
2026-07-31T12:20:06,codecarbon,6c2c52ec-e067-41fc-914d-f9aebf8917fd,5b0fa12a-3dd7-45bb-9766-cc326314d9f1,0.7071197999975993,2.8293847348772044e-07,4.001280596140584e-07,12.746286155000885,0.0,10.0,2.470206180521874e-06,0.0,1.901367222217232e-06,4.371573402739106e-06,0.0,Canada,CAN,ontario,,,Windows-10-10.0.26200-SP0,3.11.9,3.2.6,8.0,Intel(R) Core(TM) i7-1065G7 CPU @ 1.30GHz,0.0,,-75.6718,45.3316,15.595848083496094,process,0.0,0.0,0.0,0.0,N,1.0,0.0
2026-07-31T12:20:08,codecarbon,aa971dbe-bf38-4184-9299-d19566314aba,5b0fa12a-3dd7-45bb-9766-cc326314d9f1,0.7115638999966905,2.754010185247336e-07,3.87036243021905e-07,11.989780324574989,0.0,10.0,2.335748421896348e-06,0.0,1.9193666666574752e-06,4.255115088553823e-06,0.0,Canada,CAN,ontario,,,Windows-10-10.0.26200-SP0,3.11.9,3.2.6,8.0,Intel(R) Core(TM) i7-1065G7 CPU @ 1.30GHz,0.0,,-75.6718,45.3316,15.595848083496094,process,0.0,0.0,0.0,0.0,N,1.0,0.0
2026-07-31T12:20:11,codecarbon,55b49d8f-4025-43a0-a10b-46fee5f5b73a,5b0fa12a-3dd7-45bb-9766-cc326314d9f1,0.2719871000008425,1.0438321440272789e-07,3.837800189876821e-07,12.857567482728255,0.0,10.0,9.26708462006018e-07,0.0,6.860763888855419e-07,1.6127848508915595e-06,0.0,Canada,CAN,ontario,,,Windows-10-10.0.26200-SP0,3.11.9,3.2.6,8.0,Intel(R) Core(TM) i7-1065G7 CPU @ 1.30GHz,0.0,,-75.6718,45.3316,15.595848083496094,process,0.0,0.0,0.0,0.0,N,1.0,0.0
2026-07-31T12:20:13,codecarbon,12f8a231-9c01-4b74-9dcc-b3905d2b0c6a,5b0fa12a-3dd7-45bb-9766-cc326314d9f1,0.2496479999972507,9.594888306802309e-08,3.843366783193926e-07,12.624190954559188,0.0,10.0,8.425714674684873e-07,0.0,6.398977777785654e-07,1.4824692452470528e-06,0.0,Canada,CAN,ontario,,,Windows-10-10.0.26200-SP0,3.11.9,3.2.6,8.0,Intel(R) Core(TM) i7-1065G7 CPU @ 1.30GHz,0.0,,-75.6718,45.3316,15.595848083496094,process,0.0,0.0,0.0,0.0,N,1.0,0.0
2026-07-31T12:20:16,codecarbon,25b02ca0-3a39-4a48-9c4e-2290ea82fccd,5b0fa12a-3dd7-45bb-9766-cc326314d9f1,0.2617172999998729,9.657418873886265e-08,3.690019297115993e-07,11.84717624315643,0.0,10.0,8.251472690469142e-07,0.0,6.669833333338223e-07,1.4921306023807366e-06,0.0,Canada,CAN,ontario,,,Windows-10-10.0.26200-SP0,3.11.9,3.2.6,8.0,Intel(R) Core(TM) i7-1065G7 CPU @ 1.30GHz,0.0,,-75.6718,45.3316,15.595848083496094,process,0.0,0.0,0.0,0.0,N,1.0,0.0
2026-07-31T12:20:18,codecarbon,f137753c-c3fd-432c-9c8f-4cce12496234,5b0fa12a-3dd7-45bb-9766-cc326314d9f1,0.1729783999981009,6.319748009192634e-08,3.653489689615593e-07,12.391439927766246,0.0,10.0,5.609129850057251e-07,0.0,4.1552694444059546e-07,9.764399294463205e-07,0.0,Canada,CAN,ontario,,,Windows-10-10.0.26200-SP0,3.11.9,3.2.6,8.0,Intel(R) Core(TM) i7-1065G7 CPU @ 1.30GHz,0.0,,-75.6718,45.3316,15.595848083496094,process,0.0,0.0,0.0,0.0,N,1.0,0.0
2026-07-31T12:20:21,codecarbon,55a43aee-b7d3-4660-9dbe-717f32dcfafe,5b0fa12a-3dd7-45bb-9766-cc326314d9f1,0.2674346999992849,1.0064952979386729e-07,3.76351796510088e-07,12.13019411026644,0.0,10.0,8.680360166223626e-07,0.0,6.870611111076465e-07,1.555097127730009e-06,0.0,Canada,CAN,ontario,,,Windows-10-10.0.26200-SP0,3.11.9,3.2.6,8.0,Intel(R) Core(TM) i7-1065G7 CPU @ 1.30GHz,0.0,,-75.6718,45.3316,15.595848083496094,process,0.0,0.0,0.0,0.0,N,1.0,0.0
2026-07-31T12:20:23,codecarbon,8ffca6c5-da45-43a9-8564-2ad3518a9ea5,5b0fa12a-3dd7-45bb-9766-cc326314d9f1,0.2209093999990727,8.389706820238384e-08,3.797804357928453e-07,12.60383818053968,0.0,10.0,7.393674056652887e-07,0.0,5.568938888851941e-07,1.2962612945504829e-06,0.0,Canada,CAN,ontario,,,Windows-10-10.0.26200-SP0,3.11.9,3.2.6,8.0,Intel(R) Core(TM) i7-1065G7 CPU @ 1.30GHz,0.0,,-75.6718,45.3316,15.595848083496094,process,0.0,0.0,0.0,0.0,N,1.0,0.0
2026-07-31T12:20:26,codecarbon,85453cea-5595-4792-837d-acce1d670439,5b0fa12a-3dd7-45bb-9766-cc326314d9f1,0.2633166000014171,9.952317891630312e-08,3.7796013967887897e-07,12.382739640076435,0.0,10.0,8.708209807097201e-07,0.0,6.668733333349842e-07,1.5376943140447043e-06,0.0,Canada,CAN,ontario,,,Windows-10-10.0.26200-SP0,3.11.9,3.2.6,8.0,Intel(R) Core(TM) i7-1065G7 CPU @ 1.30GHz,0.0,,-75.6718,45.3316,15.595848083496094,process,0.0,0.0,0.0,0.0,N,1.0,0.0
2026-07-31T12:20:28,codecarbon,d8489ec2-28a1-4fde-8896-a2f0ffa25847,5b0fa12a-3dd7-45bb-9766-cc326314d9f1,0.3311083000007784,1.284554563453524e-07,3.879560142257092e-07,12.554262797541895,0.0,10.0,1.1210921805322454e-06,0.0,8.636236111164584e-07,1.984715791648704e-06,0.0,Canada,CAN,ontario,,,Windows-10-10.0.26200-SP0,3.11.9,3.2.6,8.0,Intel(R) Core(TM) i7-1065G7 CPU @ 1.30GHz,0.0,,-75.6718,45.3316,15.595848083496094,process,0.0,0.0,0.0,0.0,N,1.0,0.0
2026-07-31T12:20:31,codecarbon,1f135139-7b61-4b45-8e64-878e17b03f4f,5b0fa12a-3dd7-45bb-9766-cc326314d9f1,0.2787472999989404,1.1037808187232057e-07,3.9597901709806747e-07,13.176814921814389,0.0,10.0,9.84997295281037e-07,0.0,7.204119444395474e-07,1.7054092397205844e-06,0.0,Canada,CAN,ontario,,,Windows-10-10.0.26200-SP0,3.11.9,3.2.6,8.0,Intel(R) Core(TM) i7-1065G7 CPU @ 1.30GHz,0.0,,-75.6718,45.3316,15.595848083496094,process,0.0,0.0,0.0,0.0,N,1.0,0.0
2026-07-31T12:20:33,codecarbon,db13231a-9dad-47b8-aa46-22ca5eac2d33,5b0fa12a-3dd7-45bb-9766-cc326314d9f1,0.3062503000001015,1.2117413831773092e-07,3.956702681358705e-07,13.043861184067032,0.0,10.0,1.0753627283960794e-06,0.0,7.968522222250208e-07,1.8722149506211003e-06,0.0,Canada,CAN,ontario,,,Windows-10-10.0.26200-SP0,3.11.9,3.2.6,8.0,Intel(R) Core(TM) i7-1065G7 CPU @ 1.30GHz,0.0,,-75.6718,45.3316,15.595848083496094,process,0.0,0.0,0.0,0.0,N,1.0,0.0
2026-07-31T12:20:36,codecarbon,3875dfbc-0133-4c3b-80d4-fba44e305660,5b0fa12a-3dd7-45bb-9766-cc326314d9f1,0.2968083999985538,1.1251673971392085e-07,3.790887984115984e-07,12.124174747534196,0.0,10.0,9.676617073847717e-07,0.0,7.707911111133904e-07,1.7384528184981622e-06,0.0,Canada,CAN,ontario,,,Windows-10-10.0.26200-SP0,3.11.9,3.2.6,8.0,Intel(R) Core(TM) i7-1065G7 CPU @ 1.30GHz,0.0,,-75.6718,45.3316,15.595848083496094,process,0.0,0.0,0.0,0.0,N,1.0,0.0
2026-07-31T12:20:38,codecarbon,7dc85412-29af-4ae7-a335-308c19d520e9,5b0fa12a-3dd7-45bb-9766-cc326314d9f1,0.3384183999987726,1.2744147165269182e-07,3.765796175773954e-07,11.898498088720322,0.0,10.0,1.086410215733216e-06,0.0,8.826388888842808e-07,1.9690491046174967e-06,0.0,Canada,CAN,ontario,,,Windows-10-10.0.26200-SP0,3.11.9,3.2.6,8.0,Intel(R) Core(TM) i7-1065G7 CPU @ 1.30GHz,0.0,,-75.6718,45.3316,15.595848083496094,process,0.0,0.0,0.0,0.0,N,1.0,0.0
2026-07-31T12:20:41,codecarbon,ebf58548-e1e8-49e9-8b99-31786eaab61b,5b0fa12a-3dd7-45bb-9766-cc326314d9f1,0.3941070000000763,1.504716063319775e-07,3.8180394241144747e-07,11.987130800752286,0.0,10.0,1.2816227362153965e-06,0.0,1.0432561111176458e-06,2.3248788473330423e-06,0.0,Canada,CAN,ontario,,,Windows-10-10.0.26200-SP0,3.11.9,3.2.6,8.0,Intel(R) Core(TM) i7-1065G7 CPU @ 1.30GHz,0.0,,-75.6718,45.3316,15.595848083496094,process,0.0,0.0,0.0,0.0,N,1.0,0.0
2026-07-31T12:20:42,codecarbon,d2f56d4a-8cb9-428e-be50-ed2e928acc98,5b0fa12a-3dd7-45bb-9766-cc326314d9f1,0.3282743999989179,1.2163818274688953e-07,3.705381313538018e-07,11.704147363826385,0.0,10.0,1.0334736113038411e-06,0.0,8.459111111025979e-07,1.879384722406439e-06,0.0,Canada,CAN,ontario,,,Windows-10-10.0.26200-SP0,3.11.9,3.2.6,8.0,Intel(R) Core(TM) i7-1065G7 CPU @ 1.30GHz,0.0,,-75.6718,45.3316,15.595848083496094,process,0.0,0.0,0.0,0.0,N,1.0,0.0
2026-07-31T12:20:45,codecarbon,3675a4e5-ce0c-451a-8e06-3206c5280bc1,5b0fa12a-3dd7-45bb-9766-cc326314d9f1,0.4093901999985974,1.59790018626538e-07,3.903122708532971e-07,12.685305262026215,0.0,10.0,1.3973409918970484e-06,0.0,1.0715130555581708e-06,2.46885404745522e-06,0.0,Canada,CAN,ontario,,,Windows-10-10.0.26200-SP0,3.11.9,3.2.6,8.0,Intel(R) Core(TM) i7-1065G7 CPU @ 1.30GHz,0.0,,-75.6718,45.3316,15.595848083496094,process,0.0,0.0,0.0,0.0,N,1.0,0.0
2026-07-31T12:20:47,codecarbon,db6d6d24-23f9-4ada-bd3e-b2b7da4cd9a7,5b0fa12a-3dd7-45bb-9766-cc326314d9f1,0.299984699999186,1.1281556668413669e-07,3.760710685726399e-07,11.933823993577285,0.0,10.0,9.626379345053124e-07,0.0,7.804319444403519e-07,1.7430698789456643e-06,0.0,Canada,CAN,ontario,,,Windows-10-10.0.26200-SP0,3.11.9,3.2.6,8.0,Intel(R) Core(TM) i7-1065G7 CPU @ 1.30GHz,0.0,,-75.6718,45.3316,15.595848083496094,process,0.0,0.0,0.0,0.0,N,1.0,0.0
2026-07-31T12:20:51,codecarbon,e53ee099-63a4-4634-ab58-6433f99da712,5b0fa12a-3dd7-45bb-9766-cc326314d9f1,0.946214499999769,3.744294438289089e-07,3.957130691074808e-07,12.387705387325816,0.0,10.0,3.2178826550545955e-06,0.0,2.567282499997721e-06,5.785165155052317e-06,0.0,Canada,CAN,ontario,,,Windows-10-10.0.26200-SP0,3.11.9,3.2.6,8.0,Intel(R) Core(TM) i7-1065G7 CPU @ 1.30GHz,0.0,,-75.6718,45.3316,15.595848083496094,process,0.0,0.0,0.0,0.0,N,1.0,0.0
2026-07-31T12:20:52,codecarbon,5e8bc7d8-a5ea-4cfa-90a4-6d530e1f0100,5b0fa12a-3dd7-45bb-9766-cc326314d9f1,0.3364838999987114,1.2305324687142506e-07,3.6570322345852587e-07,11.277795906950727,0.0,10.0,1.0223838888564995e-06,0.0,8.788644444393867e-07,1.9012483332958864e-06,0.0,Canada,CAN,ontario,,,Windows-10-10.0.26200-SP0,3.11.9,3.2.6,8.0,Intel(R) Core(TM) i7-1065G7 CPU @ 1.30GHz,0.0,,-75.6718,45.3316,15.595848083496094,process,0.0,0.0,0.0,0.0,N,1.0,0.0
2026-07-31T12:20:57,codecarbon,2fea2d41-9439-4994-a529-a2ede4a6a9be,5b0fa12a-3dd7-45bb-9766-cc326314d9f1,0.3508381999999983,1.3509721143328544e-07,3.850698453967842e-07,12.336500068842076,0.0,10.0,1.16909721419075e-06,0.0,9.182377777809356e-07,2.0873349919716856e-06,0.0,Canada,CAN,ontario,,,Windows-10-10.0.26200-SP0,3.11.9,3.2.6,8.0,Intel(R) Core(TM) i7-1065G7 CPU @ 1.30GHz,0.0,,-75.6718,45.3316,15.595848083496094,process,0.0,0.0,0.0,0.0,N,1.0,0.0
2026-07-31T12:21:02,codecarbon,497a05ce-21d5-47c3-b319-0d55ac51b844,5b0fa12a-3dd7-45bb-9766-cc326314d9f1,0.4269334999989951,1.670249131017563e-07,3.912199747786234e-07,12.520596306696412,0.0,10.0,1.45043039383558e-06,0.0,1.1302072222153786e-06,2.5806376160509588e-06,0.0,Canada,CAN,ontario,,,Windows-10-10.0.26200-SP0,3.11.9,3.2.6,8.0,Intel(R) Core(TM) i7-1065G7 CPU @ 1.30GHz,0.0,,-75.6718,45.3316,15.595848083496094,process,0.0,0.0,0.0,0.0,N,1.0,0.0
2026-07-31T12:21:07,codecarbon,eaff555b-13ca-4abc-b639-0b78c275719d,5b0fa12a-3dd7-45bb-9766-cc326314d9f1,0.2131953000025532,7.243835019365778e-08,3.3977461132018505e-07,10.48300986263784,0.0,10.0,5.914773327843982e-07,0.0,5.277397222218698e-07,1.119217055006268e-06,0.0,Canada,CAN,ontario,,,Windows-10-10.0.26200-SP0,3.11.9,3.2.6,8.0,Intel(R) Core(TM) i7-1065G7 CPU @ 1.30GHz,0.0,,-75.6718,45.3316,15.595848083496094,process,0.0,0.0,0.0,0.0,N,1.0,0.0
2026-07-31T12:21:12,codecarbon,257ddd1d-9281-486d-9215-1cea625ebfe5,5b0fa12a-3dd7-45bb-9766-cc326314d9f1,0.4433859999990091,1.7374583879339484e-07,3.918613551031904e-07,12.543508511565532,0.0,10.0,1.509686161992808e-06,0.0,1.1747938888927615e-06,2.6844800508855697e-06,0.0,Canada,CAN,ontario,,,Windows-10-10.0.26200-SP0,3.11.9,3.2.6,8.0,Intel(R) Core(TM) i7-1065G7 CPU @ 1.30GHz,0.0,,-75.6718,45.3316,15.595848083496094,process,0.0,0.0,0.0,0.0,N,1.0,0.0
2026-07-31T12:52:37,codecarbon,ff26674a-5877-41f9-9094-2d20fd2792fe,5b0fa12a-3dd7-45bb-9766-cc326314d9f1,1.93611349999992,5.124379390382869e-07,2.6467350134086056e-07,4.904992518681575,0.0,10.0,2.6171154382619265e-06,0.0,5.300365833338422e-06,7.917481271600349e-06,0.0,Canada,CAN,ontario,,,Windows-10-10.0.26200-SP0,3.11.9,3.2.6,8.0,Intel(R) Core(TM) i7-1065G7 CPU @ 1.30GHz,0.0,,-75.6718,45.3316,15.595848083496094,process,0.0,0.0,67.4,10.519386291503906,N,1.0,0.0
2026-07-31T12:52:42,codecarbon,4f5b5d21-dc48-4c07-90b5-f164c1b950ad,5b0fa12a-3dd7-45bb-9766-cc326314d9f1,0.4471306999985245,1.21519446676831e-07,2.717761197726571e-07,5.746160475105716,0.0,10.0,6.966012882290941e-07,0.0,1.1809488888805694e-06,1.877550177109664e-06,0.0,Canada,CAN,ontario,,,Windows-10-10.0.26200-SP0,3.11.9,3.2.6,8.0,Intel(R) Core(TM) i7-1065G7 CPU @ 1.30GHz,0.0,,-75.6718,45.3316,15.595848083496094,process,0.0,0.0,0.0,0.0,N,1.0,0.0
2026-07-31T12:52:48,codecarbon,6aab02e1-6d77-4a77-bac9-2ace32a5fffe,5b0fa12a-3dd7-45bb-9766-cc326314d9f1,0.9211189999987256,2.502480613923551e-07,2.71678318862928e-07,5.386297867761025,0.0,10.0,1.3632681002233768e-06,0.0,2.503218333327419e-06,3.8664864335507954e-06,0.0,Canada,CAN,ontario,,,Windows-10-10.0.26200-SP0,3.11.9,3.2.6,8.0,Intel(R) Core(TM) i7-1065G7 CPU @ 1.30GHz,0.0,,-75.6718,45.3316,15.595848083496094,process,0.0,0.0,0.0,0.0,N,1.0,0.0
2026-07-31T12:52:53,codecarbon,216d0188-ae69-4bb7-ac94-d5029d8b4c84,5b0fa12a-3dd7-45bb-9766-cc326314d9f1,0.2969994000013685,7.828712617049104e-08,2.6359354992006826e-07,5.516195644583663,0.0,10.0,4.400486848890088e-07,0.0,7.695355555471098e-07,1.2095842404361189e-06,0.0,Canada,CAN,ontario,,,Windows-10-10.0.26200-SP0,3.11.9,3.2.6,8.0,Intel(R) Core(TM) i7-1065G7 CPU @ 1.30GHz,0.0,,-75.6718,45.3316,15.595848083496094,process,0.0,0.0,0.0,0.0,N,1.0,0.0
2026-07-31T12:52:59,codecarbon,68c76817-088c-4ae1-808d-ae58178ed229,5b0fa12a-3dd7-45bb-9766-cc326314d9f1,1.265091899993422,4.10755457822122e-07,3.246842840620968e-07,8.281295672058253,0.0,10.0,2.887350798106879e-06,0.0,3.4590736110961494e-06,6.3464244092030286e-06,0.0,Canada,CAN,ontario,,,Windows-10-10.0.26200-SP0,3.11.9,3.2.6,8.0,Intel(R) Core(TM) i7-1065G7 CPU @ 1.30GHz,0.0,,-75.6718,45.3316,15.595848083496094,process,0.0,0.0,68.0,10.609310150146484,N,1.0,0.0
2026-07-31T12:53:05,codecarbon,da073baa-c88a-4afb-927d-a884b7eb45e5,5b0fa12a-3dd7-45bb-9766-cc326314d9f1,1.150752100002137,3.969126767193717e-07,3.449158830287033e-07,9.535028841916052,0.0,10.0,3.011850484382184e-06,0.0,3.1206944444420515e-06,6.132544928824236e-06,0.0,Canada,CAN,ontario,,,Windows-10-10.0.26200-SP0,3.11.9,3.2.6,8.0,Intel(R) Core(TM) i7-1065G7 CPU @ 1.30GHz,0.0,,-75.6718,45.3316,15.595848083496094,process,0.0,0.0,67.2,10.476661682128906,N,1.0,0.0
2026-07-31T12:53:11,codecarbon,1422c74b-87db-4891-9085-7c22c39c39b5,5b0fa12a-3dd7-45bb-9766-cc326314d9f1,1.3928979999982405,4.602879157401549e-07,3.304534256928622e-07,8.589615911568842,0.0,10.0,3.3000166208119754e-06,0.0,3.811714722218716e-06,7.111731343030691e-06,0.0,Canada,CAN,ontario,,,Windows-10-10.0.26200-SP0,3.11.9,3.2.6,8.0,Intel(R) Core(TM) i7-1065G7 CPU @ 1.30GHz,0.0,,-75.6718,45.3316,15.595848083496094,process,0.0,0.0,67.2,10.475105285644531,N,1.0,0.0
2026-07-31T12:53:16,codecarbon,08a9322d-5c1a-4b74-8a5d-8eb04c2770d3,5b0fa12a-3dd7-45bb-9766-cc326314d9f1,1.2819967999967048,4.549440742348156e-07,3.548714585215696e-07,9.96570938644244,0.0,10.0,3.521927650145023e-06,0.0,3.5072380555397507e-06,7.029165705684774e-06,0.0,Canada,CAN,ontario,,,Windows-10-10.0.26200-SP0,3.11.9,3.2.6,8.0,Intel(R) Core(TM) i7-1065G7 CPU @ 1.30GHz,0.0,,-75.6718,45.3316,15.595848083496094,process,0.0,0.0,66.8,10.412548065185549,N,1.0,0.0
2026-07-31T12:53:22,codecarbon,2b6265cd-fd71-406e-8152-668e8e1f87ee,5b0fa12a-3dd7-45bb-9766-cc326314d9f1,0.5739587999996729,2.011845136719954e-07,3.505208277529852e-07,10.020244609127111,0.0,10.0,1.5697094506241423e-06,0.0,1.5387149999999868e-06,3.108424450624129e-06,0.0,Canada,CAN,ontario,,,Windows-10-10.0.26200-SP0,3.11.9,3.2.6,8.0,Intel(R) Core(TM) i7-1065G7 CPU @ 1.30GHz,0.0,,-75.6718,45.3316,15.595848083496094,process,0.0,0.0,0.0,0.0,N,1.0,0.0
2026-07-31T12:53:27,codecarbon,4f553dbc-fd27-44c6-acfe-1da8c2ddcf44,5b0fa12a-3dd7-45bb-9766-cc326314d9f1,0.8805528000011691,3.0921096116369133e-07,3.5115550272883216e-07,9.873409240033263,0.0,10.0,2.3870675486204864e-06,0.0,2.3904319444530604e-06,4.777499493073547e-06,0.0,Canada,CAN,ontario,,,Windows-10-10.0.26200-SP0,3.11.9,3.2.6,8.0,Intel(R) Core(TM) i7-1065G7 CPU @ 1.30GHz,0.0,,-75.6718,45.3316,15.595848083496094,process,0.0,0.0,0.0,0.0,N,1.0,0.0
2026-07-31T12:53:32,codecarbon,c8f982f4-3fc5-41ca-ace3-2e0be15972cb,5b0fa12a-3dd7-45bb-9766-cc326314d9f1,0.2809501000010641,8.35584184291234e-08,2.974137344275973e-07,7.4857748673866675,0.0,10.0,5.648322806480675e-07,0.0,7.261966666596386e-07,1.291028947307706e-06,0.0,Canada,CAN,ontario,,,Windows-10-10.0.26200-SP0,3.11.9,3.2.6,8.0,Intel(R) Core(TM) i7-1065G7 CPU @ 1.30GHz,0.0,,-75.6718,45.3316,15.595848083496094,process,0.0,0.0,0.0,0.0,N,1.0,0.0
2026-07-31T12:53:37,codecarbon,b574d2f4-df7b-4623-bb16-78491defeb42,5b0fa12a-3dd7-45bb-9766-cc326314d9f1,0.2724865999989561,9.237647285186353e-08,3.390129013764986e-07,9.977594740519258,0.0,10.0,7.268774772880974e-07,0.0,7.003958333370974e-07,1.4272733106251948e-06,0.0,Canada,CAN,ontario,,,Windows-10-10.0.26200-SP0,3.11.9,3.2.6,8.0,Intel(R) Core(TM) i7-1065G7 CPU @ 1.30GHz,0.0,,-75.6718,45.3316,15.595848083496094,process,0.0,0.0,0.0,0.0,N,1.0,0.0
2026-07-31T12:53:42,codecarbon,d7119258-c769-4ded-9154-6839ac85af7e,5b0fa12a-3dd7-45bb-9766-cc326314d9f1,0.7295083999997587,1.8626871081007946e-07,2.553345661408985e-07,4.569984215761924,0.0,10.0,9.124797353409548e-07,0.0,1.965486388892007e-06,2.8779661242329618e-06,0.0,Canada,CAN,ontario,,,Windows-10-10.0.26200-SP0,3.11.9,3.2.6,8.0,Intel(R) Core(TM) i7-1065G7 CPU @ 1.30GHz,0.0,,-75.6718,45.3316,15.595848083496094,process,0.0,0.0,0.0,0.0,N,1.0,0.0
2026-07-31T12:53:48,codecarbon,1f30d02d-e3fd-4a13-a097-6c4b6f6154cc,5b0fa12a-3dd7-45bb-9766-cc326314d9f1,1.28860039999563,4.43910490756824e-07,3.444904182540448e-07,9.388257785906388,0.0,10.0,3.334294778286504e-06,0.0,3.5243952777818777e-06,6.8586900560683806e-06,0.0,Canada,CAN,ontario,,,Windows-10-10.0.26200-SP0,3.11.9,3.2.6,8.0,Intel(R) Core(TM) i7-1065G7 CPU @ 1.30GHz,0.0,,-75.6718,45.3316,15.595848083496094,process,0.0,0.0,66.3,10.340435028076172,N,1.0,0.0
2026-07-31T12:53:53,codecarbon,3719b534-3b19-4786-b53d-5c72313b9efb,5b0fa12a-3dd7-45bb-9766-cc326314d9f1,0.4073308000006364,1.4169156888313668e-07,3.4785380551363985e-07,10.086653628174563,0.0,10.0,1.1134085363116046e-06,0.0,1.0758133333284706e-06,2.1892218696400754e-06,0.0,Canada,CAN,ontario,,,Windows-10-10.0.26200-SP0,3.11.9,3.2.6,8.0,Intel(R) Core(TM) i7-1065G7 CPU @ 1.30GHz,0.0,,-75.6718,45.3316,15.595848083496094,process,0.0,0.0,0.0,0.0,N,1.0,0.0
2026-07-31T12:53:59,codecarbon,22907246-154a-4b3d-96d0-7955f8572973,5b0fa12a-3dd7-45bb-9766-cc326314d9f1,1.3734742000015103,5.009318388405457e-07,3.647187830976329e-07,10.511348644491044,0.0,10.0,3.981401336984248e-06,0.0,3.7583036111148735e-06,7.73970494809912e-06,0.0,Canada,CAN,ontario,,,Windows-10-10.0.26200-SP0,3.11.9,3.2.6,8.0,Intel(R) Core(TM) i7-1065G7 CPU @ 1.30GHz,0.0,,-75.6718,45.3316,15.595848083496094,process,0.0,0.0,65.3,10.184089660644531,N,1.0,0.0
2026-07-31T12:54:05,codecarbon,a7225f91-fc6e-471b-b3cf-5f833a8ea6f4,5b0fa12a-3dd7-45bb-9766-cc326314d9f1,1.1074220000009518,3.935835918080849e-07,3.554052491351505e-07,10.0490774699382,0.0,10.0,3.0640932420180205e-06,0.0,3.0170152777726697e-06,6.08110851979069e-06,0.0,Canada,CAN,ontario,,,Windows-10-10.0.26200-SP0,3.11.9,3.2.6,8.0,Intel(R) Core(TM) i7-1065G7 CPU @ 1.30GHz,0.0,,-75.6718,45.3316,15.595848083496094,process,0.0,0.0,65.3,10.190692901611328,N,1.0,0.0
2026-07-31T12:54:10,codecarbon,6c2a2b13-add2-48ec-b907-19e45efd37ff,5b0fa12a-3dd7-45bb-9766-cc326314d9f1,1.003789099995629,3.630944606737749e-07,3.617238528246182e-07,10.422629280783326,0.0,10.0,2.877373528426605e-06,0.0,2.732659166657767e-06,5.610032695084372e-06,0.0,Canada,CAN,ontario,,,Windows-10-10.0.26200-SP0,3.11.9,3.2.6,8.0,Intel(R) Core(TM) i7-1065G7 CPU @ 1.30GHz,0.0,,-75.6718,45.3316,15.595848083496094,process,0.0,0.0,0.0,0.0,N,1.0,0.0
2026-07-31T12:54:15,codecarbon,f9f7ce37-bec5-4d87-b797-e65b1c535912,5b0fa12a-3dd7-45bb-9766-cc326314d9f1,0.2977788999996846,1.0075682464041632e-07,3.38361195640534e-07,9.777698206666074,0.0,10.0,7.830521213186524e-07,0.0,7.737027777693585e-07,1.556754899088011e-06,0.0,Canada,CAN,ontario,,,Windows-10-10.0.26200-SP0,3.11.9,3.2.6,8.0,Intel(R) Core(TM) i7-1065G7 CPU @ 1.30GHz,0.0,,-75.6718,45.3316,15.595848083496094,process,0.0,0.0,0.0,0.0,N,1.0,0.0
2026-07-31T12:54:20,codecarbon,45af25c3-da28-4f2d-b97f-1f64698514b1,5b0fa12a-3dd7-45bb-9766-cc326314d9f1,0.2942468000037479,9.815901917819564e-08,3.3359417732646653e-07,9.562485879488232,0.0,10.0,7.555580405594771e-07,0.0,7.610591666687268e-07,1.516617207228204e-06,0.0,Canada,CAN,ontario,,,Windows-10-10.0.26200-SP0,3.11.9,3.2.6,8.0,Intel(R) Core(TM) i7-1065G7 CPU @ 1.30GHz,0.0,,-75.6718,45.3316,15.595848083496094,process,0.0,0.0,0.0,0.0,N,1.0,0.0
2026-07-31T12:54:26,codecarbon,5bd7b8ed-895c-490d-bab3-314f88b5e142,5b0fa12a-3dd7-45bb-9766-cc326314d9f1,0.8255999000029988,3.0157651088463573e-07,3.652816707990642e-07,10.6769549796889,0.0,10.0,2.4198464305048462e-06,0.0,2.2396961111048266e-06,4.659542541609673e-06,0.0,Canada,CAN,ontario,,,Windows-10-10.0.26200-SP0,3.11.9,3.2.6,8.0,Intel(R) Core(TM) i7-1065G7 CPU @ 1.30GHz,0.0,,-75.6718,45.3316,15.595848083496094,process,0.0,0.0,0.0,0.0,N,1.0,0.0
2026-07-31T12:54:31,codecarbon,a585fda9-1ef3-444a-ac31-c6fdcf8a0a0b,5b0fa12a-3dd7-45bb-9766-cc326314d9f1,0.409293600001547,1.443156343284762e-07,3.525968505931456e-07,10.350069488991934,0.0,10.0,1.1483180721582785e-06,0.0,1.0814472222288411e-06,2.22976529438712e-06,0.0,Canada,CAN,ontario,,,Windows-10-10.0.26200-SP0,3.11.9,3.2.6,8.0,Intel(R) Core(TM) i7-1065G7 CPU @ 1.30GHz,0.0,,-75.6718,45.3316,15.595848083496094,process,0.0,0.0,0.0,0.0,N,1.0,0.0
2026-07-31T12:54:36,codecarbon,0565e6b7-743e-4944-a334-93494ad898ec,5b0fa12a-3dd7-45bb-9766-cc326314d9f1,0.4257966000004671,1.483859641774093e-07,3.484902513952589e-07,10.08123242178924,0.0,10.0,1.1649813379470195e-06,0.0,1.1276730555740262e-06,2.2926543935210457e-06,0.0,Canada,CAN,ontario,,,Windows-10-10.0.26200-SP0,3.11.9,3.2.6,8.0,Intel(R) Core(TM) i7-1065G7 CPU @ 1.30GHz,0.0,,-75.6718,45.3316,15.595848083496094,process,0.0,0.0,0.0,0.0,N,1.0,0.0
2026-07-31T12:54:41,codecarbon,0deb6640-8d95-4ddc-8c93-1effe0e04a21,5b0fa12a-3dd7-45bb-9766-cc326314d9f1,0.4211476000054972,1.516248649287203e-07,3.600278499194609e-07,10.72179727274963,0.0,10.0,1.2269476796078987e-06,0.0,1.1157497222181217e-06,2.3426974018260204e-06,0.0,Canada,CAN,ontario,,,Windows-10-10.0.26200-SP0,3.11.9,3.2.6,8.0,Intel(R) Core(TM) i7-1065G7 CPU @ 1.30GHz,0.0,,-75.6718,45.3316,15.595848083496094,process,0.0,0.0,0.0,0.0,N,1.0,0.0
2026-07-31T12:54:46,codecarbon,c77ac52b-14bc-4368-bb8d-1cbe173c175d,5b0fa12a-3dd7-45bb-9766-cc326314d9f1,0.7209054999984801,2.580069393170472e-07,3.5789287128145255e-07,10.34839034796248,0.0,10.0,2.043976979781945e-06,0.0,1.942388888872099e-06,3.986365868654045e-06,0.0,Canada,CAN,ontario,,,Windows-10-10.0.26200-SP0,3.11.9,3.2.6,8.0,Intel(R) Core(TM) i7-1065G7 CPU @ 1.30GHz,0.0,,-75.6718,45.3316,15.595848083496094,process,0.0,0.0,0.0,0.0,N,1.0,0.0
2026-07-31T12:54:52,codecarbon,30e7ead3-9076-4622-b346-a6fbd3b393f6,5b0fa12a-3dd7-45bb-9766-cc326314d9f1,1.3588108999974793,4.897151356144198e-07,3.603997698394444e-07,10.266261396227833,0.0,10.0,3.8470533190984444e-06,0.0,3.719346666669784e-06,7.566399985768228e-06,0.0,Canada,CAN,ontario,,,Windows-10-10.0.26200-SP0,3.11.9,3.2.6,8.0,Intel(R) Core(TM) i7-1065G7 CPU @ 1.30GHz,0.0,,-75.6718,45.3316,15.595848083496094,process,0.0,0.0,65.4,10.201763153076172,N,1.0,0.0
2026-07-31T12:54:58,codecarbon,0193e0f2-b7fa-4b58-863f-540d41638f2e,5b0fa12a-3dd7-45bb-9766-cc326314d9f1,1.419703900006425,4.467359112855757e-07,3.146683694279869e-07,7.702532959162314,0.0,10.0,3.0156884295622944e-06,0.0,3.886656111111128e-06,6.902344540673422e-06,0.0,Canada,CAN,ontario,,,Windows-10-10.0.26200-SP0,3.11.9,3.2.6,8.0,Intel(R) Core(TM) i7-1065G7 CPU @ 1.30GHz,0.0,,-75.6718,45.3316,15.595848083496094,process,0.0,0.0,65.4,10.201488494873049,N,1.0,0.0
2026-07-31T12:55:04,codecarbon,3c416871-a087-477b-8855-f34f4ad40b8f,5b0fa12a-3dd7-45bb-9766-cc326314d9f1,1.425694899997325,4.6404657150457083e-07,3.254879929116964e-07,8.303335154079278,0.0,10.0,3.2648243303508512e-06,0.0,3.904980555550234e-06,7.169804885901085e-06,0.0,Canada,CAN,ontario,,,Windows-10-10.0.26200-SP0,3.11.9,3.2.6,8.0,Intel(R) Core(TM) i7-1065G7 CPU @ 1.30GHz,0.0,,-75.6718,45.3316,15.595848083496094,process,0.0,0.0,65.7,10.246868133544922,N,1.0,0.0
2026-07-31T12:55:09,codecarbon,3d841210-cacd-424d-a8e0-2ec4ef4c809d,5b0fa12a-3dd7-45bb-9766-cc326314d9f1,0.5738359999959357,1.962332101368032e-07,3.4196740904752057e-07,9.532893662490691,0.0,10.0,1.4930868218570842e-06,0.0,1.5388369444432707e-06,3.031923766300355e-06,0.0,Canada,CAN,ontario,,,Windows-10-10.0.26200-SP0,3.11.9,3.2.6,8.0,Intel(R) Core(TM) i7-1065G7 CPU @ 1.30GHz,0.0,,-75.6718,45.3316,15.595848083496094,process,0.0,0.0,0.0,0.0,N,1.0,0.0
2026-07-31T12:55:14,codecarbon,c4eda219-893d-4e85-b24b-bb5b91fbe951,5b0fa12a-3dd7-45bb-9766-cc326314d9f1,0.3630626000012853,1.0839156695565433e-07,2.985478728882308e-07,7.362400181696831,0.0,10.0,7.215096960099145e-07,0.0,9.532066666805704e-07,1.6747163626904848e-06,0.0,Canada,CAN,ontario,,,Windows-10-10.0.26200-SP0,3.11.9,3.2.6,8.0,Intel(R) Core(TM) i7-1065G7 CPU @ 1.30GHz,0.0,,-75.6718,45.3316,15.595848083496094,process,0.0,0.0,0.0,0.0,N,1.0,0.0
2026-07-31T12:55:20,codecarbon,ef593a55-27dc-4019-9386-c26056192267,5b0fa12a-3dd7-45bb-9766-cc326314d9f1,0.7246129999984987,2.352987304248633e-07,3.247233080628567e-07,8.451026029332548,0.0,10.0,1.6783014662100215e-06,0.0,1.957208611101022e-06,3.6355100773110434e-06,0.0,Canada,CAN,ontario,,,Windows-10-10.0.26200-SP0,3.11.9,3.2.6,8.0,Intel(R) Core(TM) i7-1065G7 CPU @ 1.30GHz,0.0,,-75.6718,45.3316,15.595848083496094,process,0.0,0.0,0.0,0.0,N,1.0,0.0
2026-07-31T12:55:25,codecarbon,a9a87601-4145-439e-aa6b-982e96a975d9,5b0fa12a-3dd7-45bb-9766-cc326314d9f1,0.3077106999990064,1.0450413246272725e-07,3.396181298312495e-07,9.898705105515855,0.0,10.0,8.171378314980315e-07,0.0,7.975152777766602e-07,1.6146531092746918e-06,0.0,Canada,CAN,ontario,,,Windows-10-10.0.26200-SP0,3.11.9,3.2.6,8.0,Intel(R) Core(TM) i7-1065G7 CPU @ 1.30GHz,0.0,,-75.6718,45.3316,15.595848083496094,process,0.0,0.0,0.0,0.0,N,1.0,0.0
2026-07-31T12:55:29,codecarbon,e09855e4-0cf6-4313-b669-2e587ec29206,5b0fa12a-3dd7-45bb-9766-cc326314d9f1,0.3238476000042283,1.1208777682488217e-07,3.461127296401724e-07,10.246782394060832,0.0,10.0,8.933850780735555e-07,0.0,8.384400000068126e-07,1.731825078080368e-06,0.0,Canada,CAN,ontario,,,Windows-10-10.0.26200-SP0,3.11.9,3.2.6,8.0,Intel(R) Core(TM) i7-1065G7 CPU @ 1.30GHz,0.0,,-75.6718,45.3316,15.595848083496094,process,0.0,0.0,0.0,0.0,N,1.0,0.0
2026-07-31T12:55:34,codecarbon,7bedd663-1ef0-445b-998f-bd5acf0685d9,5b0fa12a-3dd7-45bb-9766-cc326314d9f1,0.3053615999961039,1.0549046373277465e-07,3.454608036312379e-07,10.249200602521077,0.0,10.0,8.397958672552959e-07,0.0,7.900966666663105e-07,1.6298925339216063e-06,0.0,Canada,CAN,ontario,,,Windows-10-10.0.26200-SP0,3.11.9,3.2.6,8.0,Intel(R) Core(TM) i7-1065G7 CPU @ 1.30GHz,0.0,,-75.6718,45.3316,15.595848083496094,process,0.0,0.0,0.0,0.0,N,1.0,0.0
2026-07-31T12:55:39,codecarbon,799f227c-a35b-487c-b646-7c1ca141809d,5b0fa12a-3dd7-45bb-9766-cc326314d9f1,0.2831318000025931,9.788941363575905e-08,3.457379695070017e-07,10.338213023725396,0.0,10.0,7.836477469216825e-07,0.0,7.288038888873416e-07,1.512451635809024e-06,0.0,Canada,CAN,ontario,,,Windows-10-10.0.26200-SP0,3.11.9,3.2.6,8.0,Intel(R) Core(TM) i7-1065G7 CPU @ 1.30GHz,0.0,,-75.6718,45.3316,15.595848083496094,process,0.0,0.0,0.0,0.0,N,1.0,0.0
2026-07-31T12:55:44,codecarbon,30d459e3-cbe9-4668-9b2d-3a1fe9e7c75a,5b0fa12a-3dd7-45bb-9766-cc326314d9f1,0.703002899994317,2.347191679777179e-07,3.338807961953149e-07,8.99864417749558,0.0,10.0,1.7318388144526056e-06,0.0,1.8947166666597088e-06,3.6265554811123135e-06,0.0,Canada,CAN,ontario,,,Windows-10-10.0.26200-SP0,3.11.9,3.2.6,8.0,Intel(R) Core(TM) i7-1065G7 CPU @ 1.30GHz,0.0,,-75.6718,45.3316,15.595848083496094,process,0.0,0.0,0.0,0.0,N,1.0,0.0
2026-07-31T12:55:51,codecarbon,c0ad6e4b-2da7-4f5e-b80b-40c92dbd0f54,5b0fa12a-3dd7-45bb-9766-cc326314d9f1,1.626629899998079,5.7874027278447e-07,3.5579099633245e-07,10.054314747693184,0.0,10.0,4.506561154834902e-06,0.0,4.435331944437672e-06,8.941893099272574e-06,0.0,Canada,CAN,ontario,,,Windows-10-10.0.26200-SP0,3.11.9,3.2.6,8.0,Intel(R) Core(TM) i7-1065G7 CPU @ 1.30GHz,0.0,,-75.6718,45.3316,15.595848083496094,process,0.0,0.0,66.0,10.292854309082031,N,1.0,0.0
2026-07-31T12:55:56,codecarbon,2d102306-dbd6-40e6-9e1e-48ac63d80416,5b0fa12a-3dd7-45bb-9766-cc326314d9f1,0.5009481000015512,1.7427384933480856e-07,3.4788803337964333e-07,10.040333817909811,0.0,10.0,1.3640236939833958e-06,0.0,1.3286144444565353e-06,2.692638138439931e-06,0.0,Canada,CAN,ontario,,,Windows-10-10.0.26200-SP0,3.11.9,3.2.6,8.0,Intel(R) Core(TM) i7-1065G7 CPU @ 1.30GHz,0.0,,-75.6718,45.3316,15.595848083496094,process,0.0,0.0,0.0,0.0,N,1.0,0.0
2026-07-31T12:56:01,codecarbon,98890c31-de28-4dc5-bbb2-2a998dcef251,5b0fa12a-3dd7-45bb-9766-cc326314d9f1,0.4088008000035188,1.3994915447402868e-07,3.42340705969323e-07,10.05838210546336,0.0,10.0,1.1023288288815167e-06,0.0,1.0599716666749575e-06,2.162300495556474e-06,0.0,Canada,CAN,ontario,,,Windows-10-10.0.26200-SP0,3.11.9,3.2.6,8.0,Intel(R) Core(TM) i7-1065G7 CPU @ 1.30GHz,0.0,,-75.6718,45.3316,15.595848083496094,process,0.0,0.0,0.0,0.0,N,1.0,0.0
2026-07-31T12:56:08,codecarbon,fdf6f2d7-7b86-4c37-ae43-0de6db2d6fc8,5b0fa12a-3dd7-45bb-9766-cc326314d9f1,2.089372000002186,7.346252355180752e-07,3.516009765218002e-07,9.76908770808218,0.0,10.0,5.629561076292359e-06,0.0,5.720850555553625e-06,1.1350411631845984e-05,0.0,Canada,CAN,ontario,,,Windows-10-10.0.26200-SP0,3.11.9,3.2.6,8.0,Intel(R) Core(TM) i7-1065G7 CPU @ 1.30GHz,0.0,,-75.6718,45.3316,15.595848083496094,process,50.0,0.0,66.6,10.391813278198242,N,1.0,0.0
2026-07-31T12:56:13,codecarbon,b22bf940-d079-4130-b1e5-54e83c118fb4,5b0fa12a-3dd7-45bb-9766-cc326314d9f1,0.4277838000052725,1.516483900723527e-07,3.54497739443344e-07,10.520003907125334,0.0,10.0,1.2169292130908391e-06,0.0,1.1261316666706182e-06,2.3430608797614573e-06,0.0,Canada,CAN,ontario,,,Windows-10-10.0.26200-SP0,3.11.9,3.2.6,8.0,Intel(R) Core(TM) i7-1065G7 CPU @ 1.30GHz,0.0,,-75.6718,45.3316,15.595848083496094,process,0.0,0.0,0.0,0.0,N,1.0,0.0
2026-07-31T12:56:18,codecarbon,a0ea9706-79ab-4ca6-9969-1f2eb1414a77,5b0fa12a-3dd7-45bb-9766-cc326314d9f1,0.4674831000011181,1.8007197599929473e-07,3.851946220063656e-07,12.450100305983913,0.0,10.0,1.5664816497460018e-06,0.0,1.2157411111022358e-06,2.7822227608482376e-06,0.0,Canada,CAN,ontario,,,Windows-10-10.0.26200-SP0,3.11.9,3.2.6,8.0,Intel(R) Core(TM) i7-1065G7 CPU @ 1.30GHz,0.0,,-75.6718,45.3316,15.595848083496094,process,0.0,0.0,0.0,0.0,N,1.0,0.0
2026-07-31T12:56:23,codecarbon,d540a7c5-2f0d-4b5d-bc82-915b10c2ac50,5b0fa12a-3dd7-45bb-9766-cc326314d9f1,0.4419341000029817,1.6115100182580078e-07,3.646493941624181e-07,10.98161622062279,0.0,10.0,1.317518185900512e-06,0.0,1.1723638888927074e-06,2.48988207479322e-06,0.0,Canada,CAN,ontario,,,Windows-10-10.0.26200-SP0,3.11.9,3.2.6,8.0,Intel(R) Core(TM) i7-1065G7 CPU @ 1.30GHz,0.0,,-75.6718,45.3316,15.595848083496094,process,0.0,0.0,0.0,0.0,N,1.0,0.0
2026-07-31T12:56:28,codecarbon,48736d38-e69a-4f4f-b255-2fdff6190f44,5b0fa12a-3dd7-45bb-9766-cc326314d9f1,0.4609379000030458,1.7036233587932438e-07,3.69599323202103e-07,11.276824915353297,0.0,10.0,1.412017294690084e-06,0.0,1.22018555555567e-06,2.632202850245754e-06,0.0,Canada,CAN,ontario,,,Windows-10-10.0.26200-SP0,3.11.9,3.2.6,8.0,Intel(R) Core(TM) i7-1065G7 CPU @ 1.30GHz,0.0,,-75.6718,45.3316,15.595848083496094,process,0.0,0.0,0.0,0.0,N,1.0,0.0
2026-07-31T12:56:34,codecarbon,2d505583-a30f-4329-98b0-0b177a692163,5b0fa12a-3dd7-45bb-9766-cc326314d9f1,0.319562999997288,1.1320989391492265e-07,3.542647112334139e-07,11.068345340645813,0.0,10.0,9.39961088262366e-07,0.0,8.092013888825831e-07,1.7491624771449492e-06,0.0,Canada,CAN,ontario,,,Windows-10-10.0.26200-SP0,3.11.9,3.2.6,8.0,Intel(R) Core(TM) i7-1065G7 CPU @ 1.30GHz,0.0,,-75.6718,45.3316,15.595848083496094,process,0.0,0.0,0.0,0.0,N,1.0,0.0
2026-07-31T12:56:39,codecarbon,54ece2df-79f8-4987-ba2b-6a79dc6015b3,5b0fa12a-3dd7-45bb-9766-cc326314d9f1,0.7917310000048019,2.952943867125617e-07,3.729731268710846e-07,11.373042474091717,0.0,10.0,2.4509393045275143e-06,0.0,2.1115405555570354e-06,4.562479860084549e-06,0.0,Canada,CAN,ontario,,,Windows-10-10.0.26200-SP0,3.11.9,3.2.6,8.0,Intel(R) Core(TM) i7-1065G7 CPU @ 1.30GHz,0.0,,-75.6718,45.3316,15.595848083496094,process,0.0,0.0,0.0,0.0,N,1.0,0.0
2026-07-31T12:56:44,codecarbon,846461af-e552-442f-ae9f-5c416e711bb7,5b0fa12a-3dd7-45bb-9766-cc326314d9f1,0.527718500001356,1.978450975111187e-07,3.749065032031478e-07,11.76604668977178,0.0,10.0,1.6757961952091978e-06,0.0,1.3810322222222265e-06,3.056828417431424e-06,0.0,Canada,CAN,ontario,,,Windows-10-10.0.26200-SP0,3.11.9,3.2.6,8.0,Intel(R) Core(TM) i7-1065G7 CPU @ 1.30GHz,0.0,,-75.6718,45.3316,15.595848083496094,process,0.0,0.0,0.0,0.0,N,1.0,0.0
2026-07-31T12:56:50,codecarbon,e7e449f2-be6e-4998-8c98-9d0bc7c65bd8,5b0fa12a-3dd7-45bb-9766-cc326314d9f1,1.1359463999979198,3.957139872644639e-07,3.483562140477654e-07,9.770197819678971,0.0,10.0,3.042233884093644e-06,0.0,3.071790555542167e-06,6.1140244396358105e-06,0.0,Canada,CAN,ontario,,,Windows-10-10.0.26200-SP0,3.11.9,3.2.6,8.0,Intel(R) Core(TM) i7-1065G7 CPU @ 1.30GHz,0.0,,-75.6718,45.3316,15.595848083496094,process,0.0,0.0,64.7,10.092658996582031,N,1.0,0.0
2026-07-31T12:56:56,codecarbon,15de24b8-7184-4106-ab17-7223bb1c7bb8,5b0fa12a-3dd7-45bb-9766-cc326314d9f1,0.2947053000025335,1.0024621098763417e-07,3.4015747591499844e-07,10.180160303339756,0.0,10.0,7.992347708179141e-07,0.0,7.496308333429625e-07,1.5488656041608766e-06,0.0,Canada,CAN,ontario,,,Windows-10-10.0.26200-SP0,3.11.9,3.2.6,8.0,Intel(R) Core(TM) i7-1065G7 CPU @ 1.30GHz,0.0,,-75.6718,45.3316,15.595848083496094,process,0.0,0.0,0.0,0.0,N,1.0,0.0
2026-07-31T12:57:02,codecarbon,aceb6fb2-fb31-4646-948e-6f9b08f51db7,5b0fa12a-3dd7-45bb-9766-cc326314d9f1,1.5265939000018989,5.381365070613852e-07,3.525079636835414e-07,9.935227177184732,0.0,10.0,4.16425995037099e-06,0.0,4.150280000006509e-06,8.314539950377499e-06,0.0,Canada,CAN,ontario,,,Windows-10-10.0.26200-SP0,3.11.9,3.2.6,8.0,Intel(R) Core(TM) i7-1065G7 CPU @ 1.30GHz,0.0,,-75.6718,45.3316,15.595848083496094,process,0.0,0.0,64.7,10.097118377685549,N,1.0,0.0
2026-07-31T12:57:09,codecarbon,62b7a3c1-7645-4f5e-9909-6ce0ec69c9f9,5b0fa12a-3dd7-45bb-9766-cc326314d9f1,2.232388800002809,7.243903314647239e-07,3.24491115285927e-07,8.249341203711879,0.0,10.0,5.078375792685977e-06,0.0,6.113900277786242e-06,1.119227607047222e-05,0.0,Canada,CAN,ontario,,,Windows-10-10.0.26200-SP0,3.11.9,3.2.6,8.0,Intel(R) Core(TM) i7-1065G7 CPU @ 1.30GHz,0.0,,-75.6718,45.3316,15.595848083496094,process,0.0,0.0,64.8,10.105413436889648,N,1.0,0.0
2026-07-31T12:57:14,codecarbon,69f3e993-59e0-48da-8426-22e404675e94,5b0fa12a-3dd7-45bb-9766-cc326314d9f1,0.5261196999999811,1.4223214514764e-07,2.703417970238429e-07,5.778690451930463,0.0,10.0,8.196716053456943e-07,0.0,1.3779024999975164e-06,2.197574105343211e-06,0.0,Canada,CAN,ontario,,,Windows-10-10.0.26200-SP0,3.11.9,3.2.6,8.0,Intel(R) Core(TM) i7-1065G7 CPU @ 1.30GHz,0.0,,-75.6718,45.3316,15.595848083496094,process,0.0,0.0,0.0,0.0,N,1.0,0.0
2026-07-31T12:57:20,codecarbon,ada871c0-5905-4ad6-b009-1b68298ab81e,5b0fa12a-3dd7-45bb-9766-cc326314d9f1,0.4353926999974646,1.384482592025989e-07,3.1798479672122455e-07,8.66834698228383,0.0,10.0,1.0120721295585388e-06,0.0,1.1270386111088253e-06,2.139110740667364e-06,0.0,Canada,CAN,ontario,,,Windows-10-10.0.26200-SP0,3.11.9,3.2.6,8.0,Intel(R) Core(TM) i7-1065G7 CPU @ 1.30GHz,0.0,,-75.6718,45.3316,15.595848083496094,process,0.0,0.0,0.0,0.0,N,1.0,0.0
2026-07-31T12:57:25,codecarbon,bbb91975-d041-4763-b76d-ffbca3e2f551,5b0fa12a-3dd7-45bb-9766-cc326314d9f1,0.5604807999989134,1.489189761421693e-07,2.65698621866187e-07,5.4714976688456485,0.0,10.0,8.288522561366619e-07,0.0,1.47203750000497e-06,2.300889756141632e-06,0.0,Canada,CAN,ontario,,,Windows-10-10.0.26200-SP0,3.11.9,3.2.6,8.0,Intel(R) Core(TM) i7-1065G7 CPU @ 1.30GHz,0.0,,-75.6718,45.3316,15.595848083496094,process,0.0,0.0,0.0,0.0,N,1.0,0.0
2026-07-31T12:57:31,codecarbon,559d36ac-eacc-41bc-b3e5-e7b8ae75cd24,5b0fa12a-3dd7-45bb-9766-cc326314d9f1,0.8314262999992934,2.4797100480716364e-07,2.9824772779905375e-07,7.067219182425375,0.0,10.0,1.602968397971961e-06,0.0,2.228336111107233e-06,3.831304509079194e-06,0.0,Canada,CAN,ontario,,,Windows-10-10.0.26200-SP0,3.11.9,3.2.6,8.0,Intel(R) Core(TM) i7-1065G7 CPU @ 1.30GHz,0.0,,-75.6718,45.3316,15.595848083496094,process,0.0,0.0,0.0,0.0,N,1.0,0.0
2026-07-31T12:57:38,codecarbon,62c45597-0f72-418e-bb23-9af44a113c4f,5b0fa12a-3dd7-45bb-9766-cc326314d9f1,2.0753970999940066,6.557721727827158e-07,3.15974312956595e-07,7.789763446143145,0.0,10.0,4.457964990147327e-06,0.0,5.674118333323956e-06,1.0132083323471282e-05,0.0,Canada,CAN,ontario,,,Windows-10-10.0.26200-SP0,3.11.9,3.2.6,8.0,Intel(R) Core(TM) i7-1065G7 CPU @ 1.30GHz,0.0,,-75.6718,45.3316,15.595848083496094,process,0.0,0.0,65.25,10.180513381958008,N,1.0,0.0
2026-07-31T12:57:46,codecarbon,b7a9a20d-abcd-44f6-a302-e71fa0f29918,5b0fa12a-3dd7-45bb-9766-cc326314d9f1,2.9100161000023945,8.578463117715712e-07,2.947909160265008e-07,6.531315581927369,0.0,10.0,5.252793865623819e-06,0.0,8.00145916667437e-06,1.3254253032298189e-05,0.0,Canada,CAN,ontario,,,Windows-10-10.0.26200-SP0,3.11.9,3.2.6,8.0,Intel(R) Core(TM) i7-1065G7 CPU @ 1.30GHz,0.0,,-75.6718,45.3316,15.595848083496094,process,0.0,0.0,65.3,10.184736251831056,N,1.0,0.0
2026-07-31T12:57:51,codecarbon,4db88431-c170-4ead-b24d-835feafde5e4,5b0fa12a-3dd7-45bb-9766-cc326314d9f1,0.2976949000003515,9.708863452220273e-08,3.261346920020736e-07,9.336692667545073,0.0,10.0,7.407799394143765e-07,0.0,7.592991666671071e-07,1.5000791060814836e-06,0.0,Canada,CAN,ontario,,,Windows-10-10.0.26200-SP0,3.11.9,3.2.6,8.0,Intel(R) Core(TM) i7-1065G7 CPU @ 1.30GHz,0.0,,-75.6718,45.3316,15.595848083496094,process,0.0,0.0,0.0,0.0,N,1.0,0.0
2026-07-31T12:57:58,codecarbon,483a6190-c210-4dd4-abc6-9c0b4d1aecdc,5b0fa12a-3dd7-45bb-9766-cc326314d9f1,1.9948632000014184,6.346755364445318e-07,3.181549173116635e-07,7.922450990429708,0.0,10.0,4.355498152425727e-06,0.0,5.450629166666153e-06,9.806127319091882e-06,0.0,Canada,CAN,ontario,,,Windows-10-10.0.26200-SP0,3.11.9,3.2.6,8.0,Intel(R) Core(TM) i7-1065G7 CPU @ 1.30GHz,0.0,,-75.6718,45.3316,15.595848083496094,process,0.0,0.0,65.2,10.162403106689451,N,1.0,0.0
2026-07-31T12:58:06,codecarbon,34eb6ccd-f20e-4afc-9ee6-9459cbf58537,5b0fa12a-3dd7-45bb-9766-cc326314d9f1,3.2609159000057844,1.0168145624408337e-06,3.1181870174542986e-07,7.493514397568332,0.0,10.0,6.750730815040357e-06,0.0,8.959679444443382e-06,1.5710410259483738e-05,0.0,Canada,CAN,ontario,,,Windows-10-10.0.26200-SP0,3.11.9,3.2.6,8.0,Intel(R) Core(TM) i7-1065G7 CPU @ 1.30GHz,0.0,,-75.6718,45.3316,15.595848083496094,process,0.0,0.0,65.26666666666667,10.179720560709637,N,1.0,0.0
2026-07-31T12:58:12,codecarbon,2cf887b2-02ec-4b0d-bb96-afc705dd4858,5b0fa12a-3dd7-45bb-9766-cc326314d9f1,0.735899999999674,2.571954691526137e-07,3.494978518178116e-07,10.085070810710992,0.0,10.0,2.0171912111692244e-06,0.0,1.956636944446978e-06,3.973828155616203e-06,0.0,Canada,CAN,ontario,,,Windows-10-10.0.26200-SP0,3.11.9,3.2.6,8.0,Intel(R) Core(TM) i7-1065G7 CPU @ 1.30GHz,0.0,,-75.6718,45.3316,15.595848083496094,process,0.0,0.0,0.0,0.0,N,1.0,0.0
2026-07-31T12:58:17,codecarbon,19403d8a-f5d8-400a-889d-0e2eeb816970,5b0fa12a-3dd7-45bb-9766-cc326314d9f1,0.491965600005642,1.7298097175384173e-07,3.5161192520749e-07,10.493724779250924,0.0,10.0,1.3910848847761877e-06,0.0,1.2815775000086027e-06,2.67266238478479e-06,0.0,Canada,CAN,ontario,,,Windows-10-10.0.26200-SP0,3.11.9,3.2.6,8.0,Intel(R) Core(TM) i7-1065G7 CPU @ 1.30GHz,0.0,,-75.6718,45.3316,15.595848083496094,process,0.0,0.0,0.0,0.0,N,1.0,0.0
2026-07-31T12:58:23,codecarbon,4c09a7fe-01aa-4129-bb45-663a88985723,5b0fa12a-3dd7-45bb-9766-cc326314d9f1,0.3905165999967721,1.3708334764802062e-07,3.510307824280804e-07,10.649206350232925,0.0,10.0,1.1122261844976e-06,0.0,1.005795833326475e-06,2.1180220178240754e-06,0.0,Canada,CAN,ontario,,,Windows-10-10.0.26200-SP0,3.11.9,3.2.6,8.0,Intel(R) Core(TM) i7-1065G7 CPU @ 1.30GHz,0.0,,-75.6718,45.3316,15.595848083496094,process,0.0,0.0,0.0,0.0,N,1.0,0.0
2026-07-31T12:58:28,codecarbon,484f6e2a-9a94-4a41-88db-b6a3da3e0f2f,5b0fa12a-3dd7-45bb-9766-cc326314d9f1,0.3407931000037933,1.150040194331848e-07,3.374599410372589e-07,9.903575826575898,0.0,10.0,9.023178196549274e-07,0.0,8.745650000087659e-07,1.7768828196636934e-06,0.0,Canada,CAN,ontario,,,Windows-10-10.0.26200-SP0,3.11.9,3.2.6,8.0,Intel(R) Core(TM) i7-1065G7 CPU @ 1.30GHz,0.0,,-75.6718,45.3316,15.595848083496094,process,0.0,0.0,0.0,0.0,N,1.0,0.0
2026-07-31T12:58:33,codecarbon,29d21fa4-360d-4a3c-95b0-a51e036b498b,5b0fa12a-3dd7-45bb-9766-cc326314d9f1,0.6848001999969711,1.9550372639720722e-07,2.854901712909429e-07,6.548048211908735,0.0,10.0,1.2145536272753871e-06,0.0,1.8060991666667783e-06,3.0206527939421657e-06,0.0,Canada,CAN,ontario,,,Windows-10-10.0.26200-SP0,3.11.9,3.2.6,8.0,Intel(R) Core(TM) i7-1065G7 CPU @ 1.30GHz,0.0,,-75.6718,45.3316,15.595848083496094,process,0.0,0.0,0.0,0.0,N,1.0,0.0
2026-07-31T12:58:39,codecarbon,188486a1-9b8f-43b6-81aa-40167e578116,5b0fa12a-3dd7-45bb-9766-cc326314d9f1,1.07559709999623,4.013571726030705e-07,3.731482472428358e-07,11.229415115803825,0.0,10.0,3.304689289941015e-06,0.0,2.896525833340194e-06,6.201215123281209e-06,0.0,Canada,CAN,ontario,,,Windows-10-10.0.26200-SP0,3.11.9,3.2.6,8.0,Intel(R) Core(TM) i7-1065G7 CPU @ 1.30GHz,0.0,,-75.6718,45.3316,15.595848083496094,process,100.0,0.0,66.0,10.295761108398438,N,1.0,0.0
2026-07-31T12:58:45,codecarbon,5524e18c-e728-46e9-aa1b-7637b1fc2dbe,5b0fa12a-3dd7-45bb-9766-cc326314d9f1,0.310728199998266,1.0552278047561144e-07,3.395983386001022e-07,10.289179220482056,0.0,10.0,8.452935141404676e-07,0.0,7.850983333305017e-07,1.6303918474709692e-06,0.0,Canada,CAN,ontario,,,Windows-10-10.0.26200-SP0,3.11.9,3.2.6,8.0,Intel(R) Core(TM) i7-1065G7 CPU @ 1.30GHz,0.0,,-75.6718,45.3316,15.595848083496094,process,0.0,0.0,0.0,0.0,N,1.0,0.0
2026-07-31T12:58:50,codecarbon,9f2efe0d-d3f4-45e7-b781-e3cafa978616,5b0fa12a-3dd7-45bb-9766-cc326314d9f1,0.3667874000020674,1.2165193599017697e-07,3.316687977544791e-07,9.6522832006703,0.0,10.0,9.4644444070719e-07,0.0,9.331527777653214e-07,1.879597218472512e-06,0.0,Canada,CAN,ontario,,,Windows-10-10.0.26200-SP0,3.11.9,3.2.6,8.0,Intel(R) Core(TM) i7-1065G7 CPU @ 1.30GHz,0.0,,-75.6718,45.3316,15.595848083496094,process,0.0,0.0,0.0,0.0,N,1.0,0.0
2026-07-31T12:58:55,codecarbon,da728c92-9513-436a-afaa-0adb028c78ec,5b0fa12a-3dd7-45bb-9766-cc326314d9f1,0.8784907000008388,3.091525958121697e-07,3.519133393351512e-07,10.11105255453901,0.0,10.0,2.4244107680449674e-06,0.0,2.352186944456965e-06,4.7765977125019326e-06,0.0,Canada,CAN,ontario,,,Windows-10-10.0.26200-SP0,3.11.9,3.2.6,8.0,Intel(R) Core(TM) i7-1065G7 CPU @ 1.30GHz,0.0,,-75.6718,45.3316,15.595848083496094,process,0.0,0.0,0.0,0.0,N,1.0,0.0
2026-07-31T12:59:01,codecarbon,69012dea-da69-431c-b62f-308713a24156,5b0fa12a-3dd7-45bb-9766-cc326314d9f1,1.1329870999979903,3.97942035667986e-07,3.512326271576189e-07,9.934669271867149,0.0,10.0,3.0854897131152136e-06,0.0,3.0629594444488046e-06,6.148449157564018e-06,0.0,Canada,CAN,ontario,,,Windows-10-10.0.26200-SP0,3.11.9,3.2.6,8.0,Intel(R) Core(TM) i7-1065G7 CPU @ 1.30GHz,0.0,,-75.6718,45.3316,15.595848083496094,process,0.0,0.0,65.6,10.223281860351562,N,1.0,0.0
2026-07-31T12:59:07,codecarbon,b8b57b2d-704e-4317-b9db-b4d5c09129ca,5b0fa12a-3dd7-45bb-9766-cc326314d9f1,1.0342238999946858,3.610638670096919e-07,3.491157640154585e-07,9.88474984337411,0.0,10.0,2.7944193298683464e-06,0.0,2.784239444432994e-06,5.57865877430134e-06,0.0,Canada,CAN,ontario,,,Windows-10-10.0.26200-SP0,3.11.9,3.2.6,8.0,Intel(R) Core(TM) i7-1065G7 CPU @ 1.30GHz,0.0,,-75.6718,45.3316,15.595848083496094,process,0.0,0.0,0.0,0.0,N,1.0,0.0
2026-07-31T12:59:13,codecarbon,4bc21111-e563-42a2-aeb5-d5e747836738,5b0fa12a-3dd7-45bb-9766-cc326314d9f1,0.4410268999999971,1.5548513217694917e-07,3.5255249096359013e-07,10.508053961513824,0.0,10.0,1.2493492379446152e-06,0.0,1.1529916666606572e-06,2.4023409046052724e-06,0.0,Canada,CAN,ontario,,,Windows-10-10.0.26200-SP0,3.11.9,3.2.6,8.0,Intel(R) Core(TM) i7-1065G7 CPU @ 1.30GHz,0.0,,-75.6718,45.3316,15.595848083496094,process,0.0,0.0,0.0,0.0,N,1.0,0.0
2026-07-31T12:59:18,codecarbon,6b207754-318f-4c55-8921-ebca9004eab6,5b0fa12a-3dd7-45bb-9766-cc326314d9f1,0.5347280999994837,1.825886075553985e-07,3.4146065552862255e-07,9.803688891782668,0.0,10.0,1.416083765955623e-06,0.0,1.4050224999866463e-06,2.821106265942269e-06,0.0,Canada,CAN,ontario,,,Windows-10-10.0.26200-SP0,3.11.9,3.2.6,8.0,Intel(R) Core(TM) i7-1065G7 CPU @ 1.30GHz,0.0,,-75.6718,45.3316,15.595848083496094,process,0.0,0.0,0.0,0.0,N,1.0,0.0
2026-07-31T12:59:24,codecarbon,163922f1-09e3-47a0-a9df-543a8815bfc9,5b0fa12a-3dd7-45bb-9766-cc326314d9f1,0.4501248000015039,1.59003660859313e-07,3.53243502377078e-07,10.475569946020991,0.0,10.0,1.2739768363828672e-06,0.0,1.1827275000137483e-06,2.456704336396616e-06,0.0,Canada,CAN,ontario,,,Windows-10-10.0.26200-SP0,3.11.9,3.2.6,8.0,Intel(R) Core(TM) i7-1065G7 CPU @ 1.30GHz,0.0,,-75.6718,45.3316,15.595848083496094,process,0.0,0.0,0.0,0.0,N,1.0,0.0
2026-07-31T12:59:29,codecarbon,e501bd45-dd74-4e69-a960-fe100fe7ebaa,5b0fa12a-3dd7-45bb-9766-cc326314d9f1,0.5689192000063485,1.99719762045828e-07,3.510511897710594e-07,10.331544479404094,0.0,10.0,1.589344248386422e-06,0.0,1.4964488888937115e-06,3.085793137280133e-06,0.0,Canada,CAN,ontario,,,Windows-10-10.0.26200-SP0,3.11.9,3.2.6,8.0,Intel(R) Core(TM) i7-1065G7 CPU @ 1.30GHz,0.0,,-75.6718,45.3316,15.595848083496094,process,0.0,0.0,0.0,0.0,N,1.0,0.0
2026-07-31T12:59:34,codecarbon,a4420146-8dbd-4499-a23f-bf7c4d87d66d,5b0fa12a-3dd7-45bb-9766-cc326314d9f1,0.3444766999964486,1.173504608493862e-07,3.406629849002735e-07,10.053667500315106,0.0,10.0,9.26380949121396e-07,0.0,8.867558333198152e-07,1.813136782441212e-06,0.0,Canada,CAN,ontario,,,Windows-10-10.0.26200-SP0,3.11.9,3.2.6,8.0,Intel(R) Core(TM) i7-1065G7 CPU @ 1.30GHz,0.0,,-75.6718,45.3316,15.595848083496094,process,0.0,0.0,0.0,0.0,N,1.0,0.0
2026-07-31T12:59:41,codecarbon,ee7e2d40-9444-4952-aec6-6677a7a42595,5b0fa12a-3dd7-45bb-9766-cc326314d9f1,2.4613898000025074,8.762528621251843e-07,3.559992253662104e-07,10.005178918950053,0.0,10.0,6.794935831775605e-06,0.0,6.743709722225806e-06,1.353864555400141e-05,0.0,Canada,CAN,ontario,,,Windows-10-10.0.26200-SP0,3.11.9,3.2.6,8.0,Intel(R) Core(TM) i7-1065G7 CPU @ 1.30GHz,0.0,,-75.6718,45.3316,15.595848083496094,process,0.0,0.0,65.65,10.24001693725586,N,1.0,0.0
2026-07-31T12:59:48,codecarbon,39767004-8c4d-412e-a08e-bf24bf7955cd,5b0fa12a-3dd7-45bb-9766-cc326314d9f1,1.7985107999993488,6.509707894102209e-07,3.61949891771824e-07,10.450231283251696,0.0,10.0,5.163646220071272e-06,0.0,4.894252777780316e-06,1.0057898997851589e-05,0.0,Canada,CAN,ontario,,,Windows-10-10.0.26200-SP0,3.11.9,3.2.6,8.0,Intel(R) Core(TM) i7-1065G7 CPU @ 1.30GHz,0.0,,-75.6718,45.3316,15.595848083496094,process,0.0,0.0,65.6,10.227676391601562,N,1.0,0.0
2026-07-31T12:59:55,codecarbon,69ace158-0f30-4029-b99a-db2be7c90557,5b0fa12a-3dd7-45bb-9766-cc326314d9f1,1.5765009000024293,4.863101117912396e-07,3.0847436356711895e-07,7.481208566424186,0.0,10.0,3.2369499960727173e-06,0.0,4.276840277776096e-06,7.513790273848813e-06,0.0,Canada,CAN,ontario,,,Windows-10-10.0.26200-SP0,3.11.9,3.2.6,8.0,Intel(R) Core(TM) i7-1065G7 CPU @ 1.30GHz,0.0,,-75.6718,45.3316,15.595848083496094,process,0.0,0.0,65.6,10.236148834228516,N,1.0,0.0
2026-07-31T13:00:03,codecarbon,715ac67e-983f-481a-9255-22751e1c4ef7,5b0fa12a-3dd7-45bb-9766-cc326314d9f1,2.7716279000014765,7.94334385272576e-07,2.8659488716799e-07,6.163618295882689,0.0,10.0,4.699323045826663e-06,0.0,7.573631666673464e-06,1.2272954712500127e-05,0.0,Canada,CAN,ontario,,,Windows-10-10.0.26200-SP0,3.11.9,3.2.6,8.0,Intel(R) Core(TM) i7-1065G7 CPU @ 1.30GHz,0.0,,-75.6718,45.3316,15.595848083496094,process,0.0,0.0,65.7,10.245073318481444,N,1.0,0.0
2026-07-31T13:00:10,codecarbon,9144bdb9-fc3b-4787-b0a4-021677b2cda6,5b0fa12a-3dd7-45bb-9766-cc326314d9f1,1.886657899995044,5.72452465729163e-07,3.034214447307416e-07,7.144598172918439,0.0,10.0,3.70744094704402e-06,0.0,5.137301666662906e-06,8.844742613706926e-06,0.0,Canada,CAN,ontario,,,Windows-10-10.0.26200-SP0,3.11.9,3.2.6,8.0,Intel(R) Core(TM) i7-1065G7 CPU @ 1.30GHz,0.0,,-75.6718,45.3316,15.595848083496094,process,0.0,0.0,65.8,10.26101303100586,N,1.0,0.0
2026-07-31T13:00:15,codecarbon,b550ffad-9199-486b-9b22-47d2395ea04f,5b0fa12a-3dd7-45bb-9766-cc326314d9f1,0.7364376000041375,2.2717269692380338e-07,3.084751470084187e-07,7.706759300700176,0.0,10.0,1.5454531405494228e-06,0.0,1.964504722228513e-06,3.5099578627779355e-06,0.0,Canada,CAN,ontario,,,Windows-10-10.0.26200-SP0,3.11.9,3.2.6,8.0,Intel(R) Core(TM) i7-1065G7 CPU @ 1.30GHz,0.0,,-75.6718,45.3316,15.595848083496094,process,0.0,0.0,0.0,0.0,N,1.0,0.0
2026-07-31T13:00:21,codecarbon,dbe6408b-3cc9-461c-a084-a198d62f1352,5b0fa12a-3dd7-45bb-9766-cc326314d9f1,0.7988292000009096,2.421599068654609e-07,3.031435341437007e-07,7.457718810565915,0.0,10.0,1.6193947502259252e-06,0.0,2.1221247222355388e-06,3.741519472461464e-06,0.0,Canada,CAN,ontario,,,Windows-10-10.0.26200-SP0,3.11.9,3.2.6,8.0,Intel(R) Core(TM) i7-1065G7 CPU @ 1.30GHz,0.0,,-75.6718,45.3316,15.595848083496094,process,0.0,0.0,0.0,0.0,N,1.0,0.0
2026-07-31T13:00:27,codecarbon,7f8031e2-33d1-4557-9d45-bc3246e0175a,5b0fa12a-3dd7-45bb-9766-cc326314d9f1,0.7477575000011711,2.471588200409752e-07,3.305333882182233e-07,9.048612889401332,0.0,10.0,1.837324366107144e-06,0.0,1.981431388897666e-06,3.818755755004811e-06,0.0,Canada,CAN,ontario,,,Windows-10-10.0.26200-SP0,3.11.9,3.2.6,8.0,Intel(R) Core(TM) i7-1065G7 CPU @ 1.30GHz,0.0,,-75.6718,45.3316,15.595848083496094,process,0.0,0.0,0.0,0.0,N,1.0,0.0
2026-07-31T13:00:32,codecarbon,69ac5268-4e45-48e2-b3e5-b85c4760b03c,5b0fa12a-3dd7-45bb-9766-cc326314d9f1,0.3614878000007593,1.029584917839646e-07,2.848187180417938e-07,6.970747443818689,0.0,10.0,6.700508992208914e-07,0.0,9.207211111061044e-07,1.5907720103269958e-06,0.0,Canada,CAN,ontario,,,Windows-10-10.0.26200-SP0,3.11.9,3.2.6,8.0,Intel(R) Core(TM) i7-1065G7 CPU @ 1.30GHz,0.0,,-75.6718,45.3316,15.595848083496094,process,0.0,0.0,0.0,0.0,N,1.0,0.0
2026-07-31T13:00:38,codecarbon,cb8a8712-9e74-4719-81e7-b3ab811c46dd,5b0fa12a-3dd7-45bb-9766-cc326314d9f1,1.139212599999155,3.661234231375981e-07,3.213828772064755e-07,8.325160052143005,0.0,10.0,2.59296174998522e-06,0.0,3.06387027776509e-06,5.656832027750311e-06,0.0,Canada,CAN,ontario,,,Windows-10-10.0.26200-SP0,3.11.9,3.2.6,8.0,Intel(R) Core(TM) i7-1065G7 CPU @ 1.30GHz,0.0,,-75.6718,45.3316,15.595848083496094,process,0.0,0.0,65.7,10.24628448486328,N,1.0,0.0
2026-07-31T13:00:45,codecarbon,eadea94d-7891-4238-a39e-101cc706c8e1,5b0fa12a-3dd7-45bb-9766-cc326314d9f1,1.397844900006021,4.489649259173448e-07,3.2118364914119655e-07,8.218071301701858,0.0,10.0,3.151121965188971e-06,0.0,3.785662222233239e-06,6.93678418742221e-06,0.0,Canada,CAN,ontario,,,Windows-10-10.0.26200-SP0,3.11.9,3.2.6,8.0,Intel(R) Core(TM) i7-1065G7 CPU @ 1.30GHz,0.0,,-75.6718,45.3316,15.595848083496094,process,0.0,0.0,65.7,10.252498626708984,N,1.0,0.0
2026-07-31T13:00:51,codecarbon,6e1974f2-517b-4c29-a7f7-ba0e46f42407,5b0fa12a-3dd7-45bb-9766-cc326314d9f1,1.0033049999983632,3.143092342478147e-07,3.132738641273865e-07,7.917770267658041,0.0,10.0,2.167612336206381e-06,0.0,2.68865861109791e-06,4.856270947304291e-06,0.0,Canada,CAN,ontario,,,Windows-10-10.0.26200-SP0,3.11.9,3.2.6,8.0,Intel(R) Core(TM) i7-1065G7 CPU @ 1.30GHz,0.0,,-75.6718,45.3316,15.595848083496094,process,0.0,0.0,0.0,0.0,N,1.0,0.0
2026-07-31T13:00:56,codecarbon,48ab9d8b-8512-4cf3-957d-3ba5ced1e2da,5b0fa12a-3dd7-45bb-9766-cc326314d9f1,0.4167975000018487,1.288932896959738e-07,3.092467917763473e-07,8.224008839251924,0.0,10.0,9.174966972533452e-07,0.0,1.073983888899319e-06,1.991480586152664e-06,0.0,Canada,CAN,ontario,,,Windows-10-10.0.26200-SP0,3.11.9,3.2.6,8.0,Intel(R) Core(TM) i7-1065G7 CPU @ 1.30GHz,0.0,,-75.6718,45.3316,15.595848083496094,process,0.0,0.0,0.0,0.0,N,1.0,0.0
2026-07-31T13:01:02,codecarbon,ffcc0309-39aa-46ca-976b-4ed9c131a14b,5b0fa12a-3dd7-45bb-9766-cc326314d9f1,0.7502176000052714,2.4069684828026333e-07,3.208360458066728e-07,8.495895358427468,0.0,10.0,1.7302348731942854e-06,0.0,1.988679444447269e-06,3.718914317641555e-06,0.0,Canada,CAN,ontario,,,Windows-10-10.0.26200-SP0,3.11.9,3.2.6,8.0,Intel(R) Core(TM) i7-1065G7 CPU @ 1.30GHz,0.0,,-75.6718,45.3316,15.595848083496094,process,0.0,0.0,0.0,0.0,N,1.0,0.0
2026-07-31T13:01:09,codecarbon,ffbe4cb0-58fe-48ac-a19f-ad1c48330b3a,5b0fa12a-3dd7-45bb-9766-cc326314d9f1,1.746096499999112,5.521004422821955e-07,3.16191254196132e-07,7.875973947625232,0.0,10.0,3.779775503043836e-06,0.0,4.750515833337785e-06,8.53029133638162e-06,0.0,Canada,CAN,ontario,,,Windows-10-10.0.26200-SP0,3.11.9,3.2.6,8.0,Intel(R) Core(TM) i7-1065G7 CPU @ 1.30GHz,0.0,,-75.6718,45.3316,15.595848083496094,process,0.0,0.0,65.7,10.251575469970703,N,1.0,0.0
2026-07-31T13:01:14,codecarbon,a24e5b92-0335-4d98-abd1-b59b38e65873,5b0fa12a-3dd7-45bb-9766-cc326314d9f1,0.3497338000015588,1.140683730200762e-07,3.261577034292018e-07,9.389566129911412,0.0,10.0,8.736881738859753e-07,0.0,8.887383333381473e-07,1.7624265072241226e-06,0.0,Canada,CAN,ontario,,,Windows-10-10.0.26200-SP0,3.11.9,3.2.6,8.0,Intel(R) Core(TM) i7-1065G7 CPU @ 1.30GHz,0.0,,-75.6718,45.3316,15.595848083496094,process,0.0,0.0,0.0,0.0,N,1.0,0.0
2026-07-31T13:01:20,codecarbon,9e902098-0bcf-4bac-96ed-76f8f278d9d3,5b0fa12a-3dd7-45bb-9766-cc326314d9f1,0.3491424999956507,1.1032171399213805e-07,3.159790457864978e-07,8.822243425856325,0.0,10.0,8.181613768734125e-07,0.0,8.863769444360515e-07,1.704538321309464e-06,0.0,Canada,CAN,ontario,,,Windows-10-10.0.26200-SP0,3.11.9,3.2.6,8.0,Intel(R) Core(TM) i7-1065G7 CPU @ 1.30GHz,0.0,,-75.6718,45.3316,15.595848083496094,process,0.0,0.0,0.0,0.0,N,1.0,0.0
2026-07-31T13:01:25,codecarbon,dfb53646-0518-4d23-8be8-aaba64f1310e,5b0fa12a-3dd7-45bb-9766-cc326314d9f1,0.3850021000034758,1.2099307826517856e-07,3.142660215725739e-07,8.61768714727558,0.0,10.0,8.842527392499526e-07,0.0,9.85164722219957e-07,1.8694174614699093e-06,0.0,Canada,CAN,ontario,,,Windows-10-10.0.26200-SP0,3.11.9,3.2.6,8.0,Intel(R) Core(TM) i7-1065G7 CPU @ 1.30GHz,0.0,,-75.6718,45.3316,15.595848083496094,process,0.0,0.0,0.0,0.0,N,1.0,0.0
2026-07-31T13:01:30,codecarbon,9bcf16e8-a244-4aea-a878-0b0416acc307,5b0fa12a-3dd7-45bb-9766-cc326314d9f1,0.3994735000014771,1.33383465567931e-07,3.3389815736823045e-07,9.752892915263644,0.0,10.0,1.0389298978525004e-06,0.0,1.0219266666657252e-06,2.0608565645182254e-06,0.0,Canada,CAN,ontario,,,Windows-10-10.0.26200-SP0,3.11.9,3.2.6,8.0,Intel(R) Core(TM) i7-1065G7 CPU @ 1.30GHz,0.0,,-75.6718,45.3316,15.595848083496094,process,0.0,0.0,0.0,0.0,N,1.0,0.0
2026-07-31T13:01:36,codecarbon,04659711-dc2e-4f1b-ba8b-5947e9329d7a,5b0fa12a-3dd7-45bb-9766-cc326314d9f1,0.4698276999988593,1.5228138666426413e-07,3.24121772012663e-07,8.92047062586338,0.0,10.0,1.1291338441370235e-06,0.0,1.223707222218056e-06,2.35284106635508e-06,0.0,Canada,CAN,ontario,,,Windows-10-10.0.26200-SP0,3.11.9,3.2.6,8.0,Intel(R) Core(TM) i7-1065G7 CPU @ 1.30GHz,0.0,,-75.6718,45.3316,15.595848083496094,process,0.0,0.0,0.0,0.0,N,1.0,0.0
2026-07-31T13:01:42,codecarbon,3b1a6b6d-1136-4e30-a697-8c64ba6d1ea9,5b0fa12a-3dd7-45bb-9766-cc326314d9f1,0.7485965000014403,2.2026030033605322e-07,2.9423100473436544e-07,7.042401632969674,0.0,10.0,1.42808930708057e-06,0.0,1.975067777776632e-06,3.4031570848572016e-06,0.0,Canada,CAN,ontario,,,Windows-10-10.0.26200-SP0,3.11.9,3.2.6,8.0,Intel(R) Core(TM) i7-1065G7 CPU @ 1.30GHz,0.0,,-75.6718,45.3316,15.595848083496094,process,0.0,0.0,0.0,0.0,N,1.0,0.0
2026-07-31T13:01:47,codecarbon,9088134c-70c7-4f2e-b261-30caac0bb17f,5b0fa12a-3dd7-45bb-9766-cc326314d9f1,0.7413464999990538,2.279818732987217e-07,3.075240434790111e-07,7.719289335012982,0.0,10.0,1.5587687464706246e-06,0.0,1.9636913888866225e-06,3.522460135357247e-06,0.0,Canada,CAN,ontario,,,Windows-10-10.0.26200-SP0,3.11.9,3.2.6,8.0,Intel(R) Core(TM) i7-1065G7 CPU @ 1.30GHz,0.0,,-75.6718,45.3316,15.595848083496094,process,0.0,0.0,0.0,0.0,N,1.0,0.0
2026-07-31T13:01:53,codecarbon,d676dd86-bca4-4344-83eb-a8c20a87f9b3,5b0fa12a-3dd7-45bb-9766-cc326314d9f1,0.7558625000019674,2.3383053318543e-07,3.093559121994032e-07,7.829191536033751,0.0,10.0,1.6071927493392463e-06,0.0,2.005632777784033e-06,3.612825527123279e-06,0.0,Canada,CAN,ontario,,,Windows-10-10.0.26200-SP0,3.11.9,3.2.6,8.0,Intel(R) Core(TM) i7-1065G7 CPU @ 1.30GHz,0.0,,-75.6718,45.3316,15.595848083496094,process,0.0,0.0,0.0,0.0,N,1.0,0.0
2026-07-31T13:02:01,codecarbon,cefcb5b4-5705-4b5e-98f9-e243e0fc4f26,5b0fa12a-3dd7-45bb-9766-cc326314d9f1,2.4668519999977434,8.157928634370563e-07,3.3070198919019165e-07,8.583384649510371,0.0,10.0,5.8422230622718245e-06,0.0,6.762278333331375e-06,1.26045013956032e-05,0.0,Canada,CAN,ontario,,,Windows-10-10.0.26200-SP0,3.11.9,3.2.6,8.0,Intel(R) Core(TM) i7-1065G7 CPU @ 1.30GHz,0.0,,-75.6718,45.3316,15.595848083496094,process,0.0,0.0,64.9,10.126232147216797,N,1.0,0.0
