,job_id,config_hash,timestamp,success,cv_scores,mean_score,std_score,train_scores,mean_train_score,fit_time_mean,score_time_mean,hyperparameters.C,hyperparameters.gamma,additional_metrics.f1_macro.mean,additional_metrics.f1_macro.std,additional_metrics.f1_micro.mean,additional_metrics.f1_micro.std,additional_metrics.f1_weighted.mean,additional_metrics.f1_weighted.std,additional_metrics.precision_macro.mean,additional_metrics.precision_macro.std,additional_metrics.recall_macro.mean,additional_metrics.recall_macro.std
0,0,12a574fc8385,2026-04-12 20:14:59,True,[0.11233333 0.11241667 0.11241667 0.11233333 0.11233333],0.11236666666666666,4.082482904638861e-05,[0.112375   0.11235417 0.11235417 0.112375   0.112375  ],0.11236666666666668,1291.3318909168242,159.63626565933228,1e-05,1e-05,0.02020317017525385,6.598601957366764e-06,0.11236666666666666,4.082482904638861e-05,0.022701631580794874,1.5663638519085772e-05,0.011236666666666667,4.0824829046390306e-06,0.1,0.0
1,1,60a1dc35be76,2026-04-12 20:55:46,True,[0.11233333 0.11241667 0.11241667 0.11233333 0.11233333],0.11236666666666666,4.082482904638861e-05,[0.112375   0.11235417 0.11235417 0.112375   0.112375  ],0.11236666666666668,1549.2183757305145,193.67116346359253,1e-05,0.0001,0.02020317017525385,6.598601957366764e-06,0.11236666666666666,4.082482904638861e-05,0.022701631580794874,1.5663638519085772e-05,0.011236666666666667,4.0824829046390306e-06,0.1,0.0
2,2,51a580b23245,2026-04-12 20:02:45,True,[0.11233333 0.11241667 0.11241667 0.11233333 0.11233333],0.11236666666666666,4.082482904638861e-05,[0.112375   0.11235417 0.11235417 0.112375   0.112375  ],0.11236666666666668,1166.9792493343352,147.89653458595276,1e-05,0.001,0.02020317017525385,6.598601957366764e-06,0.11236666666666666,4.082482904638861e-05,0.022701631580794874,1.5663638519085772e-05,0.011236666666666667,4.0824829046390306e-06,0.1,0.0
3,3,cfb7f80b53c7,2026-04-12 20:09:57,True,[0.11233333 0.11241667 0.11241667 0.11233333 0.11233333],0.11236666666666666,4.082482904638861e-05,[0.112375   0.11235417 0.11235417 0.112375   0.112375  ],0.11236666666666668,1289.724770975113,145.0842158794403,1e-05,0.005,0.02020317017525385,6.598601957366764e-06,0.11236666666666666,4.082482904638861e-05,0.022701631580794874,1.5663638519085772e-05,0.011236666666666667,4.0824829046390306e-06,0.1,0.0
4,4,d85b8fcec8e6,2026-04-12 20:07:23,True,[0.11233333 0.11241667 0.11241667 0.11233333 0.11233333],0.11236666666666666,4.082482904638861e-05,[0.112375   0.11235417 0.11235417 0.112375   0.112375  ],0.11236666666666668,1175.4369885921478,162.67854557037353,1e-05,0.01,0.02020317017525385,6.598601957366764e-06,0.11236666666666666,4.082482904638861e-05,0.022701631580794874,1.5663638519085772e-05,0.011236666666666667,4.0824829046390306e-06,0.1,0.0
5,5,57fa7c550539,2026-04-12 20:49:58,True,[0.11233333 0.11241667 0.11241667 0.11233333 0.11233333],0.11236666666666666,4.082482904638861e-05,[0.112375   0.11235417 0.11235417 0.112375   0.112375  ],0.11236666666666668,1562.0402573108672,181.80253343582154,1e-05,0.025,0.02020317017525385,6.598601957366764e-06,0.11236666666666666,4.082482904638861e-05,0.022701631580794874,1.5663638519085772e-05,0.011236666666666667,4.0824829046390306e-06,0.1,0.0
6,6,bdf2c2e0a9e3,2026-04-12 20:56:18,True,[0.11233333 0.11241667 0.11241667 0.11233333 0.11233333],0.11236666666666666,4.082482904638861e-05,[0.112375   0.11235417 0.11235417 0.112375   0.112375  ],0.11236666666666668,1610.5423410892486,194.48305706977845,1e-05,0.05,0.02020317017525385,6.598601957366764e-06,0.11236666666666666,4.082482904638861e-05,0.022701631580794874,1.5663638519085772e-05,0.011236666666666667,4.0824829046390306e-06,0.1,0.0
7,7,901352469ca2,2026-04-12 20:14:56,True,[0.11233333 0.11241667 0.11241667 0.11233333 0.11233333],0.11236666666666666,4.082482904638861e-05,[0.112375   0.11235417 0.11235417 0.112375   0.112375  ],0.11236666666666668,1261.2311569690705,157.45165338516236,1e-05,0.1,0.02020317017525385,6.598601957366764e-06,0.11236666666666666,4.082482904638861e-05,0.022701631580794874,1.5663638519085772e-05,0.011236666666666667,4.0824829046390306e-06,0.1,0.0
8,8,9a53971e88bb,2026-04-12 20:38:31,True,[0.11233333 0.11241667 0.11241667 0.11233333 0.11233333],0.11236666666666666,4.082482904638861e-05,[0.112375   0.11235417 0.11235417 0.112375   0.112375  ],0.11236666666666668,1429.672789001465,187.97614917755126,1e-05,0.5,0.02020317017525385,6.598601957366764e-06,0.11236666666666666,4.082482904638861e-05,0.022701631580794874,1.5663638519085772e-05,0.011236666666666667,4.0824829046390306e-06,0.1,0.0
9,9,a58d608656af,2026-04-12 20:39:32,True,[0.11233333 0.11241667 0.11241667 0.11233333 0.11233333],0.11236666666666666,4.082482904638861e-05,[0.112375   0.11235417 0.11235417 0.112375   0.112375  ],0.11236666666666668,1420.3237970352172,185.85314450263976,1e-05,1.0,0.02020317017525385,6.598601957366764e-06,0.11236666666666666,4.082482904638861e-05,0.022701631580794874,1.5663638519085772e-05,0.011236666666666667,4.0824829046390306e-06,0.1,0.0
10,10,42ba774776e2,2026-04-12 20:39:35,True,[0.11233333 0.11241667 0.11241667 0.11233333 0.11233333],0.11236666666666666,4.082482904638861e-05,[0.112375   0.11235417 0.11235417 0.112375   0.112375  ],0.11236666666666668,1426.542583322525,192.08583612442015,1e-05,2.0,0.02020317017525385,6.598601957366764e-06,0.11236666666666666,4.082482904638861e-05,0.022701631580794874,1.5663638519085772e-05,0.011236666666666667,4.0824829046390306e-06,0.1,0.0
11,11,3f611eb59339,2026-04-12 20:39:39,True,[0.11233333 0.11241667 0.11241667 0.11233333 0.11233333],0.11236666666666666,4.082482904638861e-05,[0.112375   0.11235417 0.11235417 0.112375   0.112375  ],0.11236666666666668,1511.289438867569,174.9383125782013,1e-05,5.0,0.02020317017525385,6.598601957366764e-06,0.11236666666666666,4.082482904638861e-05,0.022701631580794874,1.5663638519085772e-05,0.011236666666666667,4.0824829046390306e-06,0.1,0.0
12,12,55814021cd54,2026-04-12 20:30:09,True,[0.11233333 0.11241667 0.11241667 0.11233333 0.11233333],0.11236666666666666,4.082482904638861e-05,[0.112375   0.11235417 0.11235417 0.112375   0.112375  ],0.11236666666666668,1402.8051997661591,168.2267382144928,1e-05,10.0,0.02020317017525385,6.598601957366764e-06,0.11236666666666666,4.082482904638861e-05,0.022701631580794874,1.5663638519085772e-05,0.011236666666666667,4.0824829046390306e-06,0.1,0.0
13,13,14b533f0dd2f,2026-04-12 20:27:54,True,[0.11233333 0.11241667 0.11241667 0.11233333 0.11233333],0.11236666666666666,4.082482904638861e-05,[0.112375   0.11235417 0.11235417 0.112375   0.112375  ],0.11236666666666668,1414.0212117671967,159.77056126594545,1e-05,50.0,0.02020317017525385,6.598601957366764e-06,0.11236666666666666,4.082482904638861e-05,0.022701631580794874,1.5663638519085772e-05,0.011236666666666667,4.0824829046390306e-06,0.1,0.0
14,14,a9852c43b86e,2026-04-12 20:03:53,True,[0.11233333 0.11241667 0.11241667 0.11233333 0.11233333],0.11236666666666666,4.082482904638861e-05,[0.112375   0.11235417 0.11235417 0.112375   0.112375  ],0.11236666666666668,1203.7607309818268,148.6097370147705,1e-05,100.0,0.02020317017525385,6.598601957366764e-06,0.11236666666666666,4.082482904638861e-05,0.022701631580794874,1.5663638519085772e-05,0.011236666666666667,4.0824829046390306e-06,0.1,0.0
15,15,402ce6c62bf0,2026-04-12 21:13:54,True,[0.11233333 0.11241667 0.11241667 0.11233333 0.11233333],0.11236666666666666,4.082482904638861e-05,[0.112375   0.11235417 0.11235417 0.112375   0.112375  ],0.11236666666666668,1691.0970223426818,220.85800657272338,1e-05,0.0003,0.02020317017525385,6.598601957366764e-06,0.11236666666666666,4.082482904638861e-05,0.022701631580794874,1.5663638519085772e-05,0.011236666666666667,4.0824829046390306e-06,0.1,0.0
16,16,bd05cc5d3919,2026-04-12 21:16:00,True,[0.11233333 0.11241667 0.11241667 0.11233333 0.11233333],0.11236666666666666,4.082482904638861e-05,[0.112375   0.11235417 0.11235417 0.112375   0.112375  ],0.11236666666666668,1702.9077489376068,228.25789804458617,1e-05,0.003,0.02020317017525385,6.598601957366764e-06,0.11236666666666666,4.082482904638861e-05,0.022701631580794874,1.5663638519085772e-05,0.011236666666666667,4.0824829046390306e-06,0.1,0.0
17,17,20e9352e9fb8,2026-04-12 20:41:44,True,[0.11233333 0.11241667 0.11241667 0.11233333 0.11233333],0.11236666666666666,4.082482904638861e-05,[0.112375   0.11235417 0.11235417 0.112375   0.112375  ],0.11236666666666668,1410.2155837535859,199.43098368644715,1e-05,0.008,0.02020317017525385,6.598601957366764e-06,0.11236666666666666,4.082482904638861e-05,0.022701631580794874,1.5663638519085772e-05,0.011236666666666667,4.0824829046390306e-06,0.1,0.0
18,18,af9fc94abf1f,2026-04-12 20:42:21,True,[0.11233333 0.11241667 0.11241667 0.11233333 0.11233333],0.11236666666666666,4.082482904638861e-05,[0.112375   0.11235417 0.11235417 0.112375   0.112375  ],0.11236666666666668,1422.6478197097779,197.1666362285614,1e-05,0.015,0.02020317017525385,6.598601957366764e-06,0.11236666666666666,4.082482904638861e-05,0.022701631580794874,1.5663638519085772e-05,0.011236666666666667,4.0824829046390306e-06,0.1,0.0
19,19,8e8cd26332f2,2026-04-12 20:59:23,True,[0.11233333 0.11241667 0.11241667 0.11233333 0.11233333],0.11236666666666666,4.082482904638861e-05,[0.112375   0.11235417 0.11235417 0.112375   0.112375  ],0.11236666666666668,1598.1479313373566,208.38276386260986,1e-05,0.075,0.02020317017525385,6.598601957366764e-06,0.11236666666666666,4.082482904638861e-05,0.022701631580794874,1.5663638519085772e-05,0.011236666666666667,4.0824829046390306e-06,0.1,0.0
20,20,1aa19df296af,2026-04-12 21:00:47,True,[0.11233333 0.11241667 0.11241667 0.11233333 0.11233333],0.11236666666666666,4.082482904638861e-05,[0.112375   0.11235417 0.11235417 0.112375   0.112375  ],0.11236666666666668,1610.1685777187347,208.93996267318727,1e-05,0.15,0.02020317017525385,6.598601957366764e-06,0.11236666666666666,4.082482904638861e-05,0.022701631580794874,1.5663638519085772e-05,0.011236666666666667,4.0824829046390306e-06,0.1,0.0
21,21,0dbad1aeb09b,2026-04-12 20:28:34,True,[0.11233333 0.11241667 0.11241667 0.11233333 0.11233333],0.11236666666666666,4.082482904638861e-05,[0.112375   0.11235417 0.11235417 0.112375   0.112375  ],0.11236666666666668,1389.623000574112,168.3570490837097,1e-05,0.25,0.02020317017525385,6.598601957366764e-06,0.11236666666666666,4.082482904638861e-05,0.022701631580794874,1.5663638519085772e-05,0.011236666666666667,4.0824829046390306e-06,0.1,0.0
22,22,620bd7028305,2026-04-12 19:46:22,True,[0.11233333 0.11241667 0.11241667 0.11233333 0.11233333],0.11236666666666666,4.082482904638861e-05,[0.112375   0.11235417 0.11235417 0.112375   0.112375  ],0.11236666666666668,1056.6223563194276,136.78177351951598,1e-05,0.75,0.02020317017525385,6.598601957366764e-06,0.11236666666666666,4.082482904638861e-05,0.022701631580794874,1.5663638519085772e-05,0.011236666666666667,4.0824829046390306e-06,0.1,0.0
23,23,5558c62f9dde,2026-04-12 19:58:05,True,[0.11233333 0.11241667 0.11241667 0.11233333 0.11233333],0.11236666666666666,4.082482904638861e-05,[0.112375   0.11235417 0.11235417 0.112375   0.112375  ],0.11236666666666668,1215.0106266498565,131.3580147266388,1e-05,20.0,0.02020317017525385,6.598601957366764e-06,0.11236666666666666,4.082482904638861e-05,0.022701631580794874,1.5663638519085772e-05,0.011236666666666667,4.0824829046390306e-06,0.1,0.0
24,24,7a8a8e94e93a,2026-04-12 20:35:50,True,[0.11233333 0.11241667 0.11241667 0.11233333 0.11233333],0.11236666666666666,4.082482904638861e-05,[0.112375   0.11235417 0.11235417 0.112375   0.112375  ],0.11236666666666668,1468.569191789627,171.43755855560303,1e-05,200.0,0.02020317017525385,6.598601957366764e-06,0.11236666666666666,4.082482904638861e-05,0.022701631580794874,1.5663638519085772e-05,0.011236666666666667,4.0824829046390306e-06,0.1,0.0
25,25,85a804d7de8e,2026-04-12 20:19:27,True,[0.11233333 0.11241667 0.11241667 0.11233333 0.11233333],0.11236666666666666,4.082482904638861e-05,[0.112375   0.11235417 0.11235417 0.112375   0.112375  ],0.11236666666666668,1290.3468043327332,169.03419065475464,0.0001,1e-05,0.02020317017525385,6.598601957366764e-06,0.11236666666666666,4.082482904638861e-05,0.022701631580794874,1.5663638519085772e-05,0.011236666666666667,4.0824829046390306e-06,0.1,0.0
26,26,c9522a3de32b,2026-04-12 20:57:38,True,[0.11233333 0.11241667 0.11241667 0.11233333 0.11233333],0.11236666666666666,4.082482904638861e-05,[0.112375   0.11235417 0.11235417 0.112375   0.112375  ],0.11236666666666668,1525.050008392334,212.25817894935608,0.0001,0.0001,0.02020317017525385,6.598601957366764e-06,0.11236666666666666,4.082482904638861e-05,0.022701631580794874,1.5663638519085772e-05,0.011236666666666667,4.0824829046390306e-06,0.1,0.0
27,27,09fe2dbc3599,2026-04-12 20:01:39,True,[0.11233333 0.11241667 0.11241667 0.11233333 0.11233333],0.11236666666666666,4.082482904638861e-05,[0.112375   0.11235417 0.11235417 0.112375   0.112375  ],0.11236666666666668,1188.3558768749238,148.13170704841613,0.0001,0.001,0.02020317017525385,6.598601957366764e-06,0.11236666666666666,4.082482904638861e-05,0.022701631580794874,1.5663638519085772e-05,0.011236666666666667,4.0824829046390306e-06,0.1,0.0
28,28,9a1a0b68c3bf,2026-04-12 20:52:27,True,[0.11233333 0.11241667 0.11241667 0.11233333 0.11233333],0.11236666666666666,4.082482904638861e-05,[0.112375   0.11235417 0.11235417 0.112375   0.112375  ],0.11236666666666668,1522.2058718204498,200.8330041408539,0.0001,0.005,0.02020317017525385,6.598601957366764e-06,0.11236666666666666,4.082482904638861e-05,0.022701631580794874,1.5663638519085772e-05,0.011236666666666667,4.0824829046390306e-06,0.1,0.0
29,29,a5a339d01d86,2026-04-12 20:51:32,True,[0.11233333 0.11241667 0.11241667 0.11233333 0.11233333],0.11236666666666666,4.082482904638861e-05,[0.112375   0.11235417 0.11235417 0.112375   0.112375  ],0.11236666666666668,1517.107450246811,194.58962287902833,0.0001,0.01,0.02020317017525385,6.598601957366764e-06,0.11236666666666666,4.082482904638861e-05,0.022701631580794874,1.5663638519085772e-05,0.011236666666666667,4.0824829046390306e-06,0.1,0.0
30,30,e0f6f36bc107,2026-04-12 20:19:30,True,[0.11233333 0.11241667 0.11241667 0.11233333 0.11233333],0.11236666666666666,4.082482904638861e-05,[0.112375   0.11235417 0.11235417 0.112375   0.112375  ],0.11236666666666668,1244.8882273197173,173.69784860610963,0.0001,0.025,0.02020317017525385,6.598601957366764e-06,0.11236666666666666,4.082482904638861e-05,0.022701631580794874,1.5663638519085772e-05,0.011236666666666667,4.0824829046390306e-06,0.1,0.0
31,31,f32526d1d8f9,2026-04-12 21:07:20,True,[0.11233333 0.11241667 0.11241667 0.11233333 0.11233333],0.11236666666666666,4.082482904638861e-05,[0.112375   0.11235417 0.11235417 0.112375   0.112375  ],0.11236666666666668,1654.2431958675384,209.06711506843567,0.0001,0.05,0.02020317017525385,6.598601957366764e-06,0.11236666666666666,4.082482904638861e-05,0.022701631580794874,1.5663638519085772e-05,0.011236666666666667,4.0824829046390306e-06,0.1,0.0
32,32,be27f16e02ba,2026-04-12 21:04:17,True,[0.11233333 0.11241667 0.11241667 0.11233333 0.11233333],0.11236666666666666,4.082482904638861e-05,[0.112375   0.11235417 0.11235417 0.112375   0.112375  ],0.11236666666666668,1650.5823493957519,203.60161328315735,0.0001,0.1,0.02020317017525385,6.598601957366764e-06,0.11236666666666666,4.082482904638861e-05,0.022701631580794874,1.5663638519085772e-05,0.011236666666666667,4.0824829046390306e-06,0.1,0.0
33,33,16a5369a9cce,2026-04-12 20:35:00,True,[0.11233333 0.11241667 0.11241667 0.11233333 0.11233333],0.11236666666666666,4.082482904638861e-05,[0.112375   0.11235417 0.11235417 0.112375   0.112375  ],0.11236666666666668,1496.6003744602203,161.25564546585082,0.0001,0.5,0.02020317017525385,6.598601957366764e-06,0.11236666666666666,4.082482904638861e-05,0.022701631580794874,1.5663638519085772e-05,0.011236666666666667,4.0824829046390306e-06,0.1,0.0
34,34,3e0a4654a743,2026-04-12 20:06:17,True,[0.11233333 0.11241667 0.11241667 0.11233333 0.11233333],0.11236666666666666,4.082482904638861e-05,[0.112375   0.11235417 0.11235417 0.112375   0.112375  ],0.11236666666666668,1186.1256001472473,155.5273066520691,0.0001,1.0,0.02020317017525385,6.598601957366764e-06,0.11236666666666666,4.082482904638861e-05,0.022701631580794874,1.5663638519085772e-05,0.011236666666666667,4.0824829046390306e-06,0.1,0.0
35,35,55b8eeb22425,2026-04-12 20:20:11,True,[0.11233333 0.11241667 0.11241667 0.11233333 0.11233333],0.11236666666666666,4.082482904638861e-05,[0.112375   0.11235417 0.11235417 0.112375   0.112375  ],0.11236666666666668,1268.6881742954254,171.1656023979187,0.0001,2.0,0.02020317017525385,6.598601957366764e-06,0.11236666666666666,4.082482904638861e-05,0.022701631580794874,1.5663638519085772e-05,0.011236666666666667,4.0824829046390306e-06,0.1,0.0
36,36,e3e080eb570c,2026-04-12 20:17:26,True,[0.11233333 0.11241667 0.11241667 0.11233333 0.11233333],0.11236666666666666,4.082482904638861e-05,[0.112375   0.11235417 0.11235417 0.112375   0.112375  ],0.11236666666666668,1236.0131337165833,175.38836965560913,0.0001,5.0,0.02020317017525385,6.598601957366764e-06,0.11236666666666666,4.082482904638861e-05,0.022701631580794874,1.5663638519085772e-05,0.011236666666666667,4.0824829046390306e-06,0.1,0.0
37,37,0535a92bb11b,2026-04-12 20:51:03,True,[0.11233333 0.11241667 0.11241667 0.11233333 0.11233333],0.11236666666666666,4.082482904638861e-05,[0.112375   0.11235417 0.11235417 0.112375   0.112375  ],0.11236666666666668,1547.5816227912903,195.31121835708618,0.0001,10.0,0.02020317017525385,6.598601957366764e-06,0.11236666666666666,4.082482904638861e-05,0.022701631580794874,1.5663638519085772e-05,0.011236666666666667,4.0824829046390306e-06,0.1,0.0
38,38,64643a1e648c,2026-04-12 20:48:24,True,[0.11233333 0.11241667 0.11241667 0.11233333 0.11233333],0.11236666666666666,4.082482904638861e-05,[0.112375   0.11235417 0.11235417 0.112375   0.112375  ],0.11236666666666668,1533.4177043437958,182.9080476284027,0.0001,50.0,0.02020317017525385,6.598601957366764e-06,0.11236666666666666,4.082482904638861e-05,0.022701631580794874,1.5663638519085772e-05,0.011236666666666667,4.0824829046390306e-06,0.1,0.0
39,39,bf1eaf4b229d,2026-04-12 20:59:42,True,[0.11233333 0.11241667 0.11241667 0.11233333 0.11233333],0.11236666666666666,4.082482904638861e-05,[0.112375   0.11235417 0.11235417 0.112375   0.112375  ],0.11236666666666668,1669.453274869919,187.7907651424408,0.0001,100.0,0.02020317017525385,6.598601957366764e-06,0.11236666666666666,4.082482904638861e-05,0.022701631580794874,1.5663638519085772e-05,0.011236666666666667,4.0824829046390306e-06,0.1,0.0
40,40,be6d164e849c,2026-04-12 22:05:33,True,[0.11233333 0.11241667 0.11241667 0.11233333 0.11233333],0.11236666666666666,4.082482904638861e-05,[0.112375   0.11235417 0.11235417 0.112375   0.112375  ],0.11236666666666668,1979.72802734375,279.68005404472353,0.0001,0.0003,0.02020317017525385,6.598601957366764e-06,0.11236666666666666,4.082482904638861e-05,0.022701631580794874,1.5663638519085772e-05,0.011236666666666667,4.0824829046390306e-06,0.1,0.0
41,41,0616cdec50a2,2026-04-12 22:07:18,True,[0.11233333 0.11241667 0.11241667 0.11233333 0.11233333],0.11236666666666666,4.082482904638861e-05,[0.112375   0.11235417 0.11235417 0.112375   0.112375  ],0.11236666666666668,2007.0174274921417,282.41475400924685,0.0001,0.003,0.02020317017525385,6.598601957366764e-06,0.11236666666666666,4.082482904638861e-05,0.022701631580794874,1.5663638519085772e-05,0.011236666666666667,4.0824829046390306e-06,0.1,0.0
42,42,7a09f0f984c3,2026-04-12 22:06:57,True,[0.11233333 0.11241667 0.11241667 0.11233333 0.11233333],0.11236666666666666,4.082482904638861e-05,[0.112375   0.11235417 0.11235417 0.112375   0.112375  ],0.11236666666666668,2018.0851736545562,276.06319479942323,0.0001,0.008,0.02020317017525385,6.598601957366764e-06,0.11236666666666666,4.082482904638861e-05,0.022701631580794874,1.5663638519085772e-05,0.011236666666666667,4.0824829046390306e-06,0.1,0.0
43,43,cd4f65f2201c,2026-04-12 21:11:17,True,[0.11233333 0.11241667 0.11241667 0.11233333 0.11233333],0.11236666666666666,4.082482904638861e-05,[0.112375   0.11235417 0.11235417 0.112375   0.112375  ],0.11236666666666668,1645.6449854850769,206.99660773277282,0.0001,0.015,0.02020317017525385,6.598601957366764e-06,0.11236666666666666,4.082482904638861e-05,0.022701631580794874,1.5663638519085772e-05,0.011236666666666667,4.0824829046390306e-06,0.1,0.0
44,44,8c801aa3663b,2026-04-12 21:21:49,True,[0.11233333 0.11241667 0.11241667 0.11233333 0.11233333],0.11236666666666666,4.082482904638861e-05,[0.112375   0.11235417 0.11235417 0.112375   0.112375  ],0.11236666666666668,1742.080994129181,218.5185977935791,0.0001,0.075,0.02020317017525385,6.598601957366764e-06,0.11236666666666666,4.082482904638861e-05,0.022701631580794874,1.5663638519085772e-05,0.011236666666666667,4.0824829046390306e-06,0.1,0.0
45,45,75b4dbc79636,2026-04-12 21:23:22,True,[0.11233333 0.11241667 0.11241667 0.11233333 0.11233333],0.11236666666666666,4.082482904638861e-05,[0.112375   0.11235417 0.11235417 0.112375   0.112375  ],0.11236666666666668,1737.9411808013915,223.0574077129364,0.0001,0.15,0.02020317017525385,6.598601957366764e-06,0.11236666666666666,4.082482904638861e-05,0.022701631580794874,1.5663638519085772e-05,0.011236666666666667,4.0824829046390306e-06,0.1,0.0
46,46,b41e1fd89da6,2026-04-12 20:51:46,True,[0.11233333 0.11241667 0.11241667 0.11233333 0.11233333],0.11236666666666666,4.082482904638861e-05,[0.112375   0.11235417 0.11235417 0.112375   0.112375  ],0.11236666666666668,1418.6539420604706,201.39946699142456,0.0001,0.25,0.02020317017525385,6.598601957366764e-06,0.11236666666666666,4.082482904638861e-05,0.022701631580794874,1.5663638519085772e-05,0.011236666666666667,4.0824829046390306e-06,0.1,0.0
47,47,8f3649191045,2026-04-12 20:32:36,True,[0.11233333 0.11241667 0.11241667 0.11233333 0.11233333],0.11236666666666666,4.082482904638861e-05,[0.112375   0.11235417 0.11235417 0.112375   0.112375  ],0.11236666666666668,1428.631448316574,159.477791929245,0.0001,0.75,0.02020317017525385,6.598601957366764e-06,0.11236666666666666,4.082482904638861e-05,0.022701631580794874,1.5663638519085772e-05,0.011236666666666667,4.0824829046390306e-06,0.1,0.0
48,48,674451dd6928,2026-04-12 20:57:42,True,[0.11233333 0.11241667 0.11241667 0.11233333 0.11233333],0.11236666666666666,4.082482904638861e-05,[0.112375   0.11235417 0.11235417 0.112375   0.112375  ],0.11236666666666668,1716.6046777725219,169.5242307662964,0.0001,20.0,0.02020317017525385,6.598601957366764e-06,0.11236666666666666,4.082482904638861e-05,0.022701631580794874,1.5663638519085772e-05,0.011236666666666667,4.0824829046390306e-06,0.1,0.0
49,49,8a66dcd1db22,2026-04-12 20:24:32,True,[0.11233333 0.11241667 0.11241667 0.11233333 0.11233333],0.11236666666666666,4.082482904638861e-05,[0.112375   0.11235417 0.11235417 0.112375   0.112375  ],0.11236666666666668,1350.3947032451629,160.76219778060914,0.0001,200.0,0.02020317017525385,6.598601957366764e-06,0.11236666666666666,4.082482904638861e-05,0.022701631580794874,1.5663638519085772e-05,0.011236666666666667,4.0824829046390306e-06,0.1,0.0
50,50,ee5f2da45425,2026-04-12 21:08:03,True,[0.11233333 0.11241667 0.11241667 0.11233333 0.11233333],0.11236666666666666,4.082482904638861e-05,[0.112375   0.11235417 0.11235417 0.112375   0.112375  ],0.11236666666666668,1754.2523013114928,178.3773090839386,0.001,1e-05,0.02020317017525385,6.598601957366764e-06,0.11236666666666666,4.082482904638861e-05,0.022701631580794874,1.5663638519085772e-05,0.011236666666666667,4.0824829046390306e-06,0.1,0.0
51,51,dc876d7439e7,2026-04-12 20:22:26,True,[0.11233333 0.11241667 0.11241667 0.11233333 0.11233333],0.11236666666666666,4.082482904638861e-05,[0.112375   0.11235417 0.11235417 0.112375   0.112375  ],0.11236666666666668,1271.084273815155,177.75000329017638,0.001,0.0001,0.02020317017525385,6.598601957366764e-06,0.11236666666666666,4.082482904638861e-05,0.022701631580794874,1.5663638519085772e-05,0.011236666666666667,4.0824829046390306e-06,0.1,0.0
52,52,9b14a2cb7d55,2026-04-12 20:44:54,True,[0.11233333 0.11241667 0.11241667 0.11233333 0.11233333],0.11236666666666666,4.082482904638861e-05,[0.112375   0.11235417 0.11235417 0.112375   0.112375  ],0.11236666666666668,1571.0351844787597,163.41248846054077,0.001,0.001,0.02020317017525385,6.598601957366764e-06,0.11236666666666666,4.082482904638861e-05,0.022701631580794874,1.5663638519085772e-05,0.011236666666666667,4.0824829046390306e-06,0.1,0.0
53,53,282e201097e3,2026-04-12 20:11:33,True,[0.36783333 0.36991667 0.36525    0.36316667 0.36516667],0.36626666666666663,0.0023507681959544836,[0.365375   0.36454167 0.36502083 0.36770833 0.3685625 ],0.36624166666666663,1194.5836949825286,151.1245934009552,0.001,0.005,0.28376737741328395,0.0022195733136947927,0.36626666666666663,0.0023507681959544836,0.28968120776601447,0.0022532912362861882,0.36106739232490626,0.0009223877765847442,0.350771571516251,0.0023246390608938293
54,54,962783718054,2026-04-12 20:22:42,True,[0.50483333 0.5015     0.49591667 0.49741667 0.499     ],0.49973333333333336,0.0031496913429025944,[0.49991667 0.49866667 0.49916667 0.49910417 0.50347917],0.5000666666666667,1288.4864617347716,165.36416935920715,0.001,0.01,0.4091211189157821,0.003348311492848381,0.49973333333333336,0.0031496913429025944,0.4177804892968794,0.0032295631787737514,0.5727659675810111,0.005243329778867935,0.4841357217383366,0.003234266610897088
55,55,eff8c716870e,2026-04-12 21:43:17,True,[0.37683333 0.37875    0.37633333 0.374      0.37366667],0.3759166666666667,0.001885618083164127,[0.37541667 0.37470833 0.37495833 0.3765625  0.3800625 ],0.3763416666666667,1859.9222944259643,246.3937695980072,0.001,0.025,0.29226049509233276,0.0023581531677962088,0.3759166666666667,0.001885618083164127,0.3040883947006904,0.0022808152907859633,0.44302994781771804,0.039456973097275146,0.3587950183542042,0.0019131435169890227
56,56,23377cb256d9,2026-04-12 21:42:22,True,[0.20641667 0.20783333 0.20841667 0.208      0.20741667],0.20761666666666664,0.0006802777210652851,[0.20747917 0.20747917 0.20722917 0.208      0.20804167],0.2076458333333333,1863.8545305728912,242.1086886882782,0.001,0.05,0.07376037652102985,0.001225128869473333,0.20761666666666664,0.0006802777210652851,0.08082873601283104,0.0014221703704665777,0.05000794933916357,0.001923505153077732,0.1912457598909359,0.0006356134145630094
57,57,e28446e86ddd,2026-04-12 20:29:02,True,[0.11233333 0.11241667 0.11241667 0.11233333 0.11233333],0.11236666666666666,4.082482904638861e-05,[0.112375   0.11235417 0.11235417 0.112375   0.112375  ],0.11236666666666668,1374.3412064552308,169.99546885490417,0.001,0.1,0.02020317017525385,6.598601957366764e-06,0.11236666666666666,4.082482904638861e-05,0.022701631580794874,1.5663638519085772e-05,0.011236666666666667,4.0824829046390306e-06,0.1,0.0
58,58,ca3ff2b1ece5,2026-04-12 20:34:23,True,[0.11233333 0.11241667 0.11241667 0.11233333 0.11233333],0.11236666666666666,4.082482904638861e-05,[0.112375   0.11235417 0.11235417 0.112375   0.112375  ],0.11236666666666668,1398.5185901641846,172.2880087375641,0.001,0.5,0.02020317017525385,6.598601957366764e-06,0.11236666666666666,4.082482904638861e-05,0.022701631580794874,1.5663638519085772e-05,0.011236666666666667,4.0824829046390306e-06,0.1,0.0
59,59,76a3a8ceb946,2026-04-12 20:01:51,True,[0.11233333 0.11241667 0.11241667 0.11233333 0.11233333],0.11236666666666666,4.082482904638861e-05,[0.112375   0.11235417 0.11235417 0.112375   0.112375  ],0.11236666666666668,1128.1874278545379,146.03719806671143,0.001,1.0,0.02020317017525385,6.598601957366764e-06,0.11236666666666666,4.082482904638861e-05,0.022701631580794874,1.5663638519085772e-05,0.011236666666666667,4.0824829046390306e-06,0.1,0.0
60,60,7234b0aca433,2026-04-12 20:31:53,True,[0.11233333 0.11241667 0.11241667 0.11233333 0.11233333],0.11236666666666666,4.082482904638861e-05,[0.112375   0.11235417 0.11235417 0.112375   0.112375  ],0.11236666666666668,1395.9328354835511,168.84937500953674,0.001,2.0,0.02020317017525385,6.598601957366764e-06,0.11236666666666666,4.082482904638861e-05,0.022701631580794874,1.5663638519085772e-05,0.011236666666666667,4.0824829046390306e-06,0.1,0.0
61,61,d2a7a5e8a121,2026-04-12 21:07:17,True,[0.11233333 0.11241667 0.11241667 0.11233333 0.11233333],0.11236666666666666,4.082482904638861e-05,[0.112375   0.11235417 0.11235417 0.112375   0.112375  ],0.11236666666666668,1653.874248600006,219.27015867233277,0.001,5.0,0.02020317017525385,6.598601957366764e-06,0.11236666666666666,4.082482904638861e-05,0.022701631580794874,1.5663638519085772e-05,0.011236666666666667,4.0824829046390306e-06,0.1,0.0
62,62,b0f377a899c5,2026-04-12 20:24:13,True,[0.11233333 0.11241667 0.11241667 0.11233333 0.11233333],0.11236666666666666,4.082482904638861e-05,[0.112375   0.11235417 0.11235417 0.112375   0.112375  ],0.11236666666666668,1425.6680832862853,148.5026876926422,0.001,10.0,0.02020317017525385,6.598601957366764e-06,0.11236666666666666,4.082482904638861e-05,0.022701631580794874,1.5663638519085772e-05,0.011236666666666667,4.0824829046390306e-06,0.1,0.0
63,63,0c0deb105f40,2026-04-12 20:24:51,True,[0.11233333 0.11241667 0.11241667 0.11233333 0.11233333],0.11236666666666666,4.082482904638861e-05,[0.112375   0.11235417 0.11235417 0.112375   0.112375  ],0.11236666666666668,1300.1684567928314,169.63676557540893,0.001,50.0,0.02020317017525385,6.598601957366764e-06,0.11236666666666666,4.082482904638861e-05,0.022701631580794874,1.5663638519085772e-05,0.011236666666666667,4.0824829046390306e-06,0.1,0.0
64,64,3a205abb1b86,2026-04-12 20:59:10,True,[0.11233333 0.11241667 0.11241667 0.11233333 0.11233333],0.11236666666666666,4.082482904638861e-05,[0.112375   0.11235417 0.11235417 0.112375   0.112375  ],0.11236666666666668,1659.8541000843047,185.7945997238159,0.001,100.0,0.02020317017525385,6.598601957366764e-06,0.11236666666666666,4.082482904638861e-05,0.022701631580794874,1.5663638519085772e-05,0.011236666666666667,4.0824829046390306e-06,0.1,0.0
65,65,da080e7d5d92,2026-04-12 20:37:00,True,[0.11233333 0.11241667 0.11241667 0.11233333 0.11233333],0.11236666666666666,4.082482904638861e-05,[0.112375   0.11235417 0.11235417 0.112375   0.112375  ],0.11236666666666668,1399.9232995986938,178.54185004234313,0.001,0.0003,0.02020317017525385,6.598601957366764e-06,0.11236666666666666,4.082482904638861e-05,0.022701631580794874,1.5663638519085772e-05,0.011236666666666667,4.0824829046390306e-06,0.1,0.0
66,66,fb86657aa523,2026-04-12 20:03:18,True,[0.16233333 0.16833333 0.16475    0.16775    0.1665    ],0.16593333333333332,0.002179067078667691,[0.16660417 0.1645625  0.16520833 0.166375   0.16677083],0.16590416666666666,1106.5524911403656,157.9488736152649,0.001,0.003,0.10411303217765715,0.002604621658030269,0.16593333333333332,0.002179067078667691,0.10730838833836405,0.0026332565280250946,0.3456374848960605,0.011390085001514368,0.15327137542416727,0.002160372943813103
67,67,aac59d25ec69,2026-04-12 20:30:40,True,[0.47316667 0.471      0.46766667 0.47016667 0.46708333],0.46981666666666666,0.0022288512237872136,[0.47091667 0.47016667 0.46845833 0.4688125  0.47352083],0.47037500000000004,1301.9169745445251,178.8785352230072,0.001,0.008,0.37122608411016855,0.0025927663887841523,0.46981666666666666,0.0022288512237872136,0.3794131776935494,0.0025271846193353187,0.5664521377839947,0.0032983591365040857,0.45386724223676245,0.00227817638672995
68,68,6fff7991c25a,2026-04-12 19:59:52,True,[0.492      0.48825    0.485      0.48675    0.48816667],0.4880333333333334,0.002308558954075993,[0.48729167 0.48785417 0.48804167 0.48777083 0.49197917],0.48858750000000006,1077.2910364151,155.8165253162384,0.001,0.015,0.400671225406934,0.0020599656186219904,0.4880333333333334,0.002308558954075993,0.41051300263312107,0.0019292697053979184,0.5801192844540239,0.007832002295147343,0.47230489575776513,0.0023679264123313173
69,69,b4f6c2008c0e,2026-04-12 20:19:05,True,[0.11233333 0.11241667 0.11241667 0.11233333 0.11233333],0.11236666666666666,4.082482904638861e-05,[0.112375   0.11235417 0.11235417 0.112375   0.112375  ],0.11236666666666668,1263.2821917057038,167.6408944606781,0.001,0.075,0.02020317017525385,6.598601957366764e-06,0.11236666666666666,4.082482904638861e-05,0.022701631580794874,1.5663638519085772e-05,0.011236666666666667,4.0824829046390306e-06,0.1,0.0
70,70,7565a6c9cc73,2026-04-12 20:07:49,True,[0.11233333 0.11241667 0.11241667 0.11233333 0.11233333],0.11236666666666666,4.082482904638861e-05,[0.112375   0.11235417 0.11235417 0.112375   0.112375  ],0.11236666666666668,1125.7485837936401,163.8467541217804,0.001,0.15,0.02020317017525385,6.598601957366764e-06,0.11236666666666666,4.082482904638861e-05,0.022701631580794874,1.5663638519085772e-05,0.011236666666666667,4.0824829046390306e-06,0.1,0.0
71,71,81434fc52bba,2026-04-12 19:54:38,True,[0.11233333 0.11241667 0.11241667 0.11233333 0.11233333],0.11236666666666666,4.082482904638861e-05,[0.112375   0.11235417 0.11235417 0.112375   0.112375  ],0.11236666666666668,990.5781190395355,163.32950191497804,0.001,0.25,0.02020317017525385,6.598601957366764e-06,0.11236666666666666,4.082482904638861e-05,0.022701631580794874,1.5663638519085772e-05,0.011236666666666667,4.0824829046390306e-06,0.1,0.0
72,72,db5a3a2b2f68,2026-04-12 19:59:20,True,[0.11233333 0.11241667 0.11241667 0.11233333 0.11233333],0.11236666666666666,4.082482904638861e-05,[0.112375   0.11235417 0.11235417 0.112375   0.112375  ],0.11236666666666668,1112.2722151756286,142.943230676651,0.001,0.75,0.02020317017525385,6.598601957366764e-06,0.11236666666666666,4.082482904638861e-05,0.022701631580794874,1.5663638519085772e-05,0.011236666666666667,4.0824829046390306e-06,0.1,0.0
73,73,ece2eebb3a66,2026-04-12 20:20:17,True,[0.11233333 0.11241667 0.11241667 0.11233333 0.11233333],0.11236666666666666,4.082482904638861e-05,[0.112375   0.11235417 0.11235417 0.112375   0.112375  ],0.11236666666666668,1262.2688621997834,165.40342569351196,0.001,20.0,0.02020317017525385,6.598601957366764e-06,0.11236666666666666,4.082482904638861e-05,0.022701631580794874,1.5663638519085772e-05,0.011236666666666667,4.0824829046390306e-06,0.1,0.0
74,74,f9d3a8bcae09,2026-04-12 20:30:26,True,[0.11233333 0.11241667 0.11241667 0.11233333 0.11233333],0.11236666666666666,4.082482904638861e-05,[0.112375   0.11235417 0.11235417 0.112375   0.112375  ],0.11236666666666668,1416.467856836319,157.61995000839232,0.001,200.0,0.02020317017525385,6.598601957366764e-06,0.11236666666666666,4.082482904638861e-05,0.022701631580794874,1.5663638519085772e-05,0.011236666666666667,4.0824829046390306e-06,0.1,0.0
75,75,94fb7ecdcf20,2026-04-12 19:53:10,True,[0.11233333 0.11241667 0.11241667 0.11233333 0.11233333],0.11236666666666666,4.082482904638861e-05,[0.112375   0.11235417 0.11235417 0.112375   0.112375  ],0.11236666666666668,1051.1330265045167,143.01899366378785,0.005,1e-05,0.02020317017525385,6.598601957366764e-06,0.11236666666666666,4.082482904638861e-05,0.022701631580794874,1.5663638519085772e-05,0.011236666666666667,4.0824829046390306e-06,0.1,0.0
76,76,9532a215eb68,2026-04-12 20:09:02,True,[0.11233333 0.11241667 0.11241667 0.11233333 0.11233333],0.11236666666666666,4.082482904638861e-05,[0.112375   0.11235417 0.11235417 0.112375   0.112375  ],0.11236666666666668,1161.6265007972718,167.97391085624696,0.005,0.0001,0.02020317017525385,6.598601957366764e-06,0.11236666666666666,4.082482904638861e-05,0.022701631580794874,1.5663638519085772e-05,0.011236666666666667,4.0824829046390306e-06,0.1,0.0
77,77,7b3f7dc416bb,2026-04-12 20:26:04,True,[0.54408333 0.54333333 0.54158333 0.53608333 0.53641667],0.5403,0.0034065296776109935,[0.53879167 0.53914583 0.53914583 0.54072917 0.5440625 ],0.540375,1270.1518599033357,179.37119736671448,0.005,0.001,0.47233261020192846,0.002928487540115044,0.5403,0.0034065296776109935,0.4784568019426523,0.0029243335951666476,0.5868839747122616,0.005786678252581589,0.5260228298867025,0.003377278440145353
78,78,e613ff0adc42,2026-04-12 19:25:34,True,[0.85016667 0.85016667 0.85041667 0.85       0.85333333],0.8508166666666666,0.0012653501930735174,[0.85210417 0.85139583 0.85183333 0.85114583 0.85052083],0.8513999999999999,673.0251157283783,155.91502928733826,0.005,0.005,0.8490256055986285,0.001211440807630399,0.8508166666666666,0.0012653501930735174,0.8503003571141793,0.0012454842045857696,0.8547958755431058,0.0011730317538870742,0.8477395510260308,0.001310330493765774
79,79,055f71810438,2026-04-12 19:43:36,True,[0.87958333 0.87891667 0.87825    0.87691667 0.87891667],0.8785166666666667,0.0009043106644167141,[0.87985417 0.87964583 0.880125   0.87989583 0.87929167],0.8797625,826.7304835796356,159.53574776649475,0.005,0.01,0.8771577214198556,0.0008763382750018893,0.8785166666666667,0.0009043106644167141,0.8782433222955645,0.0008461722341406913,0.8791852108980098,0.0010612962989163383,0.8766025269494515,0.0009054669901739969
80,80,e5e5d54d9525,2026-04-12 19:39:48,True,[0.88841667 0.88375    0.88483333 0.88125    0.88441667],0.8845333333333333,0.0023055488621054046,[0.885875   0.8865     0.88595833 0.88647917 0.886     ],0.8861625,836.4267004966736,146.23973236083984,0.005,0.025,0.8833270527635844,0.0023315391865101915,0.8845333333333333,0.0023055488621054046,0.8846679015006538,0.002288170546802502,0.8858835777588785,0.002156011977144214,0.8828315800349402,0.0023539335221301957
81,81,c9eefc8c7928,2026-04-12 20:32:09,True,[0.56325    0.56691667 0.56016667 0.56641667 0.56333333],0.5640166666666667,0.002451416823888655,[0.56714583 0.5703125  0.56547917 0.5680625  0.57016667],0.5682333333333334,1306.1638142585755,172.27377953529358,0.005,0.05,0.546519801856776,0.0020611830650588,0.5640166666666667,0.002451416823888655,0.5581778119123071,0.0020297413091342966,0.741310172057878,0.03978884056165164,0.5508907441094391,0.002483776920677425
82,82,e0c60ff06d34,2026-04-12 20:42:52,True,[0.19341667 0.19183333 0.1935     0.1915     0.19041667],0.19213333333333332,0.0011792181967539101,[0.1925625  0.19241667 0.19214583 0.19191667 0.1924375 ],0.19229583333333333,1405.9413858890534,183.3683458328247,0.005,0.1,0.10830132419282038,0.0006571778467560988,0.19213333333333332,0.0011792181967539101,0.12005541164618587,0.000749895932221876,0.11136311075821433,0.00010500739573661181,0.1780559874971773,0.0010434501392008644
83,83,1043124b19ad,2026-04-12 20:11:15,True,[0.11233333 0.11241667 0.11241667 0.11233333 0.11233333],0.11236666666666666,4.082482904638861e-05,[0.112375   0.11235417 0.11235417 0.112375   0.112375  ],0.11236666666666668,1230.0000625133514,144.26332993507384,0.005,0.5,0.02020317017525385,6.598601957366764e-06,0.11236666666666666,4.082482904638861e-05,0.022701631580794874,1.5663638519085772e-05,0.011236666666666667,4.0824829046390306e-06,0.1,0.0
84,84,cf3100bd4328,2026-04-12 20:36:22,True,[0.11233333 0.11241667 0.11241667 0.11233333 0.11233333],0.11236666666666666,4.082482904638861e-05,[0.112375   0.11235417 0.11235417 0.112375   0.112375  ],0.11236666666666668,1389.9718752861022,172.25788583755494,0.005,1.0,0.02020317017525385,6.598601957366764e-06,0.11236666666666666,4.082482904638861e-05,0.022701631580794874,1.5663638519085772e-05,0.011236666666666667,4.0824829046390306e-06,0.1,0.0
85,85,6299deb571d9,2026-04-12 22:26:30,True,[0.11233333 0.11241667 0.11241667 0.11233333 0.11233333],0.11236666666666666,4.082482904638861e-05,[0.112375   0.11235417 0.11235417 0.112375   0.112375  ],0.11236666666666668,2232.9755346775055,266.4156065940857,0.005,2.0,0.02020317017525385,6.598601957366764e-06,0.11236666666666666,4.082482904638861e-05,0.022701631580794874,1.5663638519085772e-05,0.011236666666666667,4.0824829046390306e-06,0.1,0.0
86,86,27d3c2b57357,2026-04-12 22:38:13,True,[0.11233333 0.11241667 0.11241667 0.11233333 0.11233333],0.11236666666666666,4.082482904638861e-05,[0.112375   0.11235417 0.11235417 0.112375   0.112375  ],0.11236666666666668,2410.788673400879,265.17654767036436,0.005,5.0,0.02020317017525385,6.598601957366764e-06,0.11236666666666666,4.082482904638861e-05,0.022701631580794874,1.5663638519085772e-05,0.011236666666666667,4.0824829046390306e-06,0.1,0.0
87,87,35f2512b0408,2026-04-12 23:03:01,True,[0.11233333 0.11241667 0.11241667 0.11233333 0.11233333],0.11236666666666666,4.082482904638861e-05,[0.112375   0.11235417 0.11235417 0.112375   0.112375  ],0.11236666666666668,2686.6852113723753,264.43589572906495,0.005,10.0,0.02020317017525385,6.598601957366764e-06,0.11236666666666666,4.082482904638861e-05,0.022701631580794874,1.5663638519085772e-05,0.011236666666666667,4.0824829046390306e-06,0.1,0.0
88,88,64e11b16584d,2026-04-12 21:58:22,True,[0.11233333 0.11241667 0.11241667 0.11233333 0.11233333],0.11236666666666666,4.082482904638861e-05,[0.112375   0.11235417 0.11235417 0.112375   0.112375  ],0.11236666666666668,2172.3936549663545,205.5457407474518,0.005,50.0,0.02020317017525385,6.598601957366764e-06,0.11236666666666666,4.082482904638861e-05,0.022701631580794874,1.5663638519085772e-05,0.011236666666666667,4.0824829046390306e-06,0.1,0.0
89,89,38a97410dc4e,2026-04-12 22:02:12,True,[0.11233333 0.11241667 0.11241667 0.11233333 0.11233333],0.11236666666666666,4.082482904638861e-05,[0.112375   0.11235417 0.11235417 0.112375   0.112375  ],0.11236666666666668,2181.153087425232,216.12826519012452,0.005,100.0,0.02020317017525385,6.598601957366764e-06,0.11236666666666666,4.082482904638861e-05,0.022701631580794874,1.5663638519085772e-05,0.011236666666666667,4.0824829046390306e-06,0.1,0.0
90,90,224ba1dcdab7,2026-04-12 20:07:28,True,[0.11233333 0.11241667 0.11241667 0.11233333 0.11233333],0.11236666666666666,4.082482904638861e-05,[0.112375   0.11235417 0.11235417 0.112375   0.112375  ],0.11236666666666668,1187.0480774879456,148.9129961013794,0.005,0.0003,0.02020317017525385,6.598601957366764e-06,0.11236666666666666,4.082482904638861e-05,0.022701631580794874,1.5663638519085772e-05,0.011236666666666667,4.0824829046390306e-06,0.1,0.0
91,91,18758f5d7913,2026-04-12 19:38:59,True,[0.80858333 0.80958333 0.81158333 0.81325    0.814     ],0.8114000000000001,0.002071231517720795,[0.81102083 0.81214583 0.81147917 0.81133333 0.81227083],0.81165,861.6687230110168,138.99166021347045,0.005,0.003,0.808187512228011,0.0021808429624381328,0.8114000000000001,0.002071231517720795,0.8100117041291617,0.002199152821275156,0.8255002513288472,0.0010534945754230138,0.8063322343349025,0.0021995472179848112
92,92,50bd93ba5858,2026-04-12 19:50:24,True,[0.8725     0.87125    0.87133333 0.86983333 0.87208333],0.8713999999999998,0.000911957601353638,[0.87214583 0.871625   0.87225    0.87191667 0.871625  ],0.8719125,868.2766636371613,170.52460203170776,0.005,0.008,0.8699875345410032,0.0009304689820273797,0.8713999999999998,0.000911957601353638,0.8710733648113613,0.0008812203399267217,0.8728291162267023,0.0011488764909202615,0.869227325284627,0.0009567685335612964
93,93,070eb74174d0,2026-04-12 19:44:23,True,[0.89041667 0.88783333 0.88708333 0.88483333 0.88725   ],0.8874833333333333,0.0017868345692250629,[0.88866667 0.88854167 0.8891875  0.88935417 0.88877083],0.8889041666666667,815.9609470844268,158.23891305923462,0.005,0.015,0.8861744811485135,0.0018430146655731988,0.8874833333333333,0.0017868345692250629,0.8872764378774389,0.001765734412171728,0.8873402602201328,0.0018439734808903458,0.8858658464349334,0.0018682289972773835
94,94,f22d880822b6,2026-04-12 20:29:37,True,[0.22133333 0.21975    0.21958333 0.21791667 0.22316667],0.22035,0.0017759191673296661,[0.22072917 0.22197917 0.2200625  0.21985417 0.2256875 ],0.2216625,1288.8533916473389,173.283065700531,0.005,0.075,0.13984443848202752,0.002196273776274798,0.22035,0.0017759191673296661,0.15288034266869635,0.002239576690617932,0.17751717062438,0.04111473803444591,0.20471202294103374,0.001735052154039702
95,95,5f94ee4dafa7,2026-04-12 20:01:11,True,[0.211      0.20816667 0.21033333 0.2085     0.20891667],0.20938333333333334,0.0010949378470437908,[0.21029167 0.20997917 0.21002083 0.2094375  0.20983333],0.2099125,1013.9478188991546,157.94392323493958,0.005,0.15,0.11688373582906117,0.0005977376616610331,0.20938333333333334,0.0010949378470437908,0.12968462520635543,0.00066597418997099,0.10979084787597956,0.0003544347340974286,0.19336369028251948,0.0009870993623236964
96,96,56e1901189c8,2026-04-12 20:19:20,True,[0.11233333 0.11241667 0.11241667 0.11233333 0.11233333],0.11236666666666666,4.082482904638861e-05,[0.112375   0.11235417 0.11235417 0.112375   0.112375  ],0.11236666666666668,1207.456068468094,165.88188395500183,0.005,0.25,0.02020317017525385,6.598601957366764e-06,0.11236666666666666,4.082482904638861e-05,0.022701631580794874,1.5663638519085772e-05,0.011236666666666667,4.0824829046390306e-06,0.1,0.0
97,97,dccce7798c31,2026-04-12 20:02:52,True,[0.11233333 0.11241667 0.11241667 0.11233333 0.11233333],0.11236666666666666,4.082482904638861e-05,[0.112375   0.11235417 0.11235417 0.112375   0.112375  ],0.11236666666666668,1107.6677813053132,137.82198615074157,0.005,0.75,0.02020317017525385,6.598601957366764e-06,0.11236666666666666,4.082482904638861e-05,0.022701631580794874,1.5663638519085772e-05,0.011236666666666667,4.0824829046390306e-06,0.1,0.0
98,98,1ad60a13e958,2026-04-12 20:37:54,True,[0.11233333 0.11241667 0.11241667 0.11233333 0.11233333],0.11236666666666666,4.082482904638861e-05,[0.112375   0.11235417 0.11235417 0.112375   0.112375  ],0.11236666666666668,1517.4191779613495,150.31318526268007,0.005,20.0,0.02020317017525385,6.598601957366764e-06,0.11236666666666666,4.082482904638861e-05,0.022701631580794874,1.5663638519085772e-05,0.011236666666666667,4.0824829046390306e-06,0.1,0.0
99,99,aaf9a1d1d039,2026-04-12 21:15:31,True,[0.11233333 0.11241667 0.11241667 0.11233333 0.11233333],0.11236666666666666,4.082482904638861e-05,[0.112375   0.11235417 0.11235417 0.112375   0.112375  ],0.11236666666666668,1811.5895085334778,176.55077176094056,0.005,200.0,0.02020317017525385,6.598601957366764e-06,0.11236666666666666,4.082482904638861e-05,0.022701631580794874,1.5663638519085772e-05,0.011236666666666667,4.0824829046390306e-06,0.1,0.0
100,100,b2e85d4a9c90,2026-04-12 20:19:59,True,[0.11233333 0.11241667 0.11241667 0.11233333 0.11233333],0.11236666666666666,4.082482904638861e-05,[0.112375   0.11235417 0.11235417 0.112375   0.112375  ],0.11236666666666668,1219.6287246227264,161.45736680030822,0.01,1e-05,0.02020317017525385,6.598601957366764e-06,0.11236666666666666,4.082482904638861e-05,0.022701631580794874,1.5663638519085772e-05,0.011236666666666667,4.0824829046390306e-06,0.1,0.0
101,101,7d57a4320f6b,2026-04-12 20:27:28,True,[0.11233333 0.11241667 0.11241667 0.11233333 0.11233333],0.11236666666666666,4.082482904638861e-05,[0.112375   0.11235417 0.11235417 0.112375   0.112375  ],0.11236666666666668,1283.4636163234711,166.59801936149597,0.01,0.0001,0.02020317017525385,6.598601957366764e-06,0.11236666666666666,4.082482904638861e-05,0.022701631580794874,1.5663638519085772e-05,0.011236666666666667,4.0824829046390306e-06,0.1,0.0
102,102,cc0d89ad9c87,2026-04-12 20:04:07,True,[0.73683333 0.74683333 0.74408333 0.74783333 0.7435    ],0.7438166666666667,0.0038515509141700908,[0.74452083 0.74322917 0.74277083 0.744625   0.74585417],0.7442,1017.1167680263519,160.0885552406311,0.01,0.001,0.7300240311902642,0.0042216318475003034,0.7438166666666667,0.0038515509141700908,0.7337102491794486,0.004234562634754843,0.7772509336620546,0.00246129058392027,0.7352621188013136,0.0039508766943507955
103,103,b9d3ffb4984c,2026-04-12 19:10:39,True,[0.88533333 0.8855     0.88375    0.88516667 0.88558333],0.8850666666666666,0.0006737127643802271,[0.88616667 0.88572917 0.88608333 0.8859375  0.88535417],0.8858541666666666,532.0037461280823,134.67501091957092,0.01,0.005,0.883920385148239,0.0006577213354867596,0.8850666666666666,0.0006737127643802271,0.8847452562087176,0.000633828731719764,0.8859502234972545,0.0007453974648530039,0.8835219385519768,0.0006921873964901537
104,104,6a35bc126d98,2026-04-12 19:24:24,True,[0.90658333 0.90666667 0.90408333 0.90391667 0.90533333],0.9053166666666665,0.0011754431788336668,[0.9065     0.9058125  0.90672917 0.9069375  0.90591667],0.9063791666666667,601.2602672576904,152.21792974472046,0.01,0.01,0.9043517719264329,0.001197906178878356,0.9053166666666665,0.0011754431788336668,0.9050873052890592,0.001143448123587422,0.9050847344062678,0.0012604246121323734,0.9043271710983369,0.0011640590631849799
105,105,cb2d5c1a8089,2026-04-12 19:06:33,True,[0.91983333 0.91641667 0.91683333 0.9135     0.916     ],0.9165166666666666,0.002023747898221391,[0.91866667 0.919      0.91864583 0.91920833 0.919     ],0.9189041666666666,551.6918767929077,121.05036077499389,0.01,0.025,0.9156678565549825,0.0020304440117929192,0.9165166666666666,0.002023747898221391,0.9165010623415139,0.002004481995244682,0.9159855408613844,0.001940317476876323,0.9157999260289877,0.0020159163525268423
106,106,ae3819513d74,2026-04-12 19:37:26,True,[0.8015     0.79716667 0.79958333 0.79441667 0.7965    ],0.7978333333333334,0.0024658782523789644,[0.80145833 0.80539583 0.80289583 0.80325    0.80491667],0.8035833333333333,811.2311491012573,145.2537164211273,0.01,0.05,0.8133876607807975,0.0020474097971881944,0.7978333333333334,0.0024658782523789644,0.8164118179592027,0.0020388312632970574,0.8820877836002555,0.0015006278920286483,0.7935144248832191,0.0024931250976381303
107,107,26d23a377da9,2026-04-12 20:37:06,True,[0.20325    0.2015     0.2025     0.20216667 0.20383333],0.20265,0.0008171767114754137,[0.20279167 0.2036875  0.20266667 0.2028125  0.20347917],0.2030875,1341.535767173767,182.30309915542603,0.01,0.1,0.11525920197138351,0.0009801461218792436,0.20265,0.0008171767114754137,0.12769646376508775,0.0010020024961160856,0.1284633142286247,0.005434416121094625,0.18748973513682715,0.0007834205006041468
108,108,040827f5a287,2026-04-12 20:17:29,True,[0.11233333 0.11241667 0.11241667 0.11233333 0.11233333],0.11236666666666666,4.082482904638861e-05,[0.112375   0.11235417 0.11235417 0.112375   0.112375  ],0.11236666666666668,1175.6167760848998,167.100581407547,0.01,0.5,0.02020317017525385,6.598601957366764e-06,0.11236666666666666,4.082482904638861e-05,0.022701631580794874,1.5663638519085772e-05,0.011236666666666667,4.0824829046390306e-06,0.1,0.0
109,109,b1c9053e7b9e,2026-04-12 20:24:22,True,[0.11233333 0.11241667 0.11241667 0.11233333 0.11233333],0.11236666666666666,4.082482904638861e-05,[0.112375   0.11235417 0.11235417 0.112375   0.112375  ],0.11236666666666668,1276.6383802890778,173.47817859649658,0.01,1.0,0.02020317017525385,6.598601957366764e-06,0.11236666666666666,4.082482904638861e-05,0.022701631580794874,1.5663638519085772e-05,0.011236666666666667,4.0824829046390306e-06,0.1,0.0
110,110,9c4294030dc5,2026-04-12 20:47:05,True,[0.11233333 0.11241667 0.11241667 0.11233333 0.11233333],0.11236666666666666,4.082482904638861e-05,[0.112375   0.11235417 0.11235417 0.112375   0.112375  ],0.11236666666666668,1480.972427558899,180.63474683761598,0.01,2.0,0.02020317017525385,6.598601957366764e-06,0.11236666666666666,4.082482904638861e-05,0.022701631580794874,1.5663638519085772e-05,0.011236666666666667,4.0824829046390306e-06,0.1,0.0
111,111,08399510216b,2026-04-12 20:45:17,True,[0.11233333 0.11241667 0.11241667 0.11233333 0.11233333],0.11236666666666666,4.082482904638861e-05,[0.112375   0.11235417 0.11235417 0.112375   0.112375  ],0.11236666666666668,1553.680406141281,160.09621682167054,0.01,5.0,0.02020317017525385,6.598601957366764e-06,0.11236666666666666,4.082482904638861e-05,0.022701631580794874,1.5663638519085772e-05,0.011236666666666667,4.0824829046390306e-06,0.1,0.0
112,112,5c0023509c51,2026-04-12 21:14:05,True,[0.11233333 0.11241667 0.11241667 0.11233333 0.11233333],0.11236666666666666,4.082482904638861e-05,[0.112375   0.11235417 0.11235417 0.112375   0.112375  ],0.11236666666666668,1801.8198187351227,167.3361111164093,0.01,10.0,0.02020317017525385,6.598601957366764e-06,0.11236666666666666,4.082482904638861e-05,0.022701631580794874,1.5663638519085772e-05,0.011236666666666667,4.0824829046390306e-06,0.1,0.0
113,113,49642e6f1fb2,2026-04-12 22:32:55,True,[0.11233333 0.11241667 0.11241667 0.11233333 0.11233333],0.11236666666666666,4.082482904638861e-05,[0.112375   0.11235417 0.11235417 0.112375   0.112375  ],0.11236666666666668,2519.239906692505,221.62404193878174,0.01,50.0,0.02020317017525385,6.598601957366764e-06,0.11236666666666666,4.082482904638861e-05,0.022701631580794874,1.5663638519085772e-05,0.011236666666666667,4.0824829046390306e-06,0.1,0.0
114,114,827ed835bd72,2026-04-12 21:32:27,True,[0.11233333 0.11241667 0.11241667 0.11233333 0.11233333],0.11236666666666666,4.082482904638861e-05,[0.112375   0.11235417 0.11235417 0.112375   0.112375  ],0.11236666666666668,2017.47676320076,175.7369141101837,0.01,100.0,0.02020317017525385,6.598601957366764e-06,0.11236666666666666,4.082482904638861e-05,0.022701631580794874,1.5663638519085772e-05,0.011236666666666667,4.0824829046390306e-06,0.1,0.0
115,115,17d81a8f29d0,2026-04-12 20:37:12,True,[0.28616667 0.28808333 0.28416667 0.28666667 0.28575   ],0.2861666666666667,0.001272573944588076,[0.28585417 0.285      0.28577083 0.28639583 0.288125  ],0.28622916666666665,1374.1526210784912,169.92421360015868,0.01,0.0003,0.22790957493978117,0.001650555046259563,0.2861666666666667,0.001272573944588076,0.2326158440959531,0.0016900047754818991,0.3849083761434426,0.003751116658457248,0.2722994484749563,0.0012853600671934313
116,116,8115be2678cc,2026-04-12 19:38:53,True,[0.86408333 0.86558333 0.86491667 0.86533333 0.86625   ],0.8652333333333333,0.0007195677714974285,[0.86602083 0.86566667 0.86597917 0.8656875  0.86560417],0.8657916666666667,772.0599265098572,147.64658336639405,0.01,0.003,0.8638773945383729,0.0006196685840887198,0.8652333333333333,0.0007195677714974285,0.8648181422264463,0.0006836836095557561,0.8679906262402547,0.0003739659411503067,0.8629251551409528,0.0007463568876841897
117,117,d51942ce8830,2026-04-12 19:29:51,True,[0.90041667 0.90041667 0.89825    0.898      0.89983333],0.8993833333333333,0.0010522462745109634,[0.9000625  0.9000625  0.9009375  0.90058333 0.89977083],0.9002833333333333,689.9395343780518,150.0576657295227,0.01,0.008,0.8983572419604728,0.0010508142847532823,0.8993833333333333,0.0010522462745109634,0.8991132069429961,0.0010181506327698406,0.8994008342259786,0.001111844562192227,0.8982448255783254,0.0010369836761496345
118,118,1385a2c59cbd,2026-04-12 20:34:53,True,[0.9145     0.91533333 0.91366667 0.91241667 0.91375   ],0.9139333333333333,0.0009681023820971791,[0.91522917 0.91529167 0.91541667 0.91577083 0.91508333],0.9153583333333334,1012.96946849823,238.88381152153016,0.01,0.015,0.9130281900453919,0.000982930842035035,0.9139333333333333,0.0009681023820971791,0.913768621606583,0.0009260869034922229,0.9133620699168826,0.0009990680807395041,0.9131159542708692,0.0009529231477537896
119,119,23116240494e,2026-04-12 21:53:21,True,[0.33241667 0.33375    0.3315     0.33366667 0.33016667],0.3323,0.001354621718414404,[0.33527083 0.33452083 0.33516667 0.3355625  0.335875  ],0.3352791666666667,1823.5144004821777,260.16490120887755,0.01,0.075,0.2907535597103955,0.0013420082134812153,0.3323,0.001354621718414404,0.30542447057310323,0.001333079678366119,0.6007342570101872,0.0015941207884195199,0.3165926913555851,0.0013193854316743507
120,120,f16338bdcf64,2026-04-12 22:07:02,True,[0.18616667 0.18566667 0.18741667 0.18616667 0.18433333],0.18595,0.0009938701010583785,[0.18658333 0.1865625  0.18591667 0.18608333 0.18675   ],0.18637916666666668,2046.5473828792572,264.692343378067,0.01,0.15,0.10451160827807718,0.0006061727225303393,0.18595,0.0009938701010583785,0.11581344361823342,0.0006960870561962744,0.11134672582824608,4.710517198827691e-05,0.17255878870015237,0.0008723212283264731
121,121,90921f5a0888,2026-04-12 21:50:32,True,[0.11233333 0.11241667 0.11241667 0.11233333 0.11233333],0.11236666666666666,4.082482904638861e-05,[0.112375   0.11235417 0.11235417 0.112375   0.112375  ],0.11236666666666668,1934.59110789299,263.2942603111267,0.01,0.25,0.02020317017525385,6.598601957366764e-06,0.11236666666666666,4.082482904638861e-05,0.022701631580794874,1.5663638519085772e-05,0.011236666666666667,4.0824829046390306e-06,0.1,0.0
122,122,51b1af064e6d,2026-04-12 22:05:36,True,[0.11233333 0.11241667 0.11241667 0.11233333 0.11233333],0.11236666666666666,4.082482904638861e-05,[0.112375   0.11235417 0.11235417 0.112375   0.112375  ],0.11236666666666668,2175.414013051987,218.00071434974672,0.01,0.75,0.02020317017525385,6.598601957366764e-06,0.11236666666666666,4.082482904638861e-05,0.022701631580794874,1.5663638519085772e-05,0.011236666666666667,4.0824829046390306e-06,0.1,0.0
123,123,0a6181324e22,2026-04-12 21:15:39,True,[0.11233333 0.11241667 0.11241667 0.11233333 0.11233333],0.11236666666666666,4.082482904638861e-05,[0.112375   0.11235417 0.11235417 0.112375   0.112375  ],0.11236666666666668,1831.2227213859558,163.01166181564332,0.01,20.0,0.02020317017525385,6.598601957366764e-06,0.11236666666666666,4.082482904638861e-05,0.022701631580794874,1.5663638519085772e-05,0.011236666666666667,4.0824829046390306e-06,0.1,0.0
124,124,9f39764b1367,2026-04-12 21:24:59,True,[0.11233333 0.11241667 0.11241667 0.11233333 0.11233333],0.11236666666666666,4.082482904638861e-05,[0.112375   0.11235417 0.11235417 0.112375   0.112375  ],0.11236666666666668,1966.6125069141387,160.62119603157043,0.01,200.0,0.02020317017525385,6.598601957366764e-06,0.11236666666666666,4.082482904638861e-05,0.022701631580794874,1.5663638519085772e-05,0.011236666666666667,4.0824829046390306e-06,0.1,0.0
125,125,e75df609681d,2026-04-12 20:42:55,True,[0.11233333 0.11241667 0.11241667 0.11233333 0.11233333],0.11236666666666666,4.082482904638861e-05,[0.112375   0.11235417 0.11235417 0.112375   0.112375  ],0.11236666666666668,1370.9393700122832,188.83900866508483,0.025,1e-05,0.02020317017525385,6.598601957366764e-06,0.11236666666666666,4.082482904638861e-05,0.022701631580794874,1.5663638519085772e-05,0.011236666666666667,4.0824829046390306e-06,0.1,0.0
126,126,6fc6bf6b1f6e,2026-04-12 20:40:32,True,[0.20291667 0.20308333 0.19666667 0.20141667 0.20241667],0.20129999999999998,0.002388397882356384,[0.20058333 0.20020833 0.20179167 0.20189583 0.2016875 ],0.20123333333333332,1395.745609664917,169.43860721588135,0.025,0.0001,0.14327760713946064,0.002726701924993085,0.20129999999999998,0.002388397882356384,0.146595798364353,0.0027559160583225735,0.4195751592578418,0.004286543242105878,0.18871053266956622,0.0023922040497410665
127,127,dfe718ca8f2b,2026-04-12 19:57:36,True,[0.85675    0.85816667 0.85908333 0.85875    0.8585    ],0.85825,0.0008079466429027173,[0.85933333 0.85904167 0.85870833 0.85808333 0.8584375 ],0.8587208333333333,906.0202023029327,166.67494468688966,0.025,0.001,0.856908496162383,0.0008082325948855067,0.85825,0.0008079466429027173,0.857829563456383,0.0008384704867127211,0.8622575536814635,0.0006789351989379188,0.8557206091931915,0.0008453641774540222
128,128,935d7db3f6cf,2026-04-12 19:03:45,True,[0.91133333 0.91233333 0.90908333 0.91016667 0.91241667],0.9110666666666667,0.0012838743448380385,[0.91227083 0.91214583 0.91291667 0.91233333 0.91214583],0.9123625000000001,488.73318123817444,123.11994585990905,0.025,0.005,0.9101536599491139,0.0012838180503214754,0.9110666666666667,0.0012838743448380385,0.9108205975143182,0.0012524544054206858,0.9109500166731337,0.001372835649873927,0.9101545107788764,0.0013162487869167842
129,129,9d03fda846c9,2026-04-12 18:54:16,True,[0.92708333 0.93116667 0.92616667 0.92575    0.92741667],0.9275166666666665,0.0019216601618855063,[0.92947917 0.92845833 0.92945833 0.9298125  0.92945833],0.9293333333333335,415.7458056926727,106.9298210144043,0.025,0.01,0.9267830617251936,0.0019651867639954414,0.9275166666666665,0.0019216601618855063,0.9273684711942902,0.0019036906431453518,0.9270467732972417,0.002009922366317742,0.926871483805904,0.0019417452559793039
130,130,a4f23628f2fd,2026-04-12 18:51:34,True,[0.94216667 0.94291667 0.94       0.93925    0.93816667],0.9404999999999999,0.0017818529681205317,[0.94402083 0.94333333 0.94404167 0.94375    0.94458333],0.9439458333333335,411.2527765750885,107.43813347816467,0.025,0.025,0.9399497344497452,0.0018459020398432192,0.9404999999999999,0.0017818529681205317,0.9404518721540305,0.0017879117198785442,0.9399215500036944,0.0018638754319659219,0.9401612154281231,0.0017783593577939021
131,131,f80e8907d5df,2026-04-12 19:26:09,True,[0.90433333 0.9035     0.9015     0.90008333 0.89908333],0.9017,0.001983683442487724,[0.91029167 0.90991667 0.90939583 0.90933333 0.90925   ],0.9096375,712.6808080196381,125.61153974533082,0.025,0.05,0.9043768675291106,0.0018394403862942279,0.9017,0.001983683442487724,0.9053436068158447,0.0018382456882754456,0.9169562039540289,0.0013061372348385446,0.9007896133553389,0.0019596770353990465
132,132,e83e269a2be4,2026-04-12 21:01:32,True,[0.30625    0.30875    0.30616667 0.30591667 0.30266667],0.30595,0.0019369219567826502,[0.31333333 0.31141667 0.3120625  0.3133125  0.31397917],0.3128208333333334,1567.0319827079772,187.27874903678895,0.025,0.1,0.2623677633206201,0.002103356310984123,0.30595,0.0019369219567826502,0.27689889350091773,0.002133985761825963,0.6084728688465736,0.0005212426900850947,0.2905845043049247,0.00188153336690184
133,133,d62a8d907646,2026-04-12 21:36:54,True,[0.11233333 0.11241667 0.11241667 0.11233333 0.11233333],0.11236666666666666,4.082482904638861e-05,[0.112375   0.11235417 0.11235417 0.112375   0.112375  ],0.11236666666666668,1889.433838224411,208.35492463111876,0.025,0.5,0.02020317017525385,6.598601957366764e-06,0.11236666666666666,4.082482904638861e-05,0.022701631580794874,1.5663638519085772e-05,0.011236666666666667,4.0824829046390306e-06,0.1,0.0
134,134,fab1b420c920,2026-04-12 20:45:16,True,[0.11233333 0.11241667 0.11241667 0.11233333 0.11233333],0.11236666666666666,4.082482904638861e-05,[0.112375   0.11235417 0.11235417 0.112375   0.112375  ],0.11236666666666668,1484.3983092784881,162.5356756210327,0.025,1.0,0.02020317017525385,6.598601957366764e-06,0.11236666666666666,4.082482904638861e-05,0.022701631580794874,1.5663638519085772e-05,0.011236666666666667,4.0824829046390306e-06,0.1,0.0
135,135,4418ba56fe80,2026-04-12 22:02:13,True,[0.11233333 0.11241667 0.11241667 0.11233333 0.11233333],0.11236666666666666,4.082482904638861e-05,[0.112375   0.11235417 0.11235417 0.112375   0.112375  ],0.11236666666666668,2238.8814861774445,189.43738574981688,0.025,2.0,0.02020317017525385,6.598601957366764e-06,0.11236666666666666,4.082482904638861e-05,0.022701631580794874,1.5663638519085772e-05,0.011236666666666667,4.0824829046390306e-06,0.1,0.0
136,136,d225ecfa4345,2026-04-12 21:47:20,True,[0.11233333 0.11241667 0.11241667 0.11233333 0.11233333],0.11236666666666666,4.082482904638861e-05,[0.112375   0.11235417 0.11235417 0.112375   0.112375  ],0.11236666666666668,2130.284665489197,169.60705509185792,0.025,5.0,0.02020317017525385,6.598601957366764e-06,0.11236666666666666,4.082482904638861e-05,0.022701631580794874,1.5663638519085772e-05,0.011236666666666667,4.0824829046390306e-06,0.1,0.0
137,137,984645e69775,2026-04-12 21:45:19,True,[0.11233333 0.11241667 0.11241667 0.11233333 0.11233333],0.11236666666666666,4.082482904638861e-05,[0.112375   0.11235417 0.11235417 0.112375   0.112375  ],0.11236666666666668,2152.2440654754637,176.91393918991088,0.025,10.0,0.02020317017525385,6.598601957366764e-06,0.11236666666666666,4.082482904638861e-05,0.022701631580794874,1.5663638519085772e-05,0.011236666666666667,4.0824829046390306e-06,0.1,0.0
138,138,380b77ac0964,2026-04-12 22:44:38,True,[0.11233333 0.11241667 0.11241667 0.11233333 0.11233333],0.11236666666666666,4.082482904638861e-05,[0.112375   0.11235417 0.11235417 0.112375   0.112375  ],0.11236666666666668,2650.6941997528074,216.83470325469972,0.025,50.0,0.02020317017525385,6.598601957366764e-06,0.11236666666666666,4.082482904638861e-05,0.022701631580794874,1.5663638519085772e-05,0.011236666666666667,4.0824829046390306e-06,0.1,0.0
139,139,144b43766a2a,2026-04-12 22:42:30,True,[0.11233333 0.11241667 0.11241667 0.11233333 0.11233333],0.11236666666666666,4.082482904638861e-05,[0.112375   0.11235417 0.11235417 0.112375   0.112375  ],0.11236666666666668,2639.3345554828643,215.94943919181824,0.025,100.0,0.02020317017525385,6.598601957366764e-06,0.11236666666666666,4.082482904638861e-05,0.022701631580794874,1.5663638519085772e-05,0.011236666666666667,4.0824829046390306e-06,0.1,0.0
140,140,6d2324142742,2026-04-12 20:13:31,True,[0.68141667 0.68825    0.6865     0.68791667 0.68275   ],0.6853666666666667,0.0027766886753829664,[0.68575    0.68554167 0.68435417 0.68589583 0.687     ],0.6857083333333334,1125.5354816913605,159.06186628341675,0.025,0.0003,0.6540137069791717,0.002880682664374941,0.6853666666666667,0.0027766886753829664,0.6596553293262053,0.0028646424285974376,0.7262472825864805,0.0037097177820383073,0.6742534417571351,0.0028188149027290527
141,141,593e29552285,2026-04-12 20:15:34,True,[0.89791667 0.89808333 0.89508333 0.89583333 0.89933333],0.89725,0.0015608046357924112,[0.89816667 0.89779167 0.89877083 0.898625   0.89758333],0.8981875,821.9555294990539,223.29022345542907,0.025,0.003,0.8961839205727982,0.0015243244158481542,0.89725,0.0015608046357924112,0.8969095293301951,0.001515182274360466,0.8976074506527804,0.0016066017548563999,0.8960656949131725,0.001580743792814691
142,142,659fa85257b9,2026-04-12 19:33:14,True,[0.92091667 0.92525    0.92       0.921      0.92283333],0.922,0.0018671130418673226,[0.924      0.923375   0.92414583 0.92370833 0.92352083],0.9237500000000001,551.982555103302,159.91721348762513,0.025,0.008,0.9212021729231784,0.0019053505066048257,0.922,0.0018671130418673226,0.9218193468920737,0.001847696756234032,0.9215833937024579,0.0019506957447686384,0.9212871037811574,0.0019049960456862854
143,143,13d8b382d077,2026-04-12 18:50:50,True,[0.93533333 0.93983333 0.93558333 0.93458333 0.93441667],0.9359500000000001,0.0019906726947888052,[0.93835417 0.93708333 0.93820833 0.93839583 0.9381875 ],0.9380458333333334,405.75259232521057,105.3993025779724,0.025,0.015,0.9353214274881392,0.0020255635210536683,0.9359500000000001,0.0019906726947888052,0.9358493673327215,0.001985681520049511,0.935377915899098,0.0020461962887572556,0.9354754996614612,0.0019741948935721758
144,144,1d32e22dcdc6,2026-04-12 20:46:56,True,[0.64508333 0.64941667 0.64508333 0.64075    0.64041667],0.64415,0.0033159546974522286,[0.65727083 0.66035417 0.65977083 0.65835417 0.65964583],0.6590791666666667,1448.0313377857208,180.59479441642762,0.025,0.075,0.6774876499990625,0.002796265859484755,0.64415,0.0033159546974522286,0.6854554285604811,0.0028148650045596493,0.8908188814497411,0.0011704849762100176,0.6350211541017803,0.0033087270190668436
145,145,d088e7c6b068,2026-04-12 21:10:46,True,[0.199      0.19791667 0.19925    0.19908333 0.198     ],0.19865,0.0005710613899670644,[0.19910417 0.1995625  0.1991875  0.19914583 0.19939583],0.19927916666666667,1640.2321928501128,186.6126546382904,0.025,0.15,0.11191295738534693,0.00031765480166113575,0.19865,0.0005710613899670644,0.12410804012818828,0.0003514731538827867,0.1115206748197648,4.51086983077062e-05,0.18386124815467744,0.0005134913774675961
146,146,64bc6c4fb624,2026-04-12 22:13:01,True,[0.1735  0.1695  0.17125 0.16875 0.1705 ],0.17070000000000002,0.001638596960817386,[0.17314583 0.17245833 0.1723125  0.17158333 0.17229167],0.17235833333333334,1981.5680378437041,277.67487659454343,0.025,0.25,0.09431045969868909,0.0011824501689603382,0.17070000000000002,0.001638596960817386,0.10437419442757849,0.0013210274619658879,0.11118294149663673,1.9645552074300276e-05,0.15898852430528823,0.001462173254896096
147,147,75c4c973ff1a,2026-04-12 22:35:36,True,[0.11233333 0.11241667 0.11241667 0.11233333 0.11233333],0.11236666666666666,4.082482904638861e-05,[0.112375   0.11235417 0.11235417 0.112375   0.112375  ],0.11236666666666668,2291.9972199440003,266.53365116119386,0.025,0.75,0.02020317017525385,6.598601957366764e-06,0.11236666666666666,4.082482904638861e-05,0.022701631580794874,1.5663638519085772e-05,0.011236666666666667,4.0824829046390306e-06,0.1,0.0
148,148,9784fd8151ff,2026-04-12 23:20:29,True,[0.11233333 0.11241667 0.11241667 0.11233333 0.11233333],0.11236666666666666,4.082482904638861e-05,[0.112375   0.11235417 0.11235417 0.112375   0.112375  ],0.11236666666666668,2926.799580001831,245.1855586051941,0.025,20.0,0.02020317017525385,6.598601957366764e-06,0.11236666666666666,4.082482904638861e-05,0.022701631580794874,1.5663638519085772e-05,0.011236666666666667,4.0824829046390306e-06,0.1,0.0
149,149,f49a6299d6c2,2026-04-12 23:57:05,True,[0.11233333 0.11241667 0.11241667 0.11233333 0.11233333],0.11236666666666666,4.082482904638861e-05,[0.112375   0.11235417 0.11235417 0.112375   0.112375  ],0.11236666666666668,3256.109569311142,272.36869258880614,0.025,200.0,0.02020317017525385,6.598601957366764e-06,0.11236666666666666,4.082482904638861e-05,0.022701631580794874,1.5663638519085772e-05,0.011236666666666667,4.0824829046390306e-06,0.1,0.0
150,150,45a813a0d43f,2026-04-12 21:51:48,True,[0.11233333 0.11241667 0.11241667 0.11233333 0.11233333],0.11236666666666666,4.082482904638861e-05,[0.112375   0.11235417 0.11235417 0.112375   0.112375  ],0.11236666666666668,1802.3509496688844,260.8518713474274,0.05,1e-05,0.02020317017525385,6.598601957366764e-06,0.11236666666666666,4.082482904638861e-05,0.022701631580794874,1.5663638519085772e-05,0.011236666666666667,4.0824829046390306e-06,0.1,0.0
151,151,269155ebe5cd,2026-04-12 21:09:25,True,[0.57975    0.58358333 0.57875    0.57391667 0.57416667],0.5780333333333333,0.003637612159401029,[0.57672917 0.57625    0.57710417 0.578625   0.58122917],0.5779875000000001,1513.0838847637176,212.64849271774293,0.05,0.0001,0.5178004319802023,0.003137608904540054,0.5780333333333333,0.003637612159401029,0.5235442578493611,0.003150482668843454,0.59083514839927,0.002886320067861643,0.564541062901087,0.003625659593328432
152,152,02d117e39e1c,2026-04-12 19:52:22,True,[0.88366667 0.88483333 0.88391667 0.88533333 0.88725   ],0.885,0.0012769320872918432,[0.88579167 0.88591667 0.88579167 0.885875   0.8849375 ],0.8856624999999999,770.3218413829803,188.63741269111634,0.05,0.001,0.8838622913374599,0.0011733805842834648,0.885,0.0012769320872918432,0.8846328839651895,0.0012343974074625489,0.8861793357384066,0.0010590897727647585,0.8835040108229618,0.0013095605359005407
153,153,e33e69d2c951,2026-04-12 19:15:49,True,[0.92366667 0.92683333 0.923      0.924      0.92483333],0.9244666666666665,0.0013224556283251301,[0.92689583 0.92602083 0.92652083 0.92627083 0.9261875 ],0.9263791666666668,469.61007513999937,148.1476031780243,0.05,0.005,0.9236696062925667,0.001355639319593391,0.9244666666666665,0.0013224556283251301,0.924276065814456,0.0013074741166255472,0.9240408627723291,0.00140109976637612,0.9237481450248671,0.0013502239555569842
154,154,bdddd9edb339,2026-04-12 19:01:12,True,[0.93925    0.94375    0.94008333 0.9395     0.93766667],0.94005,0.0020156333440826367,[0.94233333 0.9415625  0.94227083 0.942875   0.94329167],0.9424666666666667,418.037015914917,125.2465139389038,0.05,0.01,0.9394607271033767,0.0020814065140392513,0.94005,0.0020156333440826367,0.9399411062267606,0.002027617272837253,0.9395616929350386,0.0021225903128155852,0.9395669661339736,0.0020099760537971374
155,155,bd244d1170bc,2026-04-12 19:05:44,True,[0.95308333 0.95475    0.95341667 0.95291667 0.94941667],0.9527166666666668,0.001771377367411512,[0.95689583 0.95691667 0.9569375  0.95695833 0.95735417],0.9570125,434.8348396778107,138.46801204681395,0.05,0.025,0.9522807725201865,0.0018269893992367051,0.9527166666666668,0.001771377367411512,0.9526885484352148,0.0018001465955321896,0.9522324766112382,0.0018415316776375058,0.9524522727242308,0.001778262794112973
156,156,cfcf6ad8d355,2026-04-12 19:36:10,True,[0.93933333 0.93525    0.93333333 0.93491667 0.936     ],0.9357666666666666,0.0019842434886430276,[0.94658333 0.945875   0.94652083 0.94677083 0.947     ],0.94655,717.9171387195587,147.0861566066742,0.05,0.05,0.9360122953968395,0.0019487499722694113,0.9357666666666666,0.0019842434886430276,0.9366094157327339,0.0019117236355201597,0.9391625481027683,0.0017686625905842456,0.9353693293722612,0.0020345303109167395
157,157,42e59487f928,2026-04-12 20:34:42,True,[0.5125     0.51816667 0.51733333 0.51983333 0.51141667],0.51585,0.0032957885584822323,[0.5610625  0.56866667 0.56275    0.5703125  0.56595833],0.5657500000000001,1204.6606811523438,196.40702867507935,0.05,0.1,0.5206692021939648,0.0032015788674982547,0.51585,0.0032957885584822323,0.5317403875853124,0.0031633305160690102,0.8466087293179617,0.0013884807129097081,0.5030403602079334,0.003373559639865004
158,158,e538e5da957c,2026-04-12 21:10:20,True,[0.11233333 0.11241667 0.11241667 0.11233333 0.11233333],0.11236666666666666,4.082482904638861e-05,[0.112375   0.11235417 0.11235417 0.112375   0.112375  ],0.11236666666666668,1679.970242834091,191.15871291160585,0.05,0.5,0.02020317017525385,6.598601957366764e-06,0.11236666666666666,4.082482904638861e-05,0.022701631580794874,1.5663638519085772e-05,0.011236666666666667,4.0824829046390306e-06,0.1,0.0
159,159,eb3cf124c088,2026-04-12 20:53:41,True,[0.11233333 0.11241667 0.11241667 0.11233333 0.11233333],0.11236666666666666,4.082482904638861e-05,[0.112375   0.11235417 0.11235417 0.112375   0.112375  ],0.11236666666666668,1543.8652269363404,171.33752779960633,0.05,1.0,0.02020317017525385,6.598601957366764e-06,0.11236666666666666,4.082482904638861e-05,0.022701631580794874,1.5663638519085772e-05,0.011236666666666667,4.0824829046390306e-06,0.1,0.0
160,160,9938a978d903,2026-04-12 21:18:38,True,[0.11233333 0.11241667 0.11241667 0.11233333 0.11233333],0.11236666666666666,4.082482904638861e-05,[0.112375   0.11235417 0.11235417 0.112375   0.112375  ],0.11236666666666668,1841.8269185066224,175.50096292495726,0.05,2.0,0.02020317017525385,6.598601957366764e-06,0.11236666666666666,4.082482904638861e-05,0.022701631580794874,1.5663638519085772e-05,0.011236666666666667,4.0824829046390306e-06,0.1,0.0
161,161,f04a813d01e8,2026-04-12 21:25:02,True,[0.11233333 0.11241667 0.11241667 0.11233333 0.11233333],0.11236666666666666,4.082482904638861e-05,[0.112375   0.11235417 0.11235417 0.112375   0.112375  ],0.11236666666666668,1934.5779510498046,164.57465686798096,0.05,5.0,0.02020317017525385,6.598601957366764e-06,0.11236666666666666,4.082482904638861e-05,0.022701631580794874,1.5663638519085772e-05,0.011236666666666667,4.0824829046390306e-06,0.1,0.0
162,162,25bed04027a7,2026-04-12 22:05:02,True,[0.11233333 0.11241667 0.11241667 0.11233333 0.11233333],0.11236666666666666,4.082482904638861e-05,[0.112375   0.11235417 0.11235417 0.112375   0.112375  ],0.11236666666666668,2417.5320613861086,170.6898850917816,0.05,10.0,0.02020317017525385,6.598601957366764e-06,0.11236666666666666,4.082482904638861e-05,0.022701631580794874,1.5663638519085772e-05,0.011236666666666667,4.0824829046390306e-06,0.1,0.0
163,163,d9060f0464f1,2026-04-12 22:12:11,True,[0.11233333 0.11241667 0.11241667 0.11233333 0.11233333],0.11236666666666666,4.082482904638861e-05,[0.112375   0.11235417 0.11235417 0.112375   0.112375  ],0.11236666666666668,2504.6662933826447,165.68057165145873,0.05,50.0,0.02020317017525385,6.598601957366764e-06,0.11236666666666666,4.082482904638861e-05,0.022701631580794874,1.5663638519085772e-05,0.011236666666666667,4.0824829046390306e-06,0.1,0.0
164,164,afa7f37057b9,2026-04-12 22:46:13,True,[0.11233333 0.11241667 0.11241667 0.11233333 0.11233333],0.11236666666666666,4.082482904638861e-05,[0.112375   0.11235417 0.11235417 0.112375   0.112375  ],0.11236666666666668,2902.734902429581,171.47269506454467,0.05,100.0,0.02020317017525385,6.598601957366764e-06,0.11236666666666666,4.082482904638861e-05,0.022701631580794874,1.5663638519085772e-05,0.011236666666666667,4.0824829046390306e-06,0.1,0.0
165,165,657c86cd955d,2026-04-12 20:50:20,True,[0.82583333 0.82491667 0.82533333 0.82475    0.82608333],0.8253833333333332,0.0005126185499743145,[0.82672917 0.8265625  0.826125   0.82558333 0.82597917],0.8261958333333332,1284.1660338401794,220.37155561447145,0.05,0.0003,0.8233369032396253,0.0006409961473239897,0.8253833333333332,0.0005126185499743145,0.8246656766258583,0.0005646583314163449,0.8352854959662747,0.0015228755799828904,0.8212470916407761,0.000570663439040194
166,166,6b5d9415c984,2026-04-12 18:58:51,True,[0.91275    0.91366667 0.91025    0.91191667 0.91416667],0.9125499999999999,0.0013850391089544397,[0.91427083 0.91375    0.9145625  0.91416667 0.91341667],0.9140333333333333,430.39218683242797,126.82445673942566,0.05,0.003,0.9116286479544401,0.0013963936335527874,0.9125499999999999,0.0013850391089544397,0.9122906006413984,0.0013566402492302806,0.9123823274881102,0.0015084390894244942,0.9116470081490851,0.0014245030145283288
167,167,f36aab5720ce,2026-04-12 18:23:06,True,[0.934      0.93933333 0.9345     0.93508333 0.934     ],0.9353833333333335,0.002014944167960981,[0.93739583 0.93683333 0.93733333 0.93785417 0.93816667],0.9375166666666667,241.75879311561584,70.3643572807312,0.05,0.008,0.934739606137836,0.002079887368729342,0.9353833333333335,0.002014944167960981,0.9352493786305092,0.002022756971525727,0.9349271176118281,0.002124169406392378,0.9348161039279701,0.002015049207301884
168,168,ceaecd229bc2,2026-04-12 18:32:59,True,[0.94766667 0.9495     0.94758333 0.94791667 0.94308333],0.9471499999999999,0.0021495477560536935,[0.950625   0.95002083 0.95029167 0.9505     0.9511875 ],0.9505250000000001,284.02287821769715,84.93570280075073,0.05,0.015,0.9466382825741139,0.002227120270199412,0.9471499999999999,0.0021495477560536935,0.9470817494051366,0.0021734314699680085,0.9466437159606322,0.0022494099191995723,0.9467700347562374,0.0021551747087034763
169,169,fda3bd2cd550,2026-04-12 20:10:36,True,[0.798      0.79583333 0.7925     0.79116667 0.7885    ],0.7932,0.003367161679779846,[0.81554167 0.81764583 0.81608333 0.81516667 0.81591667],0.8160708333333334,1016.1442586898804,167.96071829795838,0.05,0.075,0.8210282222524432,0.0027712583582012074,0.7932,0.003367161679779846,0.8233811757689613,0.0027602147657260355,0.9089620788970496,0.0011785024771875472,0.7899669764812506,0.003409148369157117
170,170,d3a5a6e0cfcd,2026-04-12 20:44:41,True,[0.291      0.28458333 0.29291667 0.29333333 0.27816667],0.28800000000000003,0.005830713697500687,[0.30791667 0.30716667 0.30808333 0.30841667 0.2950625 ],0.3053291666666667,1393.5377974033356,188.5822557926178,0.05,0.15,0.19654193951091742,0.0005005177190490652,0.28800000000000003,0.005830713697500687,0.2121496271575501,0.0005171235783538319,0.28894056704108734,0.006568760080462006,0.27118611535311465,0.005542422661989651
171,171,e7f5b39721a8,2026-04-12 20:15:02,True,[0.18358333 0.18108333 0.1835     0.18233333 0.18141667],0.18238333333333334,0.0010309111396128,[0.18433333 0.18514583 0.18404167 0.18410417 0.1846875 ],0.1844625,1205.4413244724274,148.654620218277,0.05,0.25,0.10228342094394731,0.0006617844894146101,0.18238333333333334,0.0010309111396128,0.1133137896770587,0.0007395270849421253,0.1113340485984424,1.335965352393344e-05,0.16938597224452445,0.0009195227001700229
172,172,36b367925d02,2026-04-12 20:48:29,True,[0.11233333 0.11241667 0.11241667 0.11233333 0.11233333],0.11236666666666666,4.082482904638861e-05,[0.112375   0.11235417 0.11235417 0.112375   0.112375  ],0.11236666666666668,1561.9239239215851,155.3046224117279,0.05,0.75,0.02020317017525385,6.598601957366764e-06,0.11236666666666666,4.082482904638861e-05,0.022701631580794874,1.5663638519085772e-05,0.011236666666666667,4.0824829046390306e-06,0.1,0.0
173,173,a8914377d456,2026-04-12 21:41:33,True,[0.11233333 0.11241667 0.11241667 0.11233333 0.11233333],0.11236666666666666,4.082482904638861e-05,[0.112375   0.11235417 0.11235417 0.112375   0.112375  ],0.11236666666666668,2155.0537394046783,162.02123508453369,0.05,20.0,0.02020317017525385,6.598601957366764e-06,0.11236666666666666,4.082482904638861e-05,0.022701631580794874,1.5663638519085772e-05,0.011236666666666667,4.0824829046390306e-06,0.1,0.0
174,174,74b9810a13ae,2026-04-12 21:26:56,True,[0.11233333 0.11241667 0.11241667 0.11233333 0.11233333],0.11236666666666666,4.082482904638861e-05,[0.112375   0.11235417 0.11235417 0.112375   0.112375  ],0.11236666666666668,1981.2866403579712,160.29857535362243,0.05,200.0,0.02020317017525385,6.598601957366764e-06,0.11236666666666666,4.082482904638861e-05,0.022701631580794874,1.5663638519085772e-05,0.011236666666666667,4.0824829046390306e-06,0.1,0.0
175,175,40d6e62cc8b1,2026-04-12 20:49:54,True,[0.11233333 0.11241667 0.11241667 0.11233333 0.11233333],0.11236666666666666,4.082482904638861e-05,[0.112375   0.11235417 0.11235417 0.112375   0.112375  ],0.11236666666666668,1417.960994720459,185.904323720932,0.075,1e-05,0.02020317017525385,6.598601957366764e-06,0.11236666666666666,4.082482904638861e-05,0.022701631580794874,1.5663638519085772e-05,0.011236666666666667,4.0824829046390306e-06,0.1,0.0
176,176,e4b1b5b0cbc0,2026-04-12 20:14:02,True,[0.68408333 0.69016667 0.68916667 0.689      0.68591667],0.6876666666666666,0.002288255036290998,[0.6880625  0.687625   0.68722917 0.68829167 0.689     ],0.6880416666666667,1088.115040063858,153.23446760177612,0.075,0.0001,0.658140447259656,0.001920171711863003,0.6876666666666666,0.002288255036290998,0.6636343606402327,0.001995716085674094,0.7280581123390011,0.0034999684626026437,0.6766703959036298,0.002275596558001707
177,177,f6185f075eab,2026-04-12 19:12:55,True,[0.89525    0.89508333 0.89283333 0.89525    0.89691667],0.8950666666666667,0.0013021349989749697,[0.89591667 0.8961875  0.89679167 0.89616667 0.89597917],0.8962083333333334,510.0762529850006,126.96256060600281,0.075,0.001,0.8939617637059429,0.0012747245950448698,0.8950666666666667,0.0013021349989749697,0.894705596771491,0.0012695991609868451,0.8955537582070706,0.0013046169222233098,0.8938208093619417,0.0013720888417797627
178,178,05e86de3ea2f,2026-04-12 18:35:31,True,[0.92983333 0.93366667 0.92983333 0.93075    0.92975   ],0.9307666666666666,0.0014957346764123119,[0.93341667 0.93254167 0.9331875  0.93329167 0.93333333],0.9331541666666666,278.1731831073761,92.75355787277222,0.075,0.005,0.9300566744023973,0.0015848820378731397,0.9307666666666666,0.0014957346764123119,0.9306096061869799,0.0014991973347573439,0.9303240532371564,0.0016516297672786598,0.9301335089025857,0.0015177326858420393
179,179,732c661d8f9a,2026-04-12 18:14:58,True,[0.9455     0.94866667 0.94666667 0.9465     0.94375   ],0.9462166666666667,0.001605199883711271,[0.949125   0.94858333 0.94904167 0.94916667 0.949625  ],0.9491083333333334,191.94714336395265,60.037467908859256,0.075,0.01,0.9456879280760979,0.0016766567077924988,0.9462166666666667,0.001605199883711271,0.9461318202293082,0.0016237443193407237,0.9457496522602092,0.0017027523635636333,0.9457959927918435,0.0016055356560079257
180,180,15aa0e962aa1,2026-04-12 18:21:49,True,[0.95908333 0.9595     0.95966667 0.95916667 0.95575   ],0.9586333333333332,0.0014573568159132785,[0.96402083 0.96395833 0.9639375  0.96402083 0.96495833],0.9641791666666668,239.1500789165497,65.69409074783326,0.075,0.025,0.9582649865136024,0.0014888170984961417,0.9586333333333332,0.0014573568159132785,0.9586036546602683,0.0014874481957648984,0.9581946537958664,0.001491516231667094,0.9584236329776461,0.0014589964417731948
181,181,ec76301a0645,2026-04-12 18:47:10,True,[0.95241667 0.95008333 0.94825    0.94883333 0.94625   ],0.9491666666666667,0.0020426018266471273,[0.9611875  0.960375   0.9609375  0.96041667 0.96095833],0.9607749999999999,436.07567224502566,85.852614736557,0.075,0.05,0.9490585851895077,0.002081636088939506,0.9491666666666667,0.0020426018266471273,0.9494922783347925,0.0020484884886221044,0.9503269960955398,0.0020673418714389465,0.9489465775313679,0.0020437424104085816
182,182,e919966ec80c,2026-04-12 20:10:08,True,[0.58983333 0.59333333 0.58308333 0.58266667 0.57925   ],0.5856333333333333,0.005157141757903419,[0.6265625  0.62752083 0.6280625  0.6269375  0.62885417],0.6275875,1121.7079637050629,152.56585240364075,0.075,0.1,0.6285911954794903,0.00430418374212617,0.5856333333333333,0.005157141757903419,0.6373715587862143,0.004347268521856918,0.9039955575012197,0.0005928107241848634,0.5759691889185061,0.005117557601917487
183,183,375379655b64,2026-04-12 20:49:08,True,[0.11233333 0.11241667 0.11241667 0.11233333 0.11233333],0.11236666666666666,4.082482904638861e-05,[0.112375   0.1125625  0.11302083 0.11879167 0.11325   ],0.11400000000000002,1551.5648423671723,160.39811778068542,0.075,0.5,0.02020317017525385,6.598601957366764e-06,0.11236666666666666,4.082482904638861e-05,0.022701631580794874,1.5663638519085772e-05,0.011236666666666667,4.0824829046390306e-06,0.1,0.0
184,184,a381dfa55ab9,2026-04-12 22:47:36,True,[0.11233333 0.11241667 0.11241667 0.11233333 0.11233333],0.11236666666666666,4.082482904638861e-05,[0.112375   0.11235417 0.11235417 0.112375   0.112375  ],0.11236666666666668,2469.7775730133058,258.91438455581664,0.075,1.0,0.02020317017525385,6.598601957366764e-06,0.11236666666666666,4.082482904638861e-05,0.022701631580794874,1.5663638519085772e-05,0.011236666666666667,4.0824829046390306e-06,0.1,0.0
185,185,4dcec9598bd7,2026-04-12 21:45:30,True,[0.11233333 0.11241667 0.11241667 0.11233333 0.11233333],0.11236666666666666,4.082482904638861e-05,[0.112375   0.11235417 0.11235417 0.112375   0.112375  ],0.11236666666666668,2134.4914639949798,166.29999256134033,0.075,2.0,0.02020317017525385,6.598601957366764e-06,0.11236666666666666,4.082482904638861e-05,0.022701631580794874,1.5663638519085772e-05,0.011236666666666667,4.0824829046390306e-06,0.1,0.0
186,186,04e7a969e780,2026-04-12 21:55:35,True,[0.11233333 0.11241667 0.11241667 0.11233333 0.11233333],0.11236666666666666,4.082482904638861e-05,[0.112375   0.11235417 0.11235417 0.112375   0.112375  ],0.11236666666666668,2275.992947053909,187.9437074661255,0.075,5.0,0.02020317017525385,6.598601957366764e-06,0.11236666666666666,4.082482904638861e-05,0.022701631580794874,1.5663638519085772e-05,0.011236666666666667,4.0824829046390306e-06,0.1,0.0
187,187,bfba924ae2e7,2026-04-12 23:54:09,True,[0.11233333 0.11241667 0.11241667 0.11233333 0.11233333],0.11236666666666666,4.082482904638861e-05,[0.112375   0.11235417 0.11235417 0.112375   0.112375  ],0.11236666666666668,3397.359600543976,245.41978135108948,0.075,10.0,0.02020317017525385,6.598601957366764e-06,0.11236666666666666,4.082482904638861e-05,0.022701631580794874,1.5663638519085772e-05,0.011236666666666667,4.0824829046390306e-06,0.1,0.0
188,188,294c278aa419,2026-04-13 00:15:53,True,[0.11233333 0.11241667 0.11241667 0.11233333 0.11233333],0.11236666666666666,4.082482904638861e-05,[0.112375   0.11235417 0.11235417 0.112375   0.112375  ],0.11236666666666668,3564.807130098343,256.6656374454498,0.075,50.0,0.02020317017525385,6.598601957366764e-06,0.11236666666666666,4.082482904638861e-05,0.022701631580794874,1.5663638519085772e-05,0.011236666666666667,4.0824829046390306e-06,0.1,0.0
189,189,2f26ca89100e,2026-04-12 23:39:00,True,[0.11233333 0.11241667 0.11241667 0.11233333 0.11233333],0.11236666666666666,4.082482904638861e-05,[0.112375   0.11235417 0.11235417 0.112375   0.112375  ],0.11236666666666668,3225.5412242889406,234.07344422340392,0.075,100.0,0.02020317017525385,6.598601957366764e-06,0.11236666666666666,4.082482904638861e-05,0.022701631580794874,1.5663638519085772e-05,0.011236666666666667,4.0824829046390306e-06,0.1,0.0
190,190,734ea3063d33,2026-04-12 21:01:24,True,[0.85133333 0.85266667 0.85458333 0.85283333 0.85358333],0.8530000000000001,0.001073674893893754,[0.8543125  0.85425    0.8535     0.8536875  0.85345833],0.8538416666666666,1265.9621531963348,250.85857772827148,0.075,0.0003,0.8516025359056586,0.00104925343988726,0.8530000000000001,0.001073674893893754,0.852540847019756,0.0010722757009872152,0.8577575485123736,0.0009308468269447821,0.8502676892432607,0.0011163274796863838
191,191,ee11282c34e5,2026-04-12 19:43:41,True,[0.91941667 0.92133333 0.91816667 0.91966667 0.91991667],0.9197,0.0010146154170149596,[0.92183333 0.92141667 0.92191667 0.92154167 0.92139583],0.9216208333333332,584.5126482963562,190.9656557559967,0.075,0.003,0.9188213578707873,0.001072832506982429,0.9197,0.0010146154170149596,0.9194744184547143,0.001000691145928471,0.9193290861595024,0.0011307807724188338,0.9188877999932197,0.0010735726601657075
192,192,499c29b633a9,2026-04-12 19:22:13,True,[0.941      0.94441667 0.94125    0.94125    0.93975   ],0.9415333333333333,0.0015452435981999143,[0.944125   0.943375   0.94416667 0.94416667 0.9446875 ],0.9441041666666667,466.92231492996217,167.67211456298827,0.075,0.008,0.9409455103831199,0.0016062973362855365,0.9415333333333333,0.0015452435981999143,0.9414204747325348,0.0015524858863410374,0.9410657735884843,0.0016410020065858724,0.9410367149223742,0.0015443193809641395
193,193,4e94e7e5e430,2026-04-12 18:51:20,True,[0.95316667 0.95525    0.95416667 0.95358333 0.94941667],0.9531166666666667,0.001978074259924993,[0.95670833 0.9569375  0.95654167 0.95689583 0.9578125 ],0.9569791666666667,348.78739047050476,117.36440539360046,0.075,0.015,0.9526846357373142,0.0020300333402356163,0.9531166666666667,0.001978074259924993,0.9530667798503906,0.0020073833242869525,0.9526693218719625,0.002027299078570529,0.9528044336363303,0.001984956206042552
194,194,8e539326bb2f,2026-04-12 20:25:35,True,[0.8555     0.8515     0.84591667 0.84883333 0.84375   ],0.8491,0.004136356421350147,[0.87654167 0.87689583 0.87764583 0.87510417 0.8775    ],0.8767375,1188.1363134860992,172.28699359893798,0.075,0.075,0.8656424072985562,0.003459651525408614,0.8491,0.004136356421350147,0.8671927355027433,0.0033901086530418512,0.9177152454480832,0.0016741134956221966,0.8470838418875966,0.004248694761278409
195,195,893cdc012587,2026-04-12 21:19:23,True,[0.25383333 0.25141667 0.25475    0.25241667 0.24775   ],0.25203333333333333,0.0024287628309262476,[0.26291667 0.25979167 0.26289583 0.26335417 0.26020833],0.2618333333333333,1787.9956733226777,185.2796417236328,0.075,0.15,0.1885975582577778,0.002356181756023055,0.25203333333333333,0.0024287628309262476,0.2029774993078092,0.00248267083302894,0.41133983639979343,0.00047570711301234776,0.2371151836775544,0.00226237440524273
196,196,21b2837c5a50,2026-04-12 23:28:05,True,[0.19158333 0.18891667 0.19125    0.19033333 0.1885    ],0.19011666666666666,0.0012276897907135232,[0.19195833 0.19285417 0.1919375  0.19229167 0.19252083],0.1923125,2661.43507604599,340.3611336708069,0.075,0.25,0.10703821541043068,0.0007301910976961842,0.19011666666666666,0.0012276897907135232,0.11864502986048701,0.0008175769139953892,0.11142437355816068,1.5952050813245226e-05,0.17626818854718188,0.001093571040273805
197,197,08d00c237381,2026-04-12 21:54:44,True,[0.11233333 0.11241667 0.11241667 0.11233333 0.11233333],0.11236666666666666,4.082482904638861e-05,[0.112375   0.11235417 0.11235417 0.112375   0.112375  ],0.11236666666666668,2133.188943481445,190.9685893535614,0.075,0.75,0.02020317017525385,6.598601957366764e-06,0.11236666666666666,4.082482904638861e-05,0.022701631580794874,1.5663638519085772e-05,0.011236666666666667,4.0824829046390306e-06,0.1,0.0
198,198,275309e0661f,2026-04-12 21:52:45,True,[0.11233333 0.11241667 0.11241667 0.11233333 0.11233333],0.11236666666666666,4.082482904638861e-05,[0.112375   0.11235417 0.11235417 0.112375   0.112375  ],0.11236666666666668,2292.2613242149355,168.4502914428711,0.075,20.0,0.02020317017525385,6.598601957366764e-06,0.11236666666666666,4.082482904638861e-05,0.022701631580794874,1.5663638519085772e-05,0.011236666666666667,4.0824829046390306e-06,0.1,0.0
199,199,cd75de0cca7a,2026-04-12 21:49:22,True,[0.11233333 0.11241667 0.11241667 0.11233333 0.11233333],0.11236666666666666,4.082482904638861e-05,[0.112375   0.11235417 0.11235417 0.112375   0.112375  ],0.11236666666666668,2193.163056564331,170.71873836517335,0.075,200.0,0.02020317017525385,6.598601957366764e-06,0.11236666666666666,4.082482904638861e-05,0.022701631580794874,1.5663638519085772e-05,0.011236666666666667,4.0824829046390306e-06,0.1,0.0
200,200,d48e7068c4cf,2026-04-12 20:39:27,True,[0.11233333 0.11241667 0.11241667 0.11233333 0.11233333],0.11236666666666666,4.082482904638861e-05,[0.112375   0.11235417 0.11235417 0.112375   0.112375  ],0.11236666666666668,1321.9809038639069,179.83706760406494,0.1,1e-05,0.02020317017525385,6.598601957366764e-06,0.11236666666666666,4.082482904638861e-05,0.022701631580794874,1.5663638519085772e-05,0.011236666666666667,4.0824829046390306e-06,0.1,0.0
201,201,0eb155fdd882,2026-04-12 20:48:03,True,[0.75708333 0.76508333 0.76241667 0.76725    0.76375   ],0.7631166666666667,0.003413046862978722,[0.76308333 0.76202083 0.76197917 0.76383333 0.7644375 ],0.7630708333333334,1316.0237275600434,211.73051261901855,0.1,0.0001,0.7546495485994893,0.0035794307134645077,0.7631166666666667,0.003413046862978722,0.7574466585124371,0.003603679508038964,0.7936791494155242,0.00158417798660257,0.7556999253353116,0.0035166438122198884
202,202,91fa546f3d6a,2026-04-12 19:23:35,True,[0.90116667 0.90216667 0.89941667 0.90166667 0.90366667],0.9016166666666667,0.0013820274961085185,[0.90285417 0.90285417 0.90320833 0.903      0.90204167],0.9027916666666667,529.1051626205444,156.8354135990143,0.1,0.001,0.9005620885466102,0.0013894072341208677,0.9016166666666667,0.0013820274961085185,0.9012897916946209,0.0013714204450244072,0.9017575785664006,0.0014640961599158913,0.9005004877765985,0.0014616823619303387
203,203,f84752e6f53b,2026-04-12 18:55:08,True,[0.93441667 0.9385     0.93508333 0.93508333 0.93416667],0.9354500000000001,0.001567552940803656,[0.93764583 0.93672917 0.93772917 0.93814583 0.93797917],0.9376458333333334,318.6484202861786,130.82722148895263,0.1,0.005,0.9347824905893427,0.0016237206214864475,0.9354500000000001,0.001567552940803656,0.9353093064192525,0.0015715034387691427,0.9349966607420495,0.0016687234152165623,0.9348505601578163,0.0015667631945511017
204,204,fad4de4fc595,2026-04-12 18:35:26,True,[0.94933333 0.95241667 0.95       0.95       0.94775   ],0.9499000000000001,0.001503144851451274,[0.95345833 0.95320833 0.95345833 0.953      0.9540625 ],0.9534375,244.4428388118744,101.63580679893494,0.1,0.01,0.9494129774742441,0.001569200263459189,0.9499000000000001,0.001503144851451274,0.9498235816978717,0.0015221364622159488,0.9494560736084672,0.0015827965577116857,0.949514729470511,0.0015221345572391104
205,205,e493c9774970,2026-04-12 18:37:54,True,[0.96408333 0.96308333 0.963      0.963      0.96025   ],0.9626833333333333,0.0012838743448380175,[0.968625   0.96852083 0.96885417 0.9685625  0.9691875 ],0.96875,277.53256192207334,97.4504729270935,0.1,0.025,0.9623647745240087,0.001306934989263272,0.9626833333333333,0.0012838743448380175,0.962654896436581,0.0013023337491553646,0.9623115479580792,0.0013194172521004109,0.962490221222739,0.0012796608256424413
206,206,04dbe370f3a8,2026-04-12 18:59:44,True,[0.95841667 0.957      0.95566667 0.95625    0.95558333],0.9565833333333333,0.0010474837574980477,[0.96816667 0.9679375  0.96797917 0.96829167 0.96833333],0.9681416666666667,469.3610255718231,112.47519192695617,0.1,0.05,0.9563894233877515,0.0010905261583360575,0.9565833333333333,0.0010474837574980477,0.9567332034099065,0.0010626582013383754,0.9569910447817469,0.00114484791655261,0.9564378474269594,0.001038715092866813
207,207,c4371f553e1b,2026-04-12 19:44:29,True,[0.65325    0.65375    0.648      0.64766667 0.64416667],0.6493666666666666,0.003635702591430362,[0.70060417 0.70385417 0.7014375  0.70029167 0.70208333],0.7016541666666667,885.919136762619,124.19435572624207,0.1,0.1,0.6984238058033763,0.0032357499994773178,0.6493666666666666,0.003635702591430362,0.7042503905347377,0.0032404582672814325,0.9097053443223573,0.0006080453636167846,0.6421430008064304,0.003641435742363813
208,208,01166bf9493f,2026-04-12 20:51:40,True,[0.18758333 0.18275    0.18358333 0.18033333 0.18108333],0.18306666666666666,0.0025366206741340735,[0.19739583 0.1950625  0.19325    0.19133333 0.193875  ],0.19418333333333335,1583.2063024044037,172.30905790328978,0.1,0.5,0.10268717225531321,0.0015966807015365947,0.18306666666666666,0.0025366206741340735,0.11376764153114353,0.0017910049193597122,0.1113330938139859,3.126958335520637e-05,0.16999404988418723,0.00225742516994189
209,209,3fb1a720abf8,2026-04-12 21:12:23,True,[0.11233333 0.11241667 0.11241667 0.11233333 0.11233333],0.11236666666666666,4.082482904638861e-05,[0.112375   0.11235417 0.11235417 0.112375   0.112375  ],0.11236666666666668,1696.9852771759033,192.0630503177643,0.1,1.0,0.02020317017525385,6.598601957366764e-06,0.11236666666666666,4.082482904638861e-05,0.022701631580794874,1.5663638519085772e-05,0.011236666666666667,4.0824829046390306e-06,0.1,0.0
210,210,6ffc238e0882,2026-04-12 22:24:56,True,[0.11233333 0.11241667 0.11241667 0.11233333 0.11233333],0.11236666666666666,4.082482904638861e-05,[0.112375   0.11235417 0.11235417 0.112375   0.112375  ],0.11236666666666668,2520.1389240264893,192.30954933166504,0.1,2.0,0.02020317017525385,6.598601957366764e-06,0.11236666666666666,4.082482904638861e-05,0.022701631580794874,1.5663638519085772e-05,0.011236666666666667,4.0824829046390306e-06,0.1,0.0
211,211,83d0e6db0ee6,2026-04-12 22:56:37,True,[0.11233333 0.11241667 0.11241667 0.11233333 0.11233333],0.11236666666666666,4.082482904638861e-05,[0.112375   0.11235417 0.11235417 0.112375   0.112375  ],0.11236666666666668,2882.077356386185,197.1363878250122,0.1,5.0,0.02020317017525385,6.598601957366764e-06,0.11236666666666666,4.082482904638861e-05,0.022701631580794874,1.5663638519085772e-05,0.011236666666666667,4.0824829046390306e-06,0.1,0.0
212,212,6bbc305027f1,2026-04-12 23:05:41,True,[0.11233333 0.11241667 0.11241667 0.11233333 0.11233333],0.11236666666666666,4.082482904638861e-05,[0.112375   0.11235417 0.11235417 0.112375   0.112375  ],0.11236666666666668,3046.393844985962,186.60785541534423,0.1,10.0,0.02020317017525385,6.598601957366764e-06,0.11236666666666666,4.082482904638861e-05,0.022701631580794874,1.5663638519085772e-05,0.011236666666666667,4.0824829046390306e-06,0.1,0.0
213,213,b631d7582196,2026-04-12 22:58:24,True,[0.11233333 0.11241667 0.11241667 0.11233333 0.11233333],0.11236666666666666,4.082482904638861e-05,[0.112375   0.11235417 0.11235417 0.112375   0.112375  ],0.11236666666666668,2899.825685214996,207.7072395801544,0.1,50.0,0.02020317017525385,6.598601957366764e-06,0.11236666666666666,4.082482904638861e-05,0.022701631580794874,1.5663638519085772e-05,0.011236666666666667,4.0824829046390306e-06,0.1,0.0
214,214,da376a56ecec,2026-04-12 21:34:20,True,[0.11233333 0.11241667 0.11241667 0.11233333 0.11233333],0.11236666666666666,4.082482904638861e-05,[0.112375   0.11235417 0.11235417 0.112375   0.112375  ],0.11236666666666668,2050.1231174945833,168.61848797798157,0.1,100.0,0.02020317017525385,6.598601957366764e-06,0.11236666666666666,4.082482904638861e-05,0.022701631580794874,1.5663638519085772e-05,0.011236666666666667,4.0824829046390306e-06,0.1,0.0
215,215,a0346587bd52,2026-04-12 19:22:42,True,[0.86558333 0.86633333 0.867      0.868      0.86675   ],0.8667333333333334,0.0007947746011710821,[0.86783333 0.86733333 0.8678125  0.86704167 0.86702083],0.8674083333333333,633.0795819282532,137.10593409538268,0.1,0.0003,0.8655126968151887,0.0007890886657147855,0.8667333333333334,0.0007947746011710821,0.8663286601538125,0.0008238350515155483,0.8698051035718223,0.00039434111851615884,0.8645994820444471,0.0008584622243226046
216,216,f948e4ed9fe7,2026-04-12 18:36:40,True,[0.92383333 0.927      0.92341667 0.92441667 0.92458333],0.92465,0.0012465507967543686,[0.9265     0.92629167 0.92702083 0.92620833 0.92652083],0.9265083333333333,284.32070484161375,93.68109579086304,0.1,0.003,0.9238297603984137,0.0013036612751602347,0.92465,0.0012465507967543686,0.9244569214570177,0.0012283172504831492,0.924206470002888,0.0013511146858576142,0.9239047010266568,0.001282236193440748
217,217,044fc81a05b6,2026-04-12 18:23:42,True,[0.94541667 0.94866667 0.94541667 0.94616667 0.94408333],0.9459500000000001,0.0015152924176907437,[0.9489375  0.9479375  0.94870833 0.94895833 0.949     ],0.9487083333333333,226.96458158493041,74.69965901374817,0.1,0.008,0.9454160481991811,0.0015803810125347229,0.9459500000000001,0.0015152924176907437,0.9458562888500204,0.00152358216244732,0.9455013936340789,0.0016058253918969463,0.945514120618521,0.001528217604075591
218,218,d957cfe36869,2026-04-12 18:20:54,True,[0.95733333 0.95775    0.95816667 0.95733333 0.95408333],0.9569333333333333,0.0014581190318733253,[0.96160417 0.96185417 0.96097917 0.96102083 0.96197917],0.9614875000000002,213.78671588897706,65.88313159942626,0.1,0.015,0.9565343694713458,0.0014945322422383494,0.9569333333333333,0.0014581190318733253,0.9568837741237667,0.0014873452829460632,0.9565349323091787,0.00148366023250159,0.9566323149885255,0.0014561452561739094
219,219,e574fa615afc,2026-04-12 19:14:55,True,[0.88475    0.88016667 0.87525    0.87983333 0.87441667],0.8788833333333332,0.003744848313201631,[0.9096875  0.91035417 0.91016667 0.90922917 0.9099375 ],0.9098749999999999,689.9460076332092,110.61969628334046,0.1,0.075,0.8896372196097598,0.0031815034634420066,0.8788833333333332,0.003744848313201631,0.890824552537298,0.0031194446259899845,0.9247054943248723,0.0017104334544501471,0.877420108515959,0.0038342735320588874
220,220,eb387a873604,2026-04-12 20:05:14,True,[0.27158333 0.27175    0.272      0.27191667 0.27      ],0.27145,0.0007389933092465043,[0.28860417 0.28647917 0.28720833 0.28825    0.28947917],0.2880041666666667,1120.6213305950164,147.25997438430787,0.1,0.15,0.21867075958701263,0.0012433754955969924,0.27145,0.0007389933092465043,0.23295171059726152,0.0012255514740642593,0.551496176263907,0.04880536861240859,0.25646452521826724,0.0007127815061137141
221,221,86e3d5d74ecb,2026-04-12 23:48:06,True,[0.19525    0.19283333 0.19525    0.19416667 0.19366667],0.19423333333333334,0.0009330356668185665,[0.1964375  0.19685417 0.1965     0.19641667 0.19677083],0.19659583333333336,2796.052798652649,337.71033358573914,0.1,0.25,0.10943404979332708,0.0005359331623291361,0.19423333333333334,0.0009330356668185665,0.12133063186043565,0.0005941634910508147,0.11145645749679671,4.9946293896317804e-05,0.17993069623469277,0.0008372758614203809
222,222,b8229f6d9a6d,2026-04-13 00:29:44,True,[0.11233333 0.11241667 0.11241667 0.11233333 0.11233333],0.11236666666666666,4.082482904638861e-05,[0.112375   0.11235417 0.11235417 0.112375   0.112375  ],0.11236666666666668,3279.322579574585,341.4598490715027,0.1,0.75,0.02020317017525385,6.598601957366764e-06,0.11236666666666666,4.082482904638861e-05,0.022701631580794874,1.5663638519085772e-05,0.011236666666666667,4.0824829046390306e-06,0.1,0.0
223,223,c675eb31c6e8,2026-04-13 01:35:58,True,[0.11233333 0.11241667 0.11241667 0.11233333 0.11233333],0.11236666666666666,4.082482904638861e-05,[0.112375   0.11235417 0.11235417 0.112375   0.112375  ],0.11236666666666668,4230.5598402023315,322.4814145565033,0.1,20.0,0.02020317017525385,6.598601957366764e-06,0.11236666666666666,4.082482904638861e-05,0.022701631580794874,1.5663638519085772e-05,0.011236666666666667,4.0824829046390306e-06,0.1,0.0
224,224,b37f016dfe13,2026-04-13 01:38:17,True,[0.11233333 0.11241667 0.11241667 0.11233333 0.11233333],0.11236666666666666,4.082482904638861e-05,[0.112375   0.11235417 0.11235417 0.112375   0.112375  ],0.11236666666666668,4261.864767360687,323.1449748039246,0.1,200.0,0.02020317017525385,6.598601957366764e-06,0.11236666666666666,4.082482904638861e-05,0.022701631580794874,1.5663638519085772e-05,0.011236666666666667,4.0824829046390306e-06,0.1,0.0
225,225,929fb52964eb,2026-04-12 23:13:26,True,[0.11233333 0.11241667 0.11241667 0.11233333 0.11233333],0.11236666666666666,4.082482904638861e-05,[0.112375   0.11235417 0.11235417 0.112375   0.112375  ],0.11236666666666668,2455.310322380066,329.80119981765745,0.15,1e-05,0.02020317017525385,6.598601957366764e-06,0.11236666666666666,4.082482904638861e-05,0.022701631580794874,1.5663638519085772e-05,0.011236666666666667,4.0824829046390306e-06,0.1,0.0
226,226,49b72c8f8b61,2026-04-12 20:34:30,True,[0.82625    0.825      0.82675    0.826      0.82616667],0.8260333333333334,0.0005739725119241035,[0.82760417 0.82716667 0.82697917 0.82614583 0.8265625 ],0.8268916666666668,1139.0972987651826,203.59241118431092,0.15,0.0001,0.824039275507919,0.0007405526031642042,0.8260333333333334,0.0005739725119241035,0.8253389401656971,0.0006490251071464222,0.8358049805545619,0.00148376601754252,0.8219500722440486,0.0006823638148282134
227,227,fe16108f5a81,2026-04-12 19:25:40,True,[0.90916667 0.91016667 0.90733333 0.90883333 0.91166667],0.9094333333333333,0.0014399074044303315,[0.91054167 0.9105625  0.911125   0.91070833 0.91      ],0.9105874999999999,516.9525856018066,158.57355041503905,0.15,0.001,0.9083998272547603,0.0014226862960112262,0.9094333333333333,0.0014399074044303315,0.9091299455261508,0.0014165655845975982,0.9092172286779329,0.0015535503325855946,0.9084204643458834,0.0014732444298008465
228,228,a5615f42e2cf,2026-04-12 18:53:22,True,[0.94083333 0.94383333 0.94083333 0.941      0.94025   ],0.9413499999999999,0.0012675435561220938,[0.9438125  0.94289583 0.9443125  0.94427083 0.94408333],0.943875,315.05940799713136,124.61750736236573,0.15,0.005,0.9407418894616146,0.0013004810664470035,0.9413499999999999,0.0012675435561220938,0.9412302626110538,0.0012594228404510582,0.9408950434820709,0.0013415401678552304,0.9408154478293783,0.0012574823602374296
229,229,b1d27e40d93a,2026-04-12 18:08:45,True,[0.95533333 0.95675    0.95641667 0.95541667 0.953     ],0.9553833333333334,0.0013129694927487589,[0.95964583 0.95947917 0.95922917 0.95977083 0.96039583],0.9597041666666666,148.06191453933715,52.18613715171814,0.15,0.01,0.9549549964456903,0.0013470753791868335,0.9553833333333334,0.0013129694927487589,0.9553222527236087,0.0013353000851513243,0.9549848840376367,0.0013435020761490477,0.9550347714978964,0.001309394259458267
230,230,7ae6914a9e27,2026-04-12 18:18:26,True,[0.96875    0.96808333 0.96741667 0.96716667 0.96575   ],0.9674333333333334,0.001006092551519103,[0.97472917 0.97502083 0.974875   0.97497917 0.97504167],0.9749291666666666,217.92351770401,62.20752396583557,0.15,0.025,0.96720120702551,0.0010324586141025095,0.9674333333333334,0.001006092551519103,0.967409678682594,0.0010171117690579217,0.9671823146199492,0.001032373913539103,0.9672767838168707,0.0010196710612982915
231,231,2dc16f48f91b,2026-04-12 18:41:05,True,[0.96591667 0.96483333 0.96341667 0.963      0.96266667],0.9639666666666666,0.0012231562087939112,[0.97733333 0.97679167 0.976875   0.977125   0.97710417],0.9770458333333334,359.23286147117614,95.08923254013061,0.15,0.05,0.963762376760252,0.0012544159648257985,0.9639666666666666,0.0012231562087939112,0.9640417025035278,0.0012321196765707689,0.9640317738042073,0.0012901598663154613,0.9638487020067869,0.0012217721234892888
232,232,5fdd4a25b4ad,2026-04-12 19:55:41,True,[0.74066667 0.73566667 0.733      0.73366667 0.72925   ],0.73445,0.0037385380386812765,[0.80647917 0.80877083 0.80633333 0.80633333 0.806625  ],0.8069083333333333,967.8780531406403,150.96855096817018,0.15,0.1,0.7755411615468997,0.003387303108252741,0.73445,0.0037385380386812765,0.7790043968273047,0.003341550995827794,0.9142842865621793,0.0011839911654505995,0.7297394466397404,0.003800800217105663
233,233,6b416c57ef7a,2026-04-12 21:11:52,True,[0.15791667 0.15433333 0.15191667 0.14983333 0.15241667],0.15328333333333335,0.002723661750903244,[0.16266667 0.16135417 0.16072917 0.16052083 0.161375  ],0.16132916666666666,1818.498847579956,162.6451406955719,0.15,0.5,0.08036111593097421,0.0023860863669767345,0.15328333333333335,0.002723661750903244,0.08872620236121595,0.002675518742185053,0.11097822152020123,3.148784151020944e-05,0.1434886265900887,0.0024252817145840036
234,234,c7f08e1711a3,2026-04-12 21:55:49,True,[0.11233333 0.11241667 0.11241667 0.11233333 0.11233333],0.11236666666666666,4.082482904638861e-05,[0.112375   0.11235417 0.11235417 0.112375   0.112375  ],0.11236666666666668,2240.3088471889496,178.2941798210144,0.15,1.0,0.02020317017525385,6.598601957366764e-06,0.11236666666666666,4.082482904638861e-05,0.022701631580794874,1.5663638519085772e-05,0.011236666666666667,4.0824829046390306e-06,0.1,0.0
235,235,a51880ee6255,2026-04-12 23:13:43,True,[0.11233333 0.11241667 0.11241667 0.11233333 0.11233333],0.11236666666666666,4.082482904638861e-05,[0.112375   0.11235417 0.11235417 0.112375   0.112375  ],0.11236666666666668,2805.897852754593,256.31279973983766,0.15,2.0,0.02020317017525385,6.598601957366764e-06,0.11236666666666666,4.082482904638861e-05,0.022701631580794874,1.5663638519085772e-05,0.011236666666666667,4.0824829046390306e-06,0.1,0.0
236,236,0cf5db2facb8,2026-04-13 00:00:40,True,[0.11233333 0.11241667 0.11241667 0.11233333 0.11233333],0.11236666666666666,4.082482904638861e-05,[0.112375   0.11235417 0.11235417 0.112375   0.112375  ],0.11236666666666668,3256.3480687618257,283.15167446136473,0.15,5.0,0.02020317017525385,6.598601957366764e-06,0.11236666666666666,4.082482904638861e-05,0.022701631580794874,1.5663638519085772e-05,0.011236666666666667,4.0824829046390306e-06,0.1,0.0
237,237,8fb19bf9892b,2026-04-13 00:33:14,True,[0.11233333 0.11241667 0.11241667 0.11233333 0.11233333],0.11236666666666666,4.082482904638861e-05,[0.112375   0.11235417 0.11235417 0.112375   0.112375  ],0.11236666666666668,3660.171343040466,265.996480178833,0.15,10.0,0.02020317017525385,6.598601957366764e-06,0.11236666666666666,4.082482904638861e-05,0.022701631580794874,1.5663638519085772e-05,0.011236666666666667,4.0824829046390306e-06,0.1,0.0
238,238,e83ab94c52a2,2026-04-13 00:40:43,True,[0.11233333 0.11241667 0.11241667 0.11233333 0.11233333],0.11236666666666666,4.082482904638861e-05,[0.112375   0.11235417 0.11235417 0.112375   0.112375  ],0.11236666666666668,3719.579182577133,276.44867124557493,0.15,50.0,0.02020317017525385,6.598601957366764e-06,0.11236666666666666,4.082482904638861e-05,0.022701631580794874,1.5663638519085772e-05,0.011236666666666667,4.0824829046390306e-06,0.1,0.0
239,239,a53fd80e012f,2026-04-12 23:33:31,True,[0.11233333 0.11241667 0.11241667 0.11233333 0.11233333],0.11236666666666666,4.082482904638861e-05,[0.112375   0.11235417 0.11235417 0.112375   0.112375  ],0.11236666666666668,3278.890940952301,212.5088327407837,0.15,100.0,0.02020317017525385,6.598601957366764e-06,0.11236666666666666,4.082482904638861e-05,0.022701631580794874,1.5663638519085772e-05,0.011236666666666667,4.0824829046390306e-06,0.1,0.0
240,240,57d8a484d0ab,2026-04-12 19:46:28,True,[0.88       0.88125    0.88025    0.88208333 0.88258333],0.8812333333333333,0.0010033277962195112,[0.882375   0.88210417 0.88254167 0.88183333 0.88125   ],0.8820208333333334,741.3259691238403,166.3855149269104,0.15,0.0003,0.8800931143084544,0.0009166093667566916,0.8812333333333333,0.0010033277962195112,0.8808584193366068,0.0009795836998747484,0.8828062536376452,0.0006646604326202437,0.8796455656731018,0.001065075941745103
241,241,4c1c31c538b8,2026-04-12 18:30:04,True,[0.9295     0.93241667 0.92891667 0.93033333 0.92916667],0.9300666666666668,0.0012686388155990127,[0.9325     0.93210417 0.93245833 0.9328125  0.93302083],0.9325791666666665,242.36842966079712,84.75628604888917,0.15,0.003,0.9293056361320812,0.001337740647050763,0.9300666666666668,0.0012686388155990127,0.9298948197033396,0.001266682062155025,0.92959900704472,0.001394180009721007,0.9293665124729307,0.0012905673821966268
242,242,1f94885dd07e,2026-04-12 18:21:46,True,[0.94991667 0.953      0.95008333 0.95066667 0.94891667],0.9505166666666666,0.0013636144779388504,[0.9546875  0.95433333 0.95422917 0.95454167 0.9550625 ],0.9545708333333334,196.3482138633728,71.98593502044677,0.15,0.008,0.9500224277115124,0.001430037557473973,0.9505166666666666,0.0013636144779388504,0.9504389089293307,0.001378174412607863,0.9500741094689686,0.0014469621045847545,0.9501145863169249,0.0013887772081763096
243,243,d4e4d765dfdf,2026-04-12 18:15:10,True,[0.9625     0.963      0.96283333 0.96225    0.96016667],0.96215,0.0010252370999486627,[0.9675625  0.96779167 0.96783333 0.96741667 0.96810417],0.9677416666666667,169.37106075286866,59.579679822921754,0.15,0.015,0.9618253016027107,0.0010523001672077014,0.96215,0.0010252370999486627,0.962114807137084,0.001044484370359611,0.9618186319067596,0.0010506396842348096,0.9618980874785491,0.0010281617510845332
244,244,904a21b4d345,2026-04-12 19:40:28,True,[0.91583333 0.91241667 0.90716667 0.91083333 0.909     ],0.91105,0.0029691001255524557,[0.9468125  0.94691667 0.946      0.94579167 0.94647917],0.9463999999999999,756.8867493629456,152.00768461227418,0.15,0.075,0.9164389826371568,0.002694425475167334,0.91105,0.0029691001255524557,0.9172679296540149,0.0026512373152742554,0.9355060632438088,0.0020090314501489005,0.910126439903968,0.003030517219282442
245,245,1a8a3824a447,2026-04-12 20:41:10,True,[0.31391667 0.31625    0.32008333 0.31641667 0.31225   ],0.31578333333333336,0.0026486894033758476,[0.3521875  0.35239583 0.35210417 0.35208333 0.353875  ],0.35252916666666667,1297.38828830719,190.55256009101868,0.15,0.15,0.2866382713892967,0.003504188636394812,0.31578333333333336,0.0026486894033758476,0.30024865539526685,0.003502803164441786,0.7921061249270757,0.0400233329895336,0.3010697962189971,0.002636285637300359
246,246,4d92b4cb1c29,2026-04-12 21:03:09,True,[0.19941667 0.19833333 0.19891667 0.19883333 0.19816667],0.19873333333333335,0.0004453463071962454,[0.20147917 0.2018125  0.2015625  0.20158333 0.20189583],0.20166666666666666,1597.8183526992798,192.56774425506592,0.15,0.25,0.11195026653583955,0.0002462864769300311,0.19873333333333335,0.0004453463071962454,0.12415049968232303,0.0002680239193848147,0.1115164996564297,4.158042525953186e-05,0.1839354211325729,0.00040466721671316065
247,247,af1afec41958,2026-04-12 22:29:42,True,[0.11233333 0.11241667 0.11241667 0.11233333 0.11233333],0.11236666666666666,4.082482904638861e-05,[0.112375   0.11235417 0.11235417 0.112375   0.112375  ],0.11236666666666668,2504.075983428955,210.2948839187622,0.15,0.75,0.02020317017525385,6.598601957366764e-06,0.11236666666666666,4.082482904638861e-05,0.022701631580794874,1.5663638519085772e-05,0.011236666666666667,4.0824829046390306e-06,0.1,0.0
248,248,87765cfa2b34,2026-04-12 23:33:28,True,[0.11233333 0.11241667 0.11241667 0.11233333 0.11233333],0.11236666666666666,4.082482904638861e-05,[0.112375   0.11235417 0.11235417 0.112375   0.112375  ],0.11236666666666668,3278.043325138092,210.46565370559694,0.15,20.0,0.02020317017525385,6.598601957366764e-06,0.11236666666666666,4.082482904638861e-05,0.022701631580794874,1.5663638519085772e-05,0.011236666666666667,4.0824829046390306e-06,0.1,0.0
249,249,f5ec219821eb,2026-04-12 22:54:41,True,[0.11233333 0.11241667 0.11241667 0.11233333 0.11233333],0.11236666666666666,4.082482904638861e-05,[0.112375   0.11235417 0.11235417 0.112375   0.112375  ],0.11236666666666668,3040.3452785015106,162.6168577671051,0.15,200.0,0.02020317017525385,6.598601957366764e-06,0.11236666666666666,4.082482904638861e-05,0.022701631580794874,1.5663638519085772e-05,0.011236666666666667,4.0824829046390306e-06,0.1,0.0
250,250,f1a7c4e0f589,2026-04-12 21:17:56,True,[0.13233333 0.13391667 0.133      0.13525    0.1345    ],0.1338,0.0010389631583672498,[0.1334375  0.13360417 0.13416667 0.13360417 0.13383333],0.13372916666666665,1760.443717765808,190.14867486953736,0.2,1e-05,0.056667227957507095,0.0015207283295643086,0.1338,0.0010389631583672498,0.058835444923556156,0.0015162177787366477,0.15157272419942133,0.010715951876511393,0.12167039439476857,0.0010566479683770092
251,251,d157f7a499a9,2026-04-12 19:59:13,True,[0.8465     0.84666667 0.84783333 0.84591667 0.847     ],0.8467833333333333,0.000631576510716545,[0.8481875  0.84735417 0.847625   0.84725    0.8468125 ],0.8474458333333332,911.8719348907471,156.88327851295472,0.2,0.0001,0.845276910904263,0.0006354657549181854,0.8467833333333333,0.000631576510716545,0.8462867753280727,0.0006173415953038886,0.8524179117521286,0.0010510015383967107,0.8437681524596222,0.0006548028637956112
252,252,c30e861b1524,2026-04-12 18:56:12,True,[0.91383333 0.9145     0.91308333 0.914      0.91491667],0.9140666666666668,0.0006222718234198126,[0.9155625  0.9153125  0.91591667 0.9151875  0.91527083],0.9154500000000001,395.3447395801544,118.06573204994201,0.2,0.001,0.9130966900198958,0.0006348054952067889,0.9140666666666668,0.0006222718234198126,0.9138008031974746,0.0006062181403085785,0.9137247595502254,0.0007109857854856685,0.9131422491171977,0.0006650892157562284
253,253,552cea307b2b,2026-04-12 18:13:32,True,[0.94425    0.94725    0.94366667 0.94541667 0.94375   ],0.9448666666666666,0.0013453624047073882,[0.94785417 0.94720833 0.94852083 0.94841667 0.94829167],0.9480583333333333,163.31339449882506,61.76598405838013,0.2,0.005,0.9442963043180936,0.0014218154802191805,0.9448666666666666,0.0013453624047073882,0.9447590425110747,0.0013485478314590937,0.944436891892028,0.00147277663228715,0.9443653707734793,0.0013790858775491828
254,254,dc2b3fdd78e7,2026-04-12 18:06:24,True,[0.95866667 0.95958333 0.95958333 0.9585     0.95741667],0.95875,0.0008045012257431388,[0.9639375  0.9645     0.96372917 0.96347917 0.96445833],0.9640208333333333,130.32162051200868,50.36558017730713,0.2,0.01,0.9583779657645041,0.0008217547388938734,0.95875,0.0008045012257431388,0.9586973707716602,0.0008220279478609629,0.9583961706144064,0.0008082727424543091,0.9584553548247591,0.000795415739596388
255,255,33005c8f476c,2026-04-12 18:24:02,True,[0.97183333 0.9715     0.97066667 0.96975    0.96941667],0.9706333333333333,0.0009436925111261318,[0.9788125  0.97835417 0.97885417 0.9785     0.9791875 ],0.9787416666666667,246.9696485042572,73.05577893257141,0.2,0.025,0.970421603623819,0.0009450512626580918,0.9706333333333333,0.0009436925111261318,0.9706132548200793,0.0009489859256272238,0.970412639155726,0.0009410755968775326,0.9704763951971177,0.0009367787182830568
256,256,266162c5b768,2026-04-12 18:47:21,True,[0.96941667 0.96825    0.967      0.9675     0.96666667],0.9677666666666667,0.0009823441352194446,[0.98285417 0.98270833 0.98235417 0.9825625  0.98245833],0.9825875,423.85073194503786,88.01411352157592,0.2,0.05,0.967566945864388,0.0010277650811016945,0.9677666666666667,0.0009823441352194446,0.9678052824112905,0.0009989823373145062,0.967702031578993,0.0010509805070372815,0.9676662907643738,0.0010189936065311432
257,257,f11ce18a5128,2026-04-12 21:22:17,True,[0.793      0.78958333 0.78675    0.78675    0.78141667],0.7875,0.003813717929323638,[0.8709375  0.8718125  0.8710625  0.8701875  0.87135417],0.8710708333333332,1472.5030844211578,252.7401542186737,0.2,0.1,0.8192351027556027,0.0033707949535110374,0.7875,0.003813717929323638,0.8217697525718595,0.003336899106310219,0.9188304830751933,0.0014451025775286594,0.7839720463266431,0.003875488045145937
258,258,f2eb2e5ebed7,2026-04-12 23:52:38,True,[0.16366667 0.1615     0.15983333 0.15791667 0.16016667],0.16061666666666669,0.0019072959334559894,[0.1709375  0.17091667 0.17054167 0.17079167 0.17091667],0.17082083333333334,3052.3498569488524,300.30759329795836,0.2,0.5,0.08658561370249679,0.0015406720688780798,0.16061666666666669,0.0019072959334559894,0.09570951715135503,0.0017286244328039804,0.1110634767236142,2.2369456224370523e-05,0.1500148257968866,0.001697501583027773
259,259,8c6f2745f155,2026-04-13 00:05:10,True,[0.11233333 0.11241667 0.11241667 0.11233333 0.11233333],0.11236666666666666,4.082482904638861e-05,[0.112375   0.11235417 0.11235417 0.112375   0.112375  ],0.11236666666666668,3202.928191947937,321.14922456741334,0.2,1.0,0.02020317017525385,6.598601957366764e-06,0.11236666666666666,4.082482904638861e-05,0.022701631580794874,1.5663638519085772e-05,0.011236666666666667,4.0824829046390306e-06,0.1,0.0
260,260,838d25e0ecaf,2026-04-13 00:26:31,True,[0.11233333 0.11241667 0.11241667 0.11233333 0.11233333],0.11236666666666666,4.082482904638861e-05,[0.112375   0.11235417 0.11235417 0.112375   0.112375  ],0.11236666666666668,3552.402760028839,275.28065104484557,0.2,2.0,0.02020317017525385,6.598601957366764e-06,0.11236666666666666,4.082482904638861e-05,0.022701631580794874,1.5663638519085772e-05,0.011236666666666667,4.0824829046390306e-06,0.1,0.0
261,261,24b1209d4f2a,2026-04-12 23:51:27,True,[0.11233333 0.11241667 0.11241667 0.11233333 0.11233333],0.11236666666666666,4.082482904638861e-05,[0.112375   0.11235417 0.11235417 0.112375   0.112375  ],0.11236666666666668,3378.5201555252074,225.0469207763672,0.2,5.0,0.02020317017525385,6.598601957366764e-06,0.11236666666666666,4.082482904638861e-05,0.022701631580794874,1.5663638519085772e-05,0.011236666666666667,4.0824829046390306e-06,0.1,0.0
262,262,6512baa659af,2026-04-13 00:23:00,True,[0.11233333 0.11241667 0.11241667 0.11233333 0.11233333],0.11236666666666666,4.082482904638861e-05,[0.112375   0.11235417 0.11235417 0.112375   0.112375  ],0.11236666666666668,3732.5473515987396,232.3210874557495,0.2,10.0,0.02020317017525385,6.598601957366764e-06,0.11236666666666666,4.082482904638861e-05,0.022701631580794874,1.5663638519085772e-05,0.011236666666666667,4.0824829046390306e-06,0.1,0.0
263,263,e9ddc4496046,2026-04-13 00:36:58,True,[0.11233333 0.11241667 0.11241667 0.11233333 0.11233333],0.11236666666666666,4.082482904638861e-05,[0.112375   0.11235417 0.11235417 0.112375   0.112375  ],0.11236666666666668,3868.883046245575,245.0589412689209,0.2,50.0,0.02020317017525385,6.598601957366764e-06,0.11236666666666666,4.082482904638861e-05,0.022701631580794874,1.5663638519085772e-05,0.011236666666666667,4.0824829046390306e-06,0.1,0.0
264,264,b1f95bf4fd9c,2026-04-13 00:40:12,True,[0.11233333 0.11241667 0.11241667 0.11233333 0.11233333],0.11236666666666666,4.082482904638861e-05,[0.112375   0.11235417 0.11235417 0.112375   0.112375  ],0.11236666666666668,3884.8259099006655,260.4535813808441,0.2,100.0,0.02020317017525385,6.598601957366764e-06,0.11236666666666666,4.082482904638861e-05,0.022701631580794874,1.5663638519085772e-05,0.011236666666666667,4.0824829046390306e-06,0.1,0.0
265,265,8d203e0c7138,2026-04-12 20:07:59,True,[0.89016667 0.88808333 0.88733333 0.88883333 0.89175   ],0.8892333333333333,0.00156826159949305,[0.88970833 0.89014583 0.890375   0.89039583 0.8894375 ],0.8900124999999999,790.8538080692291,216.75062856674194,0.2,0.0003,0.8881125841698259,0.0015202816354271274,0.8892333333333333,0.00156826159949305,0.8888689580441426,0.0015216722814612288,0.8901510679581819,0.0015927012087608894,0.887855039004353,0.0016286669450422872
266,266,176becd146e9,2026-04-12 19:01:08,True,[0.93366667 0.93716667 0.93366667 0.93516667 0.93275   ],0.9344833333333333,0.0015495519065559554,[0.936875   0.9363125  0.93652083 0.937      0.936875  ],0.9367166666666666,348.0821879386902,140.35041966438294,0.2,0.003,0.9337735478798089,0.0016212553303101,0.9344833333333333,0.0015495519065559554,0.934336840088035,0.0015571061594179677,0.9339890351769622,0.0016631689336285187,0.933832069449862,0.0015756484944903283
267,267,582f23497c4d,2026-04-12 18:45:52,True,[0.95475    0.95608333 0.95566667 0.95433333 0.95225   ],0.9546166666666667,0.0013381164207779093,[0.95904167 0.9588125  0.95891667 0.95922917 0.9594375 ],0.9590875000000001,280.1558376312256,118.60646443367004,0.2,0.008,0.9541732478050691,0.0013763492932327202,0.9546166666666667,0.0013381164207779093,0.9545497215789347,0.0013565009349924685,0.9542099026251669,0.0013780647996918518,0.954260258939342,0.0013358198091088644
268,268,3a8c3a3538d8,2026-04-12 18:41:46,True,[0.96575    0.96633333 0.96508333 0.96525    0.9635    ],0.9651833333333334,0.0009478044805408659,[0.9718125  0.97179167 0.9718125  0.97191667 0.97214583],0.9718958333333333,264.1850909233093,109.1322292804718,0.2,0.015,0.9649085976912047,0.0009746526250562426,0.9651833333333334,0.0009478044805408659,0.9651519063671126,0.0009615652459377719,0.9649236053302552,0.0009798302524090293,0.9649557590400196,0.0009578012232304954
269,269,74050ed3c87f,2026-04-12 19:48:01,True,[0.93275    0.92991667 0.9255     0.92925    0.92725   ],0.9289333333333334,0.0024599006303326655,[0.968125   0.96797917 0.967      0.968125   0.96791667],0.9678291666666666,889.6371241569519,143.4308292388916,0.2,0.075,0.9319077940552093,0.0023718181057065177,0.9289333333333334,0.0024599006303326655,0.9325731155454436,0.002298778035273315,0.9435791961552557,0.0019380027120019232,0.9282318542239778,0.0025501419183861446
270,270,a94b413fbe13,2026-04-12 21:36:16,True,[0.36633333 0.36908333 0.37258333 0.37158333 0.36375   ],0.36866666666666664,0.0032753286518726176,[0.45125    0.454125   0.45352083 0.45370833 0.45325   ],0.45317083333333336,1759.509245634079,226.7262948036194,0.2,0.15,0.361648223450701,0.004176164279639999,0.36866666666666664,0.0032753286518726176,0.3743618982088694,0.00411127142476526,0.8136307623242807,0.0008599308750821884,0.35439118815033804,0.0033096223122080167
271,271,46e7750efcfb,2026-04-12 21:41:53,True,[0.20233333 0.20033333 0.20175    0.20108333 0.20016667],0.20113333333333333,0.0008242842012585534,[0.20429167 0.20460417 0.20435417 0.20472917 0.20489583],0.204575,1999.0478849887847,201.96620230674745,0.2,0.25,0.11324907523529452,0.0004423894887863962,0.20113333333333333,0.0008242842012585534,0.1256057936119785,0.000491774228690732,0.11154924943602511,4.527517312600981e-05,0.1860712817436861,0.0007382755096797317
272,272,c00e21b50626,2026-04-12 22:06:06,True,[0.11233333 0.11241667 0.11241667 0.11233333 0.11233333],0.11236666666666666,4.082482904638861e-05,[0.112375   0.11235417 0.11235417 0.112375   0.112375  ],0.11236666666666668,2302.2855990886687,192.06439237594606,0.2,0.75,0.02020317017525385,6.598601957366764e-06,0.11236666666666666,4.082482904638861e-05,0.022701631580794874,1.5663638519085772e-05,0.011236666666666667,4.0824829046390306e-06,0.1,0.0
273,273,5d87abb219af,2026-04-12 23:08:38,True,[0.11233333 0.11241667 0.11241667 0.11233333 0.11233333],0.11236666666666666,4.082482904638861e-05,[0.112375   0.11235417 0.11235417 0.112375   0.112375  ],0.11236666666666668,3069.5012867927553,201.9878212928772,0.2,20.0,0.02020317017525385,6.598601957366764e-06,0.11236666666666666,4.082482904638861e-05,0.022701631580794874,1.5663638519085772e-05,0.011236666666666667,4.0824829046390306e-06,0.1,0.0
274,274,fafdfb55c88d,2026-04-12 23:07:46,True,[0.11233333 0.11241667 0.11241667 0.11233333 0.11233333],0.11236666666666666,4.082482904638861e-05,[0.112375   0.11235417 0.11235417 0.112375   0.112375  ],0.11236666666666668,3060.4765104293824,184.8469645500183,0.2,200.0,0.02020317017525385,6.598601957366764e-06,0.11236666666666666,4.082482904638861e-05,0.022701631580794874,1.5663638519085772e-05,0.011236666666666667,4.0824829046390306e-06,0.1,0.0
275,275,91e2ddd52818,2026-04-12 21:19:27,True,[0.29816667 0.29925    0.29641667 0.29925    0.297     ],0.2980166666666667,0.001153978624874262,[0.29810417 0.29733333 0.2978125  0.29872917 0.3000625 ],0.29840833333333333,1672.5095699310302,202.85939259529113,0.3,1e-05,0.2387521406671072,0.0018132353649039314,0.2980166666666667,0.001153978624874262,0.24356234513158226,0.0018655034364698426,0.38001356970419753,0.003812007226205024,0.28401855601721576,0.001158215382946878
276,276,505896ed9719,2026-04-12 20:08:17,True,[0.86533333 0.86666667 0.86675    0.86825    0.86691667],0.8667833333333332,0.0009258629608220794,[0.868      0.86729167 0.867875   0.86704167 0.86716667],0.867475,898.5158573150635,194.04444441795349,0.3,0.0001,0.8655619171486257,0.0009033559336651855,0.8667833333333332,0.0009258629608220794,0.8663739207478123,0.0009471816368696577,0.8698790038724884,0.000440987538400729,0.8646568822042399,0.0009814773500917786
277,277,403f2687fbf6,2026-04-12 19:10:20,True,[0.91933333 0.92183333 0.91866667 0.92       0.92033333],0.9200333333333333,0.001066666666666658,[0.92202083 0.92141667 0.9219375  0.92160417 0.92164583],0.921725,394.7714708328247,153.2595621585846,0.3,0.001,0.9191104366946649,0.0011149881748255567,0.9200333333333333,0.001066666666666658,0.9198100161635152,0.0010588601740974884,0.9195580858549587,0.0011553369819964536,0.9191770072934536,0.0011001510752168683
278,278,9cf021b09823,2026-04-12 18:39:44,True,[0.94925    0.95125    0.94841667 0.95016667 0.94833333],0.9494833333333335,0.0011047875612784444,[0.9539375  0.953375   0.9534375  0.95385417 0.95414583],0.95375,249.07307415008546,109.54735193252563,0.3,0.005,0.9489576768368726,0.0011970290824954246,0.9494833333333335,0.0011047875612784444,0.9493970604269156,0.0011136884604516903,0.9490643627388874,0.0012283787266666416,0.9490195432650635,0.00116828973002716
279,279,22c066c24c84,2026-04-12 18:33:28,True,[0.96366667 0.96433333 0.96383333 0.96391667 0.96208333],0.9635666666666667,0.0007735200923915082,[0.9696875  0.96970833 0.970125   0.96977083 0.970125  ],0.9698833333333333,218.56263813972473,100.31837420463562,0.3,0.01,0.9632468266254912,0.000800520355327392,0.9635666666666667,0.0007735200923915082,0.9635238779693015,0.0007884291383765111,0.9632840523187586,0.0008060383587581816,0.963277432032187,0.0007799434693257621
280,280,f6888d5dbdec,2026-04-12 18:10:50,True,[0.97583333 0.9765     0.97483333 0.97325    0.97291667],0.9746666666666666,0.0014013882006385498,[0.98454167 0.98372917 0.98435417 0.9841875  0.98389583],0.9841416666666667,160.7631953716278,55.47525501251221,0.3,0.025,0.9744917770694114,0.0014195433804855013,0.9746666666666666,0.0014013882006385498,0.974650676621744,0.0014080695227257618,0.9744760990396795,0.0014218877856337184,0.9745490391058802,0.001402432142791407
281,281,3b93b031568e,2026-04-12 18:29:33,True,[0.974      0.97466667 0.97308333 0.973      0.97183333],0.9733166666666666,0.0009637888196534033,[0.98933333 0.98872917 0.98910417 0.9891875  0.9889375 ],0.9890583333333332,316.2190968990326,68.95409331321716,0.3,0.05,0.9731341778371938,0.0009976018497726868,0.9733166666666666,0.0009637888196534033,0.9733312842132916,0.0009764465359161442,0.9731714058051992,0.001000949520609895,0.9732281074723304,0.000990682858612443
282,282,fd7c53ff6d63,2026-04-12 19:44:19,True,[0.85266667 0.84975    0.84475    0.847      0.83916667],0.8466666666666667,0.004594380625648416,[0.95020833 0.95083333 0.94877083 0.9494375  0.94929167],0.9497083333333333,954.9243728160858,123.20016517639161,0.3,0.1,0.8661170042213598,0.003890585862511322,0.8466666666666667,0.004594380625648416,0.867830737890223,0.003804110147540937,0.9260529777302748,0.0015879177394271724,0.8443032027227085,0.004747507728239043
283,283,02feb2a6088b,2026-04-12 21:27:43,True,[0.17341667 0.17208333 0.17208333 0.17108333 0.17125   ],0.17198333333333335,0.0008273115763993864,[0.18597917 0.18652083 0.18589583 0.18583333 0.1864375 ],0.18613333333333332,2027.1909828186035,155.72278289794923,0.3,0.5,0.0952404003725624,0.0005872150262479826,0.17198333333333335,0.0008273115763993864,0.10541725920333925,0.0006613362242901268,0.11119830717984105,9.941509221437214e-06,0.16013050660671824,0.0007346427809308045
284,284,a79f5440cfb6,2026-04-12 21:39:09,True,[0.11233333 0.11241667 0.11241667 0.11233333 0.11233333],0.11236666666666666,4.082482904638861e-05,[0.112375   0.11235417 0.11235417 0.112375   0.112375  ],0.11236666666666668,2102.7014805316926,166.91415128707885,0.3,1.0,0.02020317017525385,6.598601957366764e-06,0.11236666666666666,4.082482904638861e-05,0.022701631580794874,1.5663638519085772e-05,0.011236666666666667,4.0824829046390306e-06,0.1,0.0
285,285,e6d8a6a170e6,2026-04-12 22:03:07,True,[0.11233333 0.11241667 0.11241667 0.11233333 0.11233333],0.11236666666666666,4.082482904638861e-05,[0.112375   0.11235417 0.11235417 0.112375   0.112375  ],0.11236666666666668,2363.1768724441527,171.71626658439635,0.3,2.0,0.02020317017525385,6.598601957366764e-06,0.11236666666666666,4.082482904638861e-05,0.022701631580794874,1.5663638519085772e-05,0.011236666666666667,4.0824829046390306e-06,0.1,0.0
286,286,1219c3c89c7a,2026-04-12 21:45:10,True,[0.11233333 0.11241667 0.11241667 0.11233333 0.11233333],0.11236666666666666,4.082482904638861e-05,[0.112375   0.11235417 0.11235417 0.112375   0.112375  ],0.11236666666666668,2272.519163131714,152.17504472732543,0.3,5.0,0.02020317017525385,6.598601957366764e-06,0.11236666666666666,4.082482904638861e-05,0.022701631580794874,1.5663638519085772e-05,0.011236666666666667,4.0824829046390306e-06,0.1,0.0
287,287,b7549f2070cf,2026-04-12 22:21:51,True,[0.11233333 0.11241667 0.11241667 0.11233333 0.11233333],0.11236666666666666,4.082482904638861e-05,[0.112375   0.11235417 0.11235417 0.112375   0.112375  ],0.11236666666666668,2673.6083703517916,159.0088864326477,0.3,10.0,0.02020317017525385,6.598601957366764e-06,0.11236666666666666,4.082482904638861e-05,0.022701631580794874,1.5663638519085772e-05,0.011236666666666667,4.0824829046390306e-06,0.1,0.0
288,288,81b65a367724,2026-04-12 22:34:22,True,[0.11233333 0.11241667 0.11241667 0.11233333 0.11233333],0.11236666666666666,4.082482904638861e-05,[0.112375   0.11235417 0.11235417 0.112375   0.112375  ],0.11236666666666668,2718.745840930939,175.340257358551,0.3,50.0,0.02020317017525385,6.598601957366764e-06,0.11236666666666666,4.082482904638861e-05,0.022701631580794874,1.5663638519085772e-05,0.011236666666666667,4.0824829046390306e-06,0.1,0.0
289,289,fd5d219b9229,2026-04-12 22:33:34,True,[0.11233333 0.11241667 0.11241667 0.11233333 0.11233333],0.11236666666666666,4.082482904638861e-05,[0.112375   0.11235417 0.11235417 0.112375   0.112375  ],0.11236666666666668,2740.413631916046,170.49750571250917,0.3,100.0,0.02020317017525385,6.598601957366764e-06,0.11236666666666666,4.082482904638861e-05,0.022701631580794874,1.5663638519085772e-05,0.011236666666666667,4.0824829046390306e-06,0.1,0.0
290,290,2c91c2b8642b,2026-04-12 19:01:17,True,[0.89775    0.89833333 0.89633333 0.89858333 0.90025   ],0.89825,0.0012682008253164507,[0.89939583 0.89947917 0.89983333 0.8993125  0.89875   ],0.8993541666666666,455.6331655025482,119.05663018226623,0.3,0.0003,0.8971479273686782,0.0012605507622322975,0.89825,0.0012682008253164507,0.8979042397321724,0.0012574831081349548,0.8985225226465425,0.0013399510729297933,0.8970511740019745,0.0013567322437329906
291,291,0dcbe413cb03,2026-04-12 18:31:51,True,[0.93966667 0.94233333 0.93808333 0.93975    0.93783333],0.9395333333333333,0.0016060648942195532,[0.94258333 0.94139583 0.94252083 0.94279167 0.94239583],0.9423375,236.54323596954345,94.99948935508728,0.3,0.003,0.9388828085422064,0.0016731136534572266,0.9395333333333333,0.0016060648942195532,0.9394035644514132,0.0016058695939430302,0.9390645628680467,0.0017085302182283395,0.9389358702792098,0.0016458754915831225
292,292,ea5a65ac9f4e,2026-04-12 18:22:36,True,[0.95941667 0.95991667 0.95991667 0.95991667 0.958     ],0.9594333333333334,0.0007423685817106735,[0.964875   0.96539583 0.96464583 0.96464583 0.96541667],0.9649958333333334,193.40821375846863,77.1785801410675,0.3,0.008,0.9590653362222998,0.0008001206683535057,0.9594333333333334,0.0007423685817106735,0.9593818054281797,0.0007659200373896201,0.9591150254127407,0.0007895354586731305,0.9591100195191211,0.0007744091406271493
293,293,cce067f08d4a,2026-04-12 18:21:44,True,[0.97083333 0.97091667 0.96983333 0.9695     0.96816667],0.9698499999999999,0.0010060925515191135,[0.97710417 0.97679167 0.97720833 0.97725    0.97729167],0.9771291666666666,187.73021454811095,75.94362230300904,0.3,0.015,0.9696184849503275,0.0010320634380899182,0.9698499999999999,0.0010060925515191135,0.9698221357339125,0.0010159304238052474,0.9696483405992898,0.0010323046149968748,0.9696376405429812,0.001021711124589987
294,294,c8e23e9ac12a,2026-04-12 19:24:00,True,[0.95266667 0.949      0.94675    0.94958333 0.94566667],0.9487333333333334,0.00243321917540438,[0.9859375  0.986125   0.9854375  0.98608333 0.98566667],0.9858499999999999,708.9815753459931,123.59724864959716,0.3,0.075,0.9498107550636691,0.0023720242268529612,0.9487333333333334,0.00243321917540438,0.950249559503803,0.0023143200896116635,0.9549893433859171,0.0019975867325373437,0.9483375891160406,0.0025063176008908008
295,295,a0fa07bea6f1,2026-04-12 20:28:36,True,[0.55408333 0.53175    0.55675    0.53241667 0.5515    ],0.5453,0.010920368329156521,[0.7109375  0.67389583 0.71320833 0.67404167 0.712625  ],0.6969416666666667,1291.3525403499602,168.36947288513184,0.3,0.15,0.539582626170761,0.012333447882016065,0.5453,0.010920368329156521,0.5504525901505228,0.011775958622799385,0.871525684782327,0.003426180782572467,0.5328837748283224,0.010971618283152651
296,296,b03f280fd9eb,2026-04-12 20:09:38,True,[0.28275    0.27008333 0.29808333 0.2825     0.26166667],0.27901666666666664,0.012413187432010444,[0.31852083 0.3175     0.319      0.3183125  0.31858333],0.31838333333333335,1155.1724391460418,146.23872632980346,0.3,0.25,0.19519156391846243,0.0037461282760323715,0.27901666666666664,0.012413187432010444,0.2107141043028488,0.00392720054879111,0.31893272993975347,0.029728444198831982,0.2626567879908721,0.011836960393376334
297,297,d490f9b6cb24,2026-04-12 21:36:50,True,[0.184      0.1795     0.17625    0.174      0.17691667],0.1781333333333333,0.0034175202185860523,[0.21679167 0.21677083 0.21677083 0.21679167 0.21679167],0.21678333333333333,2108.525069999695,162.40819025039673,0.3,0.75,0.09945098239405932,0.002262691038121055,0.1781333333333333,0.0034175202185860523,0.11013890919948147,0.0025348999467762453,0.11127280256555958,4.168828029134615e-05,0.16560375528196508,0.0030436570872564425
298,298,bde6a529630a,2026-04-12 22:52:58,True,[0.11233333 0.11241667 0.11241667 0.11233333 0.11233333],0.11236666666666666,4.082482904638861e-05,[0.112375   0.11235417 0.11235417 0.112375   0.112375  ],0.11236666666666668,2852.714933538437,196.43335876464843,0.3,20.0,0.02020317017525385,6.598601957366764e-06,0.11236666666666666,4.082482904638861e-05,0.022701631580794874,1.5663638519085772e-05,0.011236666666666667,4.0824829046390306e-06,0.1,0.0
299,299,868d9aad1758,2026-04-12 22:41:21,True,[0.11233333 0.11241667 0.11241667 0.11233333 0.11233333],0.11236666666666666,4.082482904638861e-05,[0.112375   0.11235417 0.11235417 0.112375   0.112375  ],0.11236666666666668,2757.9358548641203,184.35120615959167,0.3,200.0,0.02020317017525385,6.598601957366764e-06,0.11236666666666666,4.082482904638861e-05,0.022701631580794874,1.5663638519085772e-05,0.011236666666666667,4.0824829046390306e-06,0.1,0.0
300,300,47e3a6c12e9c,2026-04-12 21:24:48,True,[0.46158333 0.46208333 0.45866667 0.45666667 0.45558333],0.45891666666666664,0.002583602136552767,[0.45822917 0.45854167 0.45720833 0.45883333 0.46285417],0.4591333333333333,1609.0965486526488,224.8182303905487,0.4,1e-05,0.3813075271350869,0.0026071877153778017,0.45891666666666664,0.002583602136552767,0.387358960037764,0.0025997411496551503,0.5793491649104416,0.0013911920643989088,0.4438735511472478,0.00256127209429781
301,301,cf7447807cc0,2026-04-12 19:31:20,True,[0.87516667 0.87716667 0.87683333 0.87841667 0.87833333],0.8771833333333332,0.0011860297916438027,[0.87845833 0.87816667 0.878375   0.87760417 0.87733333],0.8779875,673.8201838493347,152.89687328338624,0.4,0.0001,0.8760448925698021,0.0011198647241938474,0.8771833333333332,0.0011860297916438027,0.8768068061171721,0.0011766744957352258,0.8791513118523774,0.0006656100336569459,0.8754772742903715,0.0012579888337899054
302,302,1d1ebbe60893,2026-04-12 18:57:30,True,[0.92233333 0.92683333 0.9225     0.92416667 0.9235    ],0.9238666666666667,0.0016275407487644797,[0.92595833 0.92564583 0.925625   0.9255625  0.92575   ],0.9257083333333334,331.5555986881256,133.22655081748962,0.4,0.001,0.9229828797378697,0.0017018451313849884,0.9238666666666667,0.0016275407487644797,0.9236626490413297,0.0016293001293172646,0.9233777382009583,0.0017673170570227414,0.9230368859999889,0.001653751132758015
303,303,b4669c0f1e78,2026-04-12 18:03:36,True,[0.95358333 0.95408333 0.95275    0.95283333 0.95158333],0.9529666666666667,0.0008491826135237877,[0.95827083 0.95854167 0.95772917 0.95822917 0.95875   ],0.9583041666666666,103.6334213256836,52.47291712760925,0.4,0.005,0.9524900187282952,0.0009043710758251456,0.9529666666666667,0.0008491826135237877,0.9528918001506502,0.0008581062646313912,0.9525748340860416,0.0009146408130013719,0.9525429991293525,0.0008615802284370272
304,304,d33f30924e7c,2026-04-12 18:00:31,True,[0.96741667 0.96766667 0.96625    0.96633333 0.96575   ],0.9666833333333334,0.0007329544475765335,[0.97395833 0.97379167 0.97379167 0.9739375  0.97402083],0.9739000000000001,95.24297418594361,41.60317907333374,0.4,0.01,0.9664095685007708,0.000766954642869932,0.9666833333333334,0.0007329544475765335,0.9666466498506082,0.0007379289896148105,0.9664680616545317,0.0007729272625714176,0.966415762582009,0.0007561537857217143
305,305,b774b4e6277c,2026-04-12 18:02:41,True,[0.97741667 0.97958333 0.977      0.97508333 0.97475   ],0.9767666666666667,0.0017499206331209082,[0.9876875  0.98716667 0.98777083 0.98791667 0.98729167],0.9875666666666667,121.22062029838563,44.071835088729856,0.4,0.025,0.9765960297029872,0.0017623835065859667,0.9767666666666667,0.0017499206331209082,0.9767538794812829,0.0017557571622912732,0.9765882886190971,0.0017657314356183675,0.9766449891539504,0.0017408625467710641
306,306,0e871abea335,2026-04-12 18:18:14,True,[0.97716667 0.9785     0.97591667 0.97558333 0.97458333],0.97635,0.0013554417074231628,[0.99264583 0.9924375  0.99258333 0.99270833 0.99275   ],0.992625,222.56016488075255,61.68066248893738,0.4,0.05,0.9761981688005885,0.0013709251998423812,0.97635,0.0013554417074231628,0.9763579691027919,0.001361442925281119,0.9762094054675629,0.0013718737388753615,0.9762752211282972,0.001360578363221132
307,307,350b8beb74cb,2026-04-12 19:21:52,True,[0.88725    0.88375    0.87908333 0.88216667 0.87558333],0.8815666666666667,0.003984832353925165,[0.98466667 0.98508333 0.983875   0.98470833 0.98470833],0.9846083333333333,751.3339845180511,115.04460434913635,0.4,0.1,0.8939783510742412,0.0034500320752399974,0.8815666666666667,0.003984832353925165,0.8952303344846652,0.0034085342414315765,0.9331719411852128,0.0018520392842123396,0.8798908265538771,0.0040440302491482555
308,308,32b5353ffb92,2026-04-12 20:55:00,True,[0.17983333 0.178      0.18       0.17783333 0.1775    ],0.17863333333333334,0.0010614455552060461,[0.1958125  0.19622917 0.1958125  0.196      0.1961875 ],0.19600833333333334,1593.154046535492,164.04229340553283,0.4,0.5,0.09982063723889718,0.0007000645400427774,0.17863333333333334,0.0010614455552060461,0.11055363677804833,0.0007940278497443407,0.11127875175781432,1.2936624746588497e-05,0.16604856218365951,0.0009381411251218254
309,309,f31afbe41db2,2026-04-12 21:13:49,True,[0.11233333 0.11241667 0.11241667 0.11233333 0.11233333],0.11236666666666666,4.082482904638861e-05,[0.21679167 0.21677083 0.21677083 0.21679167 0.21679167],0.21678333333333333,1828.697073364258,164.9276330947876,0.4,1.0,0.02020317017525385,6.598601957366764e-06,0.11236666666666666,4.082482904638861e-05,0.022701631580794874,1.5663638519085772e-05,0.011236666666666667,4.0824829046390306e-06,0.1,0.0
310,310,766b5845f3d5,2026-04-12 21:10:24,True,[0.11233333 0.11241667 0.11241667 0.11233333 0.11233333],0.11236666666666666,4.082482904638861e-05,[0.112375   0.11235417 0.11235417 0.112375   0.112375  ],0.11236666666666668,1741.0092560291291,168.01383137702942,0.4,2.0,0.02020317017525385,6.598601957366764e-06,0.11236666666666666,4.082482904638861e-05,0.022701631580794874,1.5663638519085772e-05,0.011236666666666667,4.0824829046390306e-06,0.1,0.0
311,311,794c42e3439f,2026-04-12 21:30:33,True,[0.11233333 0.11241667 0.11241667 0.11233333 0.11233333],0.11236666666666666,4.082482904638861e-05,[0.112375   0.11235417 0.11235417 0.112375   0.112375  ],0.11236666666666668,1993.9278818607331,167.8883071899414,0.4,5.0,0.02020317017525385,6.598601957366764e-06,0.11236666666666666,4.082482904638861e-05,0.022701631580794874,1.5663638519085772e-05,0.011236666666666667,4.0824829046390306e-06,0.1,0.0
312,312,d1fdaaf5b571,2026-04-12 21:40:25,True,[0.11233333 0.11241667 0.11241667 0.11233333 0.11233333],0.11236666666666666,4.082482904638861e-05,[0.112375   0.11235417 0.11235417 0.112375   0.112375  ],0.11236666666666668,2098.1007310390473,169.4126259326935,0.4,10.0,0.02020317017525385,6.598601957366764e-06,0.11236666666666666,4.082482904638861e-05,0.022701631580794874,1.5663638519085772e-05,0.011236666666666667,4.0824829046390306e-06,0.1,0.0
313,313,ae7282a40ced,2026-04-12 22:51:43,True,[0.11233333 0.11241667 0.11241667 0.11233333 0.11233333],0.11236666666666666,4.082482904638861e-05,[0.112375   0.11235417 0.11235417 0.112375   0.112375  ],0.11236666666666668,2804.506107521057,206.51414322853088,0.4,50.0,0.02020317017525385,6.598601957366764e-06,0.11236666666666666,4.082482904638861e-05,0.022701631580794874,1.5663638519085772e-05,0.011236666666666667,4.0824829046390306e-06,0.1,0.0
314,314,875843ce1732,2026-04-12 22:47:41,True,[0.11233333 0.11241667 0.11241667 0.11233333 0.11233333],0.11236666666666666,4.082482904638861e-05,[0.112375   0.11235417 0.11235417 0.112375   0.112375  ],0.11236666666666668,2820.599667263031,180.54573106765747,0.4,100.0,0.02020317017525385,6.598601957366764e-06,0.11236666666666666,4.082482904638861e-05,0.022701631580794874,1.5663638519085772e-05,0.011236666666666667,4.0824829046390306e-06,0.1,0.0
315,315,e968a1151f03,2026-04-12 18:41:57,True,[0.90375    0.90516667 0.90158333 0.90383333 0.906     ],0.9040666666666667,0.0015012957366518243,[0.90472917 0.90510417 0.9058125  0.90541667 0.90508333],0.9052291666666668,303.1936703205109,101.38718023300171,0.4,0.0003,0.9030126769228529,0.0015464221233988827,0.9040666666666667,0.0015012957366518243,0.9037518420584172,0.0014991543764830883,0.9040558900731629,0.0016801006444050566,0.9029820458308471,0.001582152543704192
316,316,753dd0f74d4b,2026-04-12 18:14:31,True,[0.943      0.945      0.94075    0.94316667 0.94275   ],0.9429333333333334,0.0013513367867082939,[0.94577083 0.94539583 0.94647917 0.9465     0.94647917],0.946125,176.70223202705384,64.96965384483337,0.4,0.003,0.9423384907767186,0.0014229501831237315,0.9429333333333334,0.0013513367867082939,0.9428237450925051,0.0013505384807538006,0.9425070601877369,0.0014498673551912333,0.9423826668857181,0.0014254257060993076
317,317,e815a4aa720c,2026-04-12 18:18:49,True,[0.96316667 0.9635     0.96275    0.96241667 0.96108333],0.9625833333333332,0.0008349983366583687,[0.96897917 0.96902083 0.96910417 0.96870833 0.96922917],0.9690083333333334,179.30898666381836,70.1311821937561,0.4,0.008,0.9622520594377144,0.0008565366035331504,0.9625833333333332,0.0008349983366583687,0.9625375631000237,0.0008500679441956118,0.9623099339038953,0.0008540261797129343,0.9622661367183142,0.0008353740253829481
318,318,d39eea00824a,2026-04-12 18:05:36,True,[0.973      0.9745     0.97241667 0.971      0.97066667],0.9723166666666666,0.0013928388277184229,[0.98072917 0.9803125  0.981      0.9806875  0.98060417],0.9806666666666667,141.6339681148529,45.53076720237732,0.4,0.015,0.9721161273598623,0.0014227207234009669,0.9723166666666666,0.0013928388277184229,0.9722951892048417,0.00140177204666914,0.9721460007104057,0.0014139408448945678,0.9721331460870207,0.0014170367983954736
319,319,ea82d96f7367,2026-04-12 19:04:48,True,[0.96158333 0.95975    0.95758333 0.95741667 0.95625   ],0.9585166666666666,0.0019049642749639282,[0.9930625  0.99279167 0.99279167 0.99314583 0.99279167],0.9929166666666666,624.7854180335999,90.5506350517273,0.4,0.075,0.9589621372578512,0.0018678413968843508,0.9585166666666666,0.0019049642749639282,0.959287640881405,0.0018633930382732447,0.9617273944669791,0.001732965259927771,0.9582672997271734,0.0019094375810698953
320,320,16e42a3aac11,2026-04-12 22:42:04,True,[0.54741667 0.55483333 0.54408333 0.54258333 0.53808333],0.5454,0.0055902693236650845,[0.84577083 0.84808333 0.84852083 0.84675    0.84908333],0.8476416666666667,2177.110646009445,300.43620829582215,0.4,0.15,0.5892592239476349,0.005322376001781167,0.5454,0.0055902693236650845,0.5985361291778544,0.005341015265472247,0.912491228487282,0.0010598867163597564,0.5354240870101693,0.005562467983428588
321,321,69fca88f8fd0,2026-04-12 23:33:30,True,[0.23908333 0.23441667 0.24075    0.23858333 0.233     ],0.2371666666666667,0.002947692129257883,[0.36547917 0.36433333 0.36341667 0.36329167 0.3508125 ],0.36146666666666666,2690.836135196686,323.0831575870514,0.4,0.25,0.16952568074149005,0.0032472314865066034,0.2371666666666667,0.002947692129257883,0.18347965606212266,0.003417877745948071,0.43168679581458164,0.04003402726648594,0.2227403153192697,0.0027792209479056817
322,322,e5f68e9b668c,2026-04-13 00:26:56,True,[0.15508333 0.15225    0.14775    0.146      0.14916667],0.15005,0.0032449105449063524,[0.191      0.18808333 0.18377083 0.18127083 0.18658333],0.18614166666666665,3403.710803794861,312.67319040298463,0.4,0.75,0.07742818281904067,0.0029637650856240132,0.15005,0.0032449105449063524,0.08543539269749922,0.0033248435758384074,0.11094106477695598,3.7244395863407305e-05,0.1406111131885802,0.0028884557239649096
323,323,f4e82e5c0f79,2026-04-13 01:31:35,True,[0.11233333 0.11241667 0.11241667 0.11233333 0.11233333],0.11236666666666666,4.082482904638861e-05,[0.112375   0.11235417 0.11235417 0.112375   0.112375  ],0.11236666666666668,4299.411908054351,289.6419636726379,0.4,20.0,0.02020317017525385,6.598601957366764e-06,0.11236666666666666,4.082482904638861e-05,0.022701631580794874,1.5663638519085772e-05,0.011236666666666667,4.0824829046390306e-06,0.1,0.0
324,324,9ae2ab6e2cd1,2026-04-13 01:21:17,True,[0.11233333 0.11241667 0.11241667 0.11233333 0.11233333],0.11236666666666666,4.082482904638861e-05,[0.112375   0.11235417 0.11235417 0.112375   0.112375  ],0.11236666666666668,4218.713230371475,295.685267829895,0.4,200.0,0.02020317017525385,6.598601957366764e-06,0.11236666666666666,4.082482904638861e-05,0.022701631580794874,1.5663638519085772e-05,0.011236666666666667,4.0824829046390306e-06,0.1,0.0
325,325,9b14de1d6185,2026-04-12 23:07:40,True,[0.58291667 0.58516667 0.58225    0.577      0.57741667],0.58095,0.003207023542164907,[0.58022917 0.57991667 0.58039583 0.581625   0.58460417],0.5813541666666666,2284.4073598861696,335.8965815544128,0.5,1e-05,0.5212942845883889,0.0027720944301689154,0.58095,0.003207023542164907,0.5270093488965663,0.0027892912029124357,0.5915257145835568,0.003109446645969984,0.5675303193741096,0.003181559173877311
326,326,d4502509b2e3,2026-04-12 20:12:34,True,[0.88333333 0.884      0.88316667 0.88416667 0.88683333],0.8843,0.0013224556283251753,[0.88508333 0.8855625  0.88533333 0.88497917 0.88445833],0.8850833333333334,856.6452954292297,193.4579074382782,0.5,0.0001,0.8831692081327166,0.001196241852752918,0.8843,0.0013224556283251753,0.8839264535356073,0.0012677304970718165,0.8855896661918445,0.0011340177115329885,0.8828086781644295,0.0013500633649323685
327,327,9f5b667f1628,2026-04-12 18:48:05,True,[0.925      0.92825    0.92616667 0.9255     0.92508333],0.9259999999999999,0.0011983785341498328,[0.92895833 0.92791667 0.92833333 0.9285625  0.92897917],0.9285499999999999,323.0814769268036,113.84070501327514,0.5,0.001,0.9251184328213288,0.0012378312461266549,0.9259999999999999,0.0011983785341498328,0.9257983226590403,0.0011997039845107011,0.9254664733142928,0.0012793797507435138,0.9251770934290722,0.0011777794463607488
328,328,ce23e0db9e64,2026-04-12 18:30:03,True,[0.95625    0.95658333 0.95583333 0.95483333 0.95425   ],0.95555,0.0008765462528203123,[0.96127083 0.961625   0.96145833 0.96133333 0.96177083],0.9614916666666666,215.89817733764647,91.0779492855072,0.5,0.005,0.9551144362515437,0.0008917542508129891,0.95555,0.0008765462528203123,0.9554843640815461,0.0008883801885507215,0.9551941095464294,0.0009001200594987024,0.9551428083132161,0.0008528047133249864
329,329,2ac58fcf0602,2026-04-12 18:24:24,True,[0.97041667 0.96983333 0.96866667 0.968      0.96783333],0.9689500000000001,0.0010159833769418946,[0.97660417 0.976375   0.97691667 0.97689583 0.97679167],0.9767166666666667,186.43914790153502,81.79279327392578,0.5,0.01,0.9686892866044406,0.0010437709915892405,0.9689500000000001,0.0010159833769418946,0.9689196700777505,0.001024217912793281,0.9687361122757496,0.0010426752654579114,0.9686972896772039,0.0010350528398194276
330,330,764ffedcce5e,2026-04-12 18:29:22,True,[0.97908333 0.98116667 0.9785     0.97725    0.9765    ],0.9784999999999998,0.0016133126720439934,[0.99       0.98983333 0.99002083 0.99022917 0.989875  ],0.9899916666666666,231.85535502433777,88.72821888923644,0.5,0.025,0.9783499836551025,0.001630216934335664,0.9784999999999998,0.0016133126720439934,0.9784889303277599,0.001618527773328534,0.9783491826972798,0.001635846359363157,0.9783858176669071,0.0016080445463442863
331,331,72f7ca8fe3c3,2026-04-12 18:52:06,True,[0.97916667 0.98008333 0.9775     0.9775     0.97666667],0.9781833333333333,0.0012498888839501524,[0.99504167 0.99495833 0.99508333 0.99514583 0.99516667],0.9950791666666667,415.3017650127411,104.89414258003235,0.5,0.05,0.9780431527920816,0.0012622264612833934,0.9781833333333333,0.0012498888839501524,0.9781856127858253,0.0012581954205290184,0.9780450116819679,0.0012670502433048995,0.9781113311269662,0.0012475539426166147
332,332,d59644686481,2026-04-12 20:13:44,True,[0.91125    0.90525    0.9        0.90525    0.89941667],0.9042333333333333,0.00429935395663633,[0.99504167 0.99514583 0.99475    0.9953125  0.99489583],0.9950291666666666,1155.4366915225983,149.0266065120697,0.5,0.1,0.9124570903857588,0.003722964716525185,0.9042333333333333,0.00429935395663633,0.913427997868785,0.0036706545006781107,0.9394354791007384,0.0020839320316616383,0.9029752880139317,0.004386918250402767
333,333,7457261a0d27,2026-04-12 22:43:11,True,[0.1845     0.18325    0.18375    0.18316667 0.18258333],0.18345,0.0006424778422465484,[0.31935417 0.31920833 0.31854167 0.31839583 0.3195    ],0.31900000000000006,2708.5768315792084,190.6785973072052,0.5,0.5,0.102949520969889,0.0004056440809767841,0.18345,0.0006424778422465484,0.11406182165143477,0.0004566867197526133,0.11133773037343846,7.91144104533681e-06,0.17033520818806325,0.0005708589090567146
334,334,7454a73b5b2c,2026-04-13 00:54:02,True,[0.11233333 0.11241667 0.11241667 0.11233333 0.11233333],0.11236666666666666,4.082482904638861e-05,[0.21679167 0.21677083 0.21677083 0.21679167 0.21679167],0.21678333333333333,3641.925790786743,332.75931534767153,0.5,1.0,0.02020317017525385,6.598601957366764e-06,0.11236666666666666,4.082482904638861e-05,0.022701631580794874,1.5663638519085772e-05,0.011236666666666667,4.0824829046390306e-06,0.1,0.0
335,335,4b7d7d0612fd,2026-04-13 01:28:24,True,[0.11233333 0.11241667 0.11241667 0.11233333 0.11233333],0.11236666666666666,4.082482904638861e-05,[0.112375   0.11235417 0.11235417 0.112375   0.112375  ],0.11236666666666668,3972.5939825057985,342.4346495628357,0.5,2.0,0.02020317017525385,6.598601957366764e-06,0.11236666666666666,4.082482904638861e-05,0.022701631580794874,1.5663638519085772e-05,0.011236666666666667,4.0824829046390306e-06,0.1,0.0
336,336,3563819bd093,2026-04-13 01:42:12,True,[0.11233333 0.11241667 0.11241667 0.11233333 0.11233333],0.11236666666666666,4.082482904638861e-05,[0.112375   0.11235417 0.11235417 0.112375   0.112375  ],0.11236666666666668,4248.143083810806,328.9678387641907,0.5,5.0,0.02020317017525385,6.598601957366764e-06,0.11236666666666666,4.082482904638861e-05,0.022701631580794874,1.5663638519085772e-05,0.011236666666666667,4.0824829046390306e-06,0.1,0.0
337,337,f6d473ea3821,2026-04-13 02:14:20,True,[0.11233333 0.11241667 0.11241667 0.11233333 0.11233333],0.11236666666666666,4.082482904638861e-05,[0.112375   0.11235417 0.11235417 0.112375   0.112375  ],0.11236666666666668,4660.4309713840485,313.8852032184601,0.5,10.0,0.02020317017525385,6.598601957366764e-06,0.11236666666666666,4.082482904638861e-05,0.022701631580794874,1.5663638519085772e-05,0.011236666666666667,4.0824829046390306e-06,0.1,0.0
338,338,2380beda3be4,2026-04-13 01:00:33,True,[0.11233333 0.11241667 0.11241667 0.11233333 0.11233333],0.11236666666666666,4.082482904638861e-05,[0.112375   0.11235417 0.11235417 0.112375   0.112375  ],0.11236666666666668,4116.973903560638,244.89657964706421,0.5,50.0,0.02020317017525385,6.598601957366764e-06,0.11236666666666666,4.082482904638861e-05,0.022701631580794874,1.5663638519085772e-05,0.011236666666666667,4.0824829046390306e-06,0.1,0.0
339,339,2498c435c8c4,2026-04-12 23:21:40,True,[0.11233333 0.11241667 0.11241667 0.11233333 0.11233333],0.11236666666666666,4.082482904638861e-05,[0.112375   0.11235417 0.11235417 0.112375   0.112375  ],0.11236666666666668,3147.262933683395,188.07964878082277,0.5,100.0,0.02020317017525385,6.598601957366764e-06,0.11236666666666666,4.082482904638861e-05,0.022701631580794874,1.5663638519085772e-05,0.011236666666666667,4.0824829046390306e-06,0.1,0.0
340,340,350333bd775a,2026-04-12 19:15:31,True,[0.90808333 0.90925    0.906      0.90775    0.91041667],0.9083,0.0014847371634213302,[0.909125   0.90939583 0.9096875  0.90970833 0.90854167],0.9092916666666666,450.40457382202146,162.46500072479247,0.5,0.0003,0.9072459163155727,0.0014921901864382802,0.9083,0.0014847371634213302,0.9079936077629039,0.001475331163206539,0.9080959482753507,0.0015963298991315481,0.9072597387806602,0.0015357950484903525
341,341,d0a243c9d9b7,2026-04-12 18:30:47,True,[0.94508333 0.9475     0.94258333 0.94566667 0.945     ],0.9451666666666668,0.0015749779539903305,[0.9489375  0.94895833 0.94939583 0.94927083 0.94922917],0.9491583333333333,208.84187808036805,95.4829665184021,0.5,0.003,0.9445853152338195,0.0016310435417294458,0.9451666666666668,0.0015749779539903305,0.9450676289894233,0.0015685373557687318,0.9447351264190301,0.0016641336285789315,0.9446268013236481,0.0016317360028085747
342,342,9057510b0659,2026-04-12 18:18:50,True,[0.96616667 0.9655     0.9645     0.96533333 0.96341667],0.9649833333333333,0.0009463379711052067,[0.972125   0.972125   0.97241667 0.97204167 0.97245833],0.9722333333333333,166.53132224082947,73.0622808933258,0.5,0.008,0.9646819743883615,0.0009967408990990887,0.9649833333333333,0.0009463379711052067,0.9649427682085552,0.0009577318509500675,0.9647559313201878,0.00101730521340011,0.9646786826853653,0.0009603505889853461
343,343,11aafc3fc71b,2026-04-12 18:21:03,True,[0.97433333 0.97641667 0.97441667 0.97316667 0.97191667],0.9740500000000001,0.0014931324269616966,[0.98354167 0.98291667 0.98360417 0.9834375  0.98304167],0.9833083333333332,175.74011178016661,76.56242728233337,0.5,0.015,0.9738588099968567,0.0015175968023588312,0.9740500000000001,0.0014931324269616966,0.9740281852291917,0.0015033539590135737,0.9738967970385563,0.0015052242860572468,0.9738688745132583,0.0015075209872444236
344,344,9e00141b86cf,2026-04-12 19:20:07,True,[0.96766667 0.96616667 0.9645     0.96366667 0.96308333],0.9650166666666667,0.0016835808398899222,[0.99633333 0.99633333 0.99625    0.9963125  0.99641667],0.9963291666666667,699.0108200073242,117.8080644607544,0.5,0.075,0.9651913995302597,0.0016640595503193453,0.9650166666666667,0.0016835808398899222,0.9654488388055714,0.0016648545446600047,0.9667686416459942,0.0015786960933149503,0.9648530473924989,0.001679670597525181
345,345,21317178b74a,2026-04-12 20:54:33,True,[0.60633333 0.61025    0.6025     0.60191667 0.59558333],0.6033166666666667,0.004890864499815478,[0.98097917 0.981625   0.98154167 0.98172917 0.98108333],0.9813916666666668,1612.7609597206115,160.7886577129364,0.5,0.15,0.65348817873716,0.004387922973082777,0.6033166666666667,0.004890864499815478,0.6605742765232065,0.004377703142586232,0.9144249084683427,0.0008719811527153877,0.5950197778985415,0.004891412972475361
346,346,4ae2db1328f9,2026-04-12 21:03:01,True,[0.24875    0.24708333 0.25008333 0.24741667 0.24591667],0.24785000000000004,0.0014360439485691975,[0.8493125  0.85285417 0.8518125  0.85379167 0.85375   ],0.8523041666666666,1661.3870504379272,168.32401237487792,0.5,0.25,0.18837244515258442,0.0016542947846990698,0.24785000000000004,0.0014360439485691975,0.20213750389921756,0.001741478920992302,0.5117443450709155,0.0003114777960768651,0.23347645007734555,0.0013424742967882766
347,347,106c0939c683,2026-04-12 22:01:56,True,[0.15725    0.15591667 0.15358333 0.15308333 0.15358333],0.15468333333333334,0.0016179548132682204,[0.20408333 0.20391667 0.20335417 0.2030625  0.2039375 ],0.20367083333333333,2311.1171159744263,184.6988350868225,0.5,0.75,0.08161297664008924,0.0013971977349891886,0.15468333333333334,0.0016179548132682204,0.09013085051463207,0.001568220739192712,0.11099434613232864,1.8748003793042324e-05,0.1447344884550156,0.0014396381977075223
348,348,2f632e08e8cd,2026-04-13 00:16:50,True,[0.11233333 0.11241667 0.11241667 0.11233333 0.11233333],0.11236666666666666,4.082482904638861e-05,[0.112375   0.11235417 0.11235417 0.112375   0.112375  ],0.11236666666666668,3574.074474430084,251.38661460876466,0.5,20.0,0.02020317017525385,6.598601957366764e-06,0.11236666666666666,4.082482904638861e-05,0.022701631580794874,1.5663638519085772e-05,0.011236666666666667,4.0824829046390306e-06,0.1,0.0
349,349,9045f80aaca0,2026-04-13 00:16:28,True,[0.11233333 0.11241667 0.11241667 0.11233333 0.11233333],0.11236666666666666,4.082482904638861e-05,[0.112375   0.11235417 0.11235417 0.112375   0.112375  ],0.11236666666666668,3574.3492119789125,247.18389592170715,0.5,200.0,0.02020317017525385,6.598601957366764e-06,0.11236666666666666,4.082482904638861e-05,0.022701631580794874,1.5663638519085772e-05,0.011236666666666667,4.0824829046390306e-06,0.1,0.0
350,350,a4fd6dc85441,2026-04-12 21:58:14,True,[0.64625    0.65041667 0.64383333 0.64508333 0.64441667],0.6460000000000001,0.00234994089760193,[0.6455625  0.6444375  0.64585417 0.6464375  0.6475    ],0.6459583333333333,1799.1173599243164,272.59485058784486,0.6,1e-05,0.5937619136146381,0.0017851736498710519,0.6460000000000001,0.00234994089760193,0.5996717741909218,0.0017471956748956537,0.7181245076108815,0.002747654263148667,0.633825215667408,0.002384880685204734
351,351,0f17a809b97c,2026-04-12 19:31:53,True,[0.89008333 0.88758333 0.88725    0.88875    0.89166667],0.8890666666666667,0.0016367311596254845,[0.8895     0.89004167 0.89010417 0.8900625  0.8893125 ],0.8898041666666666,616.1922782897949,160.9586775302887,0.6,0.0001,0.8879429063651111,0.001595428369982633,0.8890666666666667,0.0016367311596254845,0.8886969153320097,0.0015904265781029325,0.890000622843537,0.001665281166406121,0.8876814164610026,0.0017078077654060846
352,352,52fdb81d1dcf,2026-04-12 18:47:58,True,[0.92758333 0.93016667 0.92783333 0.92816667 0.92666667],0.9280833333333334,0.0011547005383792735,[0.93097917 0.93022917 0.930625   0.93066667 0.93108333],0.9307166666666667,287.0090410232544,121.89667911529541,0.6,0.001,0.9272234702178007,0.0012183766771839306,0.9280833333333334,0.0011547005383792735,0.9278947832454248,0.0011643460776528506,0.9275229312897864,0.0012698652369156132,0.9272691812056039,0.0011546047648331467
353,353,0328f5578248,2026-04-12 18:18:38,True,[0.95858333 0.95791667 0.95791667 0.95858333 0.95658333],0.9579166666666667,0.0007302967433402221,[0.96354167 0.96422917 0.96416667 0.9636875  0.96425   ],0.9639749999999999,181.34784698486328,72.57514758110047,0.6,0.005,0.9575097608439231,0.0007883306730067411,0.9579166666666667,0.0007302967433402221,0.9578576692487015,0.0007453593555180876,0.9576003191864197,0.0008015952958731192,0.9575222152252711,0.0007525177674388006
354,354,1f02f69f8f48,2026-04-12 18:15:14,True,[0.97141667 0.97241667 0.97016667 0.9695     0.96941667],0.9705833333333335,0.0011630897548245355,[0.97875    0.97852083 0.97920833 0.97883333 0.97908333],0.9788791666666666,157.95338716506959,65.27997751235962,0.6,0.01,0.9703515535417798,0.0011995150434746644,0.9705833333333335,0.0011630897548245355,0.9705568521051131,0.001168547810625334,0.9703961246889122,0.001196345249852681,0.9703569300909324,0.0011968127599540712
355,355,7f0c96879f99,2026-04-12 18:19:09,True,[0.9805     0.98208333 0.9795     0.97883333 0.97825   ],0.9798333333333333,0.0013509256086106343,[0.99189583 0.99160417 0.99225    0.99191667 0.99179167],0.9918916666666666,199.8881649494171,67.34534130096435,0.6,0.025,0.9797018081771437,0.0013652464078015522,0.9798333333333333,0.0013509256086106343,0.979822195637183,0.0013546400894865224,0.9797131993421478,0.0013667107984418907,0.9797236109302414,0.0013575838521966792
356,356,2c81ec94748e,2026-04-12 18:47:04,True,[0.98016667 0.98141667 0.97866667 0.97858333 0.97816667],0.9794,0.0012149531312405197,[0.99675    0.99664583 0.99679167 0.99689583 0.99679167],0.9967750000000001,385.3768672466278,95.07875881195068,0.6,0.05,0.979276488448577,0.001216461688515352,0.9794,0.0012149531312405197,0.9793995581284959,0.0012210996408898787,0.9792768978796756,0.0012230216154649433,0.9793383750539286,0.0011975029321549518
357,357,69d10f93c8d3,2026-04-12 19:59:02,True,[0.9245     0.92116667 0.91608333 0.92116667 0.91591667],0.9197666666666666,0.003307986967594895,[0.99814583 0.99835417 0.99820833 0.99829167 0.9983125 ],0.9982625,1151.4169571399689,113.58264422416687,0.6,0.1,0.9253212186349788,0.0029551821246071096,0.9197666666666666,0.003307986967594895,0.9260961878786048,0.002911771991262137,0.9443866725130994,0.0018606921123680202,0.9188127835335154,0.003379166607318217
358,358,cff2890d23ae,2026-04-12 21:46:28,True,[0.18858333 0.186      0.18733333 0.18666667 0.18516667],0.18675,0.0011642832797715266,[1.         0.99997917 0.99995833 0.99739583 0.99827083],0.9991208333333332,2213.148596000671,170.94014592170714,0.6,0.5,0.10500259335623777,0.0007137637843205657,0.18675,0.0011642832797715266,0.11636353531620207,0.000798002687735733,0.11137851450790363,1.4441014497564481e-05,0.17327205777221505,0.0010382467113157626
359,359,7dcb068a9ac3,2026-04-12 21:46:31,True,[0.17975    0.17675    0.17141667 0.16908333 0.17325   ],0.17404999999999998,0.0037953187539974064,[1. 1. 1. 1. 1.],1.0,2122.69986577034,181.35901761054993,0.6,1.0,0.09664829624669605,0.0026386842808899308,0.17404999999999998,0.0037953187539974064,0.10699603881405453,0.0029591291669756083,0.11122336061028644,4.582857785798901e-05,0.16196974129644331,0.003378041157548887
360,360,f22673e51870,2026-04-12 22:01:37,True,[0.11233333 0.11241667 0.11241667 0.11233333 0.11233333],0.11236666666666666,4.082482904638861e-05,[1. 1. 1. 1. 1.],1.0,2392.984893369675,161.86764087677003,0.6,2.0,0.02020317017525385,6.598601957366764e-06,0.11236666666666666,4.082482904638861e-05,0.022701631580794874,1.5663638519085772e-05,0.011236666666666667,4.0824829046390306e-06,0.1,0.0
361,361,af936ce24347,2026-04-12 23:25:16,True,[0.11233333 0.11241667 0.11241667 0.11233333 0.11233333],0.11236666666666666,4.082482904638861e-05,[1. 1. 1. 1. 1.],1.0,2958.462891864777,245.6032069683075,0.6,5.0,0.02020317017525385,6.598601957366764e-06,0.11236666666666666,4.082482904638861e-05,0.022701631580794874,1.5663638519085772e-05,0.011236666666666667,4.0824829046390306e-06,0.1,0.0
362,362,f48297480939,2026-04-13 00:02:42,True,[0.11233333 0.11241667 0.11241667 0.11233333 0.11233333],0.11236666666666666,4.082482904638861e-05,[1. 1. 1. 1. 1.],1.0,3407.757928466797,247.10676236152648,0.6,10.0,0.02020317017525385,6.598601957366764e-06,0.11236666666666666,4.082482904638861e-05,0.022701631580794874,1.5663638519085772e-05,0.011236666666666667,4.0824829046390306e-06,0.1,0.0
363,363,5f0c032f308a,2026-04-13 00:09:13,True,[0.11233333 0.11241667 0.11241667 0.11233333 0.11233333],0.11236666666666666,4.082482904638861e-05,[1. 1. 1. 1. 1.],1.0,3501.7197608947754,248.96823773384094,0.6,50.0,0.02020317017525385,6.598601957366764e-06,0.11236666666666666,4.082482904638861e-05,0.022701631580794874,1.5663638519085772e-05,0.011236666666666667,4.0824829046390306e-06,0.1,0.0
364,364,a6ef64c5758c,2026-04-12 22:48:03,True,[0.11233333 0.11241667 0.11241667 0.11233333 0.11233333],0.11236666666666666,4.082482904638861e-05,[1. 1. 1. 1. 1.],1.0,2822.158000564575,173.84449682235717,0.6,100.0,0.02020317017525385,6.598601957366764e-06,0.11236666666666666,4.082482904638861e-05,0.022701631580794874,1.5663638519085772e-05,0.011236666666666667,4.0824829046390306e-06,0.1,0.0
365,365,0796244d5312,2026-04-12 19:06:29,True,[0.91016667 0.91158333 0.90966667 0.91083333 0.91266667],0.9109833333333333,0.0010598742063723007,[0.9119375  0.91227083 0.91222917 0.9125     0.911875  ],0.9121625,404.9599705219269,142.1553318977356,0.6,0.0003,0.9099482602239581,0.0010472975577629391,0.9109833333333333,0.0010598742063723007,0.910696466367462,0.0010440306314661596,0.9106705899335681,0.001140598108742043,0.909982394869669,0.0010898269932280154
366,366,68d3093b0115,2026-04-12 18:33:06,True,[0.94683333 0.949      0.94541667 0.94683333 0.94675   ],0.9469666666666667,0.001150603706272862,[0.95141667 0.95116667 0.95172917 0.95154167 0.95229167],0.9516291666666665,211.83644843101501,99.16818261146545,0.6,0.003,0.9464066096244009,0.0012031322789522049,0.9469666666666667,0.001150603706272862,0.9468743141709091,0.0011396814944468708,0.9465440956705548,0.0012464469357530014,0.9464538963690463,0.0011887465570201467
367,367,4816da947847,2026-04-12 18:23:29,True,[0.968      0.96775    0.96575    0.9665     0.96641667],0.9668833333333333,0.0008540751983545841,[0.97433333 0.97477083 0.97460417 0.97466667 0.97464583],0.9746041666666668,175.23229665756224,81.67354617118835,0.6,0.008,0.9666057032270523,0.0008952249828800885,0.9668833333333333,0.0008540751983545841,0.9668485246930121,0.0008535374096906444,0.9666687271229273,0.0009060370457455875,0.966604832615935,0.0008870809504165112
368,368,44d92b64b42a,2026-04-12 18:20:25,True,[0.97583333 0.97825    0.97541667 0.97491667 0.97383333],0.9756499999999999,0.0014619241506392102,[0.98564583 0.98508333 0.9858125  0.9856875  0.98510417],0.9854666666666667,164.51304950714112,76.28843832015991,0.6,0.015,0.9754685413227311,0.0014778225260392794,0.9756499999999999,0.0014619241506392102,0.9756313999545114,0.0014680689727395234,0.9755058632939436,0.0014687397294507372,0.9754759524518919,0.0014725516863176283
369,369,226858831403,2026-04-12 19:47:14,True,[0.97091667 0.96958333 0.96875    0.96758333 0.96675   ],0.9687166666666667,0.0014659088951530631,[0.99795833 0.99795833 0.99785417 0.99785417 0.998     ],0.9979250000000001,855.5369000434875,148.948757314682,0.6,0.075,0.9687729786496243,0.001445657795988101,0.9687166666666667,0.0014659088951530631,0.9689906990154478,0.0014567895951927707,0.9697815645146036,0.0013986462069055247,0.9686059033908346,0.001442485351840168
370,370,9a2d1c2dc40a,2026-04-12 21:38:32,True,[0.66375    0.66525    0.65825    0.659      0.65266667],0.6597833333333334,0.004454897429920377,[0.9976875  0.99791667 0.99764583 0.99783333 0.99766667],0.9977499999999999,1941.782278251648,204.54864740371704,0.6,0.15,0.7097211748546428,0.00397898201932187,0.6597833333333334,0.004454897429920377,0.7150703201897783,0.00395147274461511,0.9161566221780397,0.0009241122824619185,0.6530350026065617,0.0044779372991255745
371,371,c038ad0cd813,2026-04-12 21:51:23,True,[0.27258333 0.273      0.273      0.27383333 0.26758333],0.27199999999999996,0.0022453655975512455,[0.99547917 0.99572917 0.99577083 0.995875   0.99558333],0.9956875000000001,2081.5247501850126,219.12721996307374,0.6,0.25,0.22449487629142723,0.0034403334004570597,0.27199999999999996,0.0022453655975512455,0.23830460653472976,0.0034348614641719877,0.6519554620253025,0.0488613710759291,0.25747070928206905,0.0022174888202787886
372,372,b80fa124cd81,2026-04-13 00:36:21,True,[0.16366667 0.16325    0.16191667 0.15983333 0.16041667],0.16181666666666666,0.001508678597684445,[1. 1. 1. 1. 1.],1.0,3508.508995628357,322.1735694408417,0.6,0.75,0.08755730989718259,0.0011994141417664256,0.16181666666666666,0.001508678597684445,0.09679974982049584,0.0013567176195687445,0.11107754446493778,1.772809390566657e-05,0.15108256913022725,0.0013352664438525332
373,373,cd355e478c1a,2026-04-13 01:28:49,True,[0.11233333 0.11241667 0.11241667 0.11233333 0.11233333],0.11236666666666666,4.082482904638861e-05,[1. 1. 1. 1. 1.],1.0,4262.202323341369,287.8578426361084,0.6,20.0,0.02020317017525385,6.598601957366764e-06,0.11236666666666666,4.082482904638861e-05,0.022701631580794874,1.5663638519085772e-05,0.011236666666666667,4.0824829046390306e-06,0.1,0.0
374,374,bc6d45eed6ca,2026-04-13 01:33:48,True,[0.11233333 0.11241667 0.11241667 0.11233333 0.11233333],0.11236666666666666,4.082482904638861e-05,[1. 1. 1. 1. 1.],1.0,4291.873008823395,297.0471191883087,0.6,200.0,0.02020317017525385,6.598601957366764e-06,0.11236666666666666,4.082482904638861e-05,0.022701631580794874,1.5663638519085772e-05,0.011236666666666667,4.0824829046390306e-06,0.1,0.0
375,375,7cc5e88a6c48,2026-04-12 22:49:01,True,[0.67375    0.67775    0.67766667 0.675      0.67441667],0.6757166666666666,0.001673817990901829,[0.67591667 0.67597917 0.6743125  0.67685417 0.67666667],0.6759458333333334,2053.4868512630464,325.2850805282593,0.7,1e-05,0.6390114676753674,0.0011128910838475855,0.6757166666666666,0.001673817990901829,0.6449153520725355,0.0012297911879075956,0.7195100168487694,0.0037686375844488084,0.6642627063299013,0.0016005067076087834
376,376,da9b381cd856,2026-04-12 19:24:36,True,[0.893      0.89191667 0.891      0.89275    0.89425   ],0.8925833333333333,0.0010890872835136282,[0.89329167 0.89358333 0.8940625  0.89333333 0.8931875 ],0.8934916666666666,578.8726811408997,155.3725920200348,0.7,0.0001,0.8914575169005815,0.0010461803728366045,0.8925833333333333,0.0010890872835136282,0.8922048523363486,0.0010356377932265613,0.8932008186513801,0.0011071209211174374,0.891281431014073,0.0011620691431919892
377,377,84ff3025c855,2026-04-12 18:37:13,True,[0.929      0.93125    0.92983333 0.93033333 0.92866667],0.9298166666666667,0.0009285592184789474,[0.933      0.9320625  0.93277083 0.93235417 0.93289583],0.9326166666666668,247.92082872390748,100.04660887718201,0.7,0.001,0.9289715082571895,0.0009951933402955685,0.9298166666666667,0.0009285592184789474,0.9296350807453638,0.0009395085284386371,0.9292612280790369,0.0010425035538705726,0.9290073346263432,0.0009205274887695805
378,378,34a6c0e1bb90,2026-04-12 18:21:55,True,[0.95983333 0.95991667 0.95908333 0.96041667 0.95816667],0.9594833333333334,0.0007842193570678947,[0.9659375  0.9661875  0.96597917 0.96575    0.96633333],0.9660375,170.07820768356322,79.43253574371337,0.7,0.005,0.9590899520387393,0.0008501387766961338,0.9594833333333334,0.0007842193570678947,0.9594278951408487,0.000799363209310234,0.9591762875363526,0.0008753551255519141,0.9590992632872595,0.0008107701107756871
379,379,866e46d21ab6,2026-04-12 18:17:10,True,[0.97266667 0.97333333 0.97175    0.97125    0.97058333],0.9719166666666667,0.0009817784316682276,[0.98058333 0.98041667 0.98104167 0.98066667 0.98077083],0.9806958333333334,150.35910177230835,70.92219319343567,0.7,0.01,0.9716965539558121,0.0010114764591366968,0.9719166666666667,0.0009817784316682276,0.9718920036432751,0.0009874139748516637,0.9717406919071999,0.0010151544783680157,0.9717013611289659,0.0010021657975816686
380,380,1d555006f97c,2026-04-12 17:59:11,True,[0.9815     0.98258333 0.97991667 0.97991667 0.97941667],0.9806666666666667,0.0011879019787470386,[0.99322917 0.99308333 0.99345833 0.99327083 0.99320833],0.99325,101.93740148544312,37.21485047340393,0.7,0.025,0.9805361930025267,0.0012105875432561507,0.9806666666666667,0.0011879019787470386,0.9806566298950308,0.0011910340550037972,0.9805448407420068,0.0012132030028384933,0.9805589076559491,0.0012002647977590686
381,381,0c4a9e8a1667,2026-04-12 18:17:42,True,[0.9805     0.98233333 0.9805     0.97916667 0.97866667],0.9802333333333333,0.0012762793146050974,[0.99779167 0.99775    0.99770833 0.99779167 0.9978125 ],0.9977708333333333,226.8289656639099,52.638826036453246,0.7,0.05,0.9801193493931952,0.0012657251696976647,0.9802333333333333,0.0012762793146050974,0.9802317370616755,0.0012840090738304598,0.9801139696176243,0.0012681997654598947,0.9801801224795487,0.001241647634732627
382,382,e9208143aeb8,2026-04-12 20:09:00,True,[0.93575    0.93175    0.92841667 0.931      0.92883333],0.93115,0.0026222339924406226,[0.99895833 0.9990625  0.999      0.99897917 0.99908333],0.9990166666666667,1253.9261674404145,117.41947464942932,0.7,0.1,0.9350042859304638,0.0024104842410750896,0.93115,0.0026222339924406226,0.9356412799330809,0.00236381340946714,0.9488838193310345,0.0016503939927875045,0.9304018840146788,0.002704173116315045
383,383,0a475064313f,2026-04-12 21:52:06,True,[0.19075    0.18783333 0.18966667 0.18841667 0.18833333],0.189,0.0010632758605157763,[1. 1. 1. 1. 1.],1.0,2210.0640359401705,179.4992655277252,0.7,0.5,0.10636712348588544,0.0006391085263697044,0.189,0.0010632758605157763,0.11789319641729465,0.0007095698976365442,0.11140647875860861,1.32580340445292e-05,0.17527447521298337,0.000951939065825353
384,384,c7e9dffb2530,2026-04-12 21:56:43,True,[0.15525    0.1535     0.14783333 0.14625    0.14983333],0.15053333333333335,0.0033815676837821826,[1. 1. 1. 1. 1.],1.0,2189.8486016750335,180.401531457901,0.7,1.0,0.07786621597922964,0.0030798077397533445,0.15053333333333335,0.0033815676837821826,0.08592692938761723,0.00345621851102122,0.1109466195779952,3.882976819198643e-05,0.14104120427704442,0.003009226815770831
385,385,6e3495078069,2026-04-12 22:25:09,True,[0.11233333 0.11241667 0.11241667 0.11233333 0.11233333],0.11236666666666666,4.082482904638861e-05,[1. 1. 1. 1. 1.],1.0,2595.456808900833,192.95804572105408,0.7,2.0,0.02020317017525385,6.598601957366764e-06,0.11236666666666666,4.082482904638861e-05,0.022701631580794874,1.5663638519085772e-05,0.011236666666666667,4.0824829046390306e-06,0.1,0.0
386,386,0502bcdf1402,2026-04-13 00:49:44,True,[0.11233333 0.11241667 0.11241667 0.11233333 0.11233333],0.11236666666666666,4.082482904638861e-05,[1. 1. 1. 1. 1.],1.0,3556.2482533931734,336.053590965271,0.7,5.0,0.02020317017525385,6.598601957366764e-06,0.11236666666666666,4.082482904638861e-05,0.022701631580794874,1.5663638519085772e-05,0.011236666666666667,4.0824829046390306e-06,0.1,0.0
387,387,5abf3ee8398f,2026-04-13 01:40:11,True,[0.11233333 0.11241667 0.11241667 0.11233333 0.11233333],0.11236666666666666,4.082482904638861e-05,[1. 1. 1. 1. 1.],1.0,4230.862158298492,311.53111386299133,0.7,10.0,0.02020317017525385,6.598601957366764e-06,0.11236666666666666,4.082482904638861e-05,0.022701631580794874,1.5663638519085772e-05,0.011236666666666667,4.0824829046390306e-06,0.1,0.0
388,388,ccdd47a2a0f9,2026-04-13 01:47:39,True,[0.11233333 0.11241667 0.11241667 0.11233333 0.11233333],0.11236666666666666,4.082482904638861e-05,[1. 1. 1. 1. 1.],1.0,4323.909108400345,317.82108945846556,0.7,50.0,0.02020317017525385,6.598601957366764e-06,0.11236666666666666,4.082482904638861e-05,0.022701631580794874,1.5663638519085772e-05,0.011236666666666667,4.0824829046390306e-06,0.1,0.0
389,389,9623607dd35f,2026-04-13 01:50:55,True,[0.11233333 0.11241667 0.11241667 0.11233333 0.11233333],0.11236666666666666,4.082482904638861e-05,[1. 1. 1. 1. 1.],1.0,4383.7238981723785,322.7510900020599,0.7,100.0,0.02020317017525385,6.598601957366764e-06,0.11236666666666666,4.082482904638861e-05,0.022701631580794874,1.5663638519085772e-05,0.011236666666666667,4.0824829046390306e-06,0.1,0.0
390,390,6165a07c5ac7,2026-04-12 18:32:29,True,[0.91308333 0.91366667 0.91208333 0.91275    0.91441667],0.9132,0.0007951240294584277,[0.91458333 0.91441667 0.9149375  0.91454167 0.91447917],0.9145916666666667,258.2248710632324,85.08702039718628,0.7,0.0003,0.9121831931104669,0.0007674330072039021,0.9132,0.0007951240294584277,0.9129245406648039,0.000777920090389663,0.9128208713520566,0.0008429968385570574,0.9122273946680488,0.000806447422579185
391,391,9d96e3c2e46f,2026-04-12 18:07:24,True,[0.94866667 0.95041667 0.94741667 0.94875    0.94816667],0.9486833333333333,0.0009879833556852597,[0.95310417 0.95354167 0.95377083 0.95385417 0.95427083],0.9537083333333334,126.12320032119752,51.259731912612914,0.7,0.003,0.9481266241910198,0.0010671872417272997,0.9486833333333333,0.0009879833556852597,0.948592956636347,0.0009805255514341758,0.9482790062481058,0.0011190628689356392,0.9481540559024204,0.0010395901610206054
392,392,a23b0a3de789,2026-04-12 18:08:38,True,[0.97041667 0.96958333 0.96775    0.96766667 0.96766667],0.9686166666666667,0.0011602202855971536,[0.97654167 0.97639583 0.97670833 0.976875   0.97660417],0.976625,126.5227123260498,55.58060693740845,0.7,0.008,0.9683514791072494,0.0011996139284464456,0.9686166666666667,0.0011602202855971536,0.9685875330928034,0.0011664183913164701,0.9684049210023975,0.0012034907589368188,0.9683546964315528,0.0011873549819912661
393,393,eccaca450e60,2026-04-12 18:14:31,True,[0.97691667 0.97958333 0.976      0.97616667 0.97466667],0.9766666666666668,0.0016287350238076822,[0.98722917 0.98708333 0.9875     0.9874375  0.98675   ],0.9872,151.762114238739,64.27893805503845,0.7,0.015,0.9764941253338011,0.0016616936080151217,0.9766666666666668,0.0016287350238076822,0.9766501691923593,0.0016346069305465288,0.9765233396060975,0.0016606864323517273,0.9765065429557718,0.0016474685608055747
394,394,a5e02f1f8280,2026-04-12 19:08:49,True,[0.97225 0.97175 0.97075 0.9705  0.96975],0.9709999999999999,0.000894427190999898,[0.9988125  0.99875    0.99879167 0.99883333 0.99889583],0.9988166666666667,673.6572082042694,88.29095077514648,0.7,0.075,0.9709844574680911,0.0009114406212433664,0.9709999999999999,0.000894427190999898,0.9711886326692916,0.0009118065417400149,0.9716841769774103,0.0009654037868860991,0.9708998395794511,0.0008815999581798683
395,395,e42c4df7bde1,2026-04-12 21:11:50,True,[0.71466667 0.7085     0.70858333 0.70708333 0.70233333],0.7082333333333334,0.003942432976954426,[0.9983125 0.9984375 0.99825   0.9985    0.9983125],0.9983625,1839.7055869102478,155.0265618801117,0.7,0.15,0.7541249395239514,0.0036387058479353442,0.7082333333333334,0.003942432976954426,0.7582352882624834,0.003584254574987708,0.918035310999592,0.0011623436889264792,0.7027698298189564,0.003998487987683668
396,396,8aec8d21ce77,2026-04-12 21:26:23,True,[0.303      0.30558333 0.307      0.30516667 0.30041667],0.30423333333333324,0.002299396055972569,[0.9968125  0.997      0.99695833 0.99702083 0.9966875 ],0.9968958333333333,1919.2683310985565,188.6321979522705,0.7,0.25,0.27094548583070444,0.0034293795063821547,0.30423333333333324,0.002299396055972569,0.28451966122686867,0.0034022081065824303,0.7921875523487987,0.039983670490789526,0.289696125789822,0.0022869205008703647
397,397,fca86ff88c55,2026-04-12 22:18:39,True,[0.16966667 0.1695     0.16841667 0.167      0.16758333],0.16843333333333332,0.0010426994879744684,[1. 1. 1. 1. 1.],1.0,2460.2052624702455,189.18234786987304,0.7,0.75,0.09265605869298524,0.0007669709727196078,0.16843333333333332,0.0010426994879744684,0.10251888683807171,0.0008722254510608124,0.1111558392676975,1.2426636009007673e-05,0.1569710940954174,0.0009197630026774701
398,398,1dad779eb2f6,2026-04-13 00:02:18,True,[0.11233333 0.11241667 0.11241667 0.11233333 0.11233333],0.11236666666666666,4.082482904638861e-05,[1. 1. 1. 1. 1.],1.0,3533.544915008545,219.52899680137634,0.7,20.0,0.02020317017525385,6.598601957366764e-06,0.11236666666666666,4.082482904638861e-05,0.022701631580794874,1.5663638519085772e-05,0.011236666666666667,4.0824829046390306e-06,0.1,0.0
399,399,dc95135764bb,2026-04-13 00:04:27,True,[0.11233333 0.11241667 0.11241667 0.11233333 0.11233333],0.11236666666666666,4.082482904638861e-05,[1. 1. 1. 1. 1.],1.0,3559.2754791259767,231.67734375,0.7,200.0,0.02020317017525385,6.598601957366764e-06,0.11236666666666666,4.082482904638861e-05,0.022701631580794874,1.5663638519085772e-05,0.011236666666666667,4.0824829046390306e-06,0.1,0.0
400,400,cd324affc6fe,2026-04-12 21:05:50,True,[0.69708333 0.70525    0.70016667 0.70625    0.69833333],0.7014166666666666,0.0036851805322881477,[0.70102083 0.70039583 0.70010417 0.70085417 0.70308333],0.7010916666666667,1515.258105134964,199.0057843208313,0.8,1e-05,0.6783122983005321,0.00426277137027576,0.7014166666666666,0.0036851805322881477,0.6831804049578796,0.004166985465425102,0.7401566343143291,0.0042145185019363445,0.691079658599623,0.0037925349453618177
401,401,bb73ab0036d2,2026-04-12 19:08:02,True,[0.8955     0.89491667 0.89341667 0.89591667 0.89741667],0.8954333333333333,0.0013042665031009243,[0.89647917 0.89672917 0.89716667 0.89652083 0.89597917],0.896575,474.64140768051146,124.47144594192505,0.8,0.0001,0.8943143475107259,0.0012693280325224477,0.8954333333333333,0.0013042665031009243,0.8950699702688636,0.0012688018035578615,0.8958992331647749,0.0012886105208819228,0.8941755913759589,0.0013890950706925424
402,402,1c3b5807caae,2026-04-12 18:16:43,True,[0.93033333 0.93358333 0.931      0.93133333 0.93058333],0.9313666666666667,0.0011602202855971327,[0.9341875  0.93341667 0.93427083 0.93447917 0.93460417],0.9341916666666666,180.6038489818573,65.12766318321228,0.8,0.001,0.9305347704344126,0.0012064504805439022,0.9313666666666667,0.0011602202855971327,0.931193243096908,0.0011606384142787193,0.9308168196791342,0.0012735175273895316,0.930566698089476,0.0011510759713002708
403,403,c361d849f90e,2026-04-12 18:03:41,True,[0.96158333 0.96158333 0.96075    0.96141667 0.95883333],0.9608333333333334,0.001046156988431695,[0.968125   0.9675     0.96804167 0.96747917 0.96802083],0.9678333333333333,117.6737117767334,44.138839197158816,0.8,0.005,0.9604582042469187,0.001094667968847259,0.9608333333333334,0.001046156988431695,0.9607845347669439,0.001063090259539024,0.9605398979865297,0.0011170338580173932,0.9604680024027654,0.0010469551338676223
404,404,3f4cd6fc9eaa,2026-04-12 17:55:37,True,[0.97333333 0.9745     0.97283333 0.97241667 0.97091667],0.9728000000000001,0.0011721300648344997,[0.9821875  0.9816875  0.98270833 0.98227083 0.98189583],0.9821500000000001,79.30843443870545,33.99316277503967,0.8,0.01,0.9725883705537305,0.0012062950690610156,0.9728000000000001,0.0011721300648344997,0.9727750330523559,0.0011808158519817078,0.9726370201375982,0.0012099253709869134,0.9725889031929688,0.0011887499786763758
405,405,791e0a7ed85d,2026-04-12 17:59:12,True,[0.982      0.98291667 0.98083333 0.98083333 0.98016667],0.98135,0.0009809292646374818,[0.99435417 0.99433333 0.99470833 0.99439583 0.9944375 ],0.9944458333333334,103.91580405235291,37.70777773857117,0.8,0.025,0.9812222778524916,0.0009990960775935552,0.98135,0.0009809292646374818,0.9813396582906551,0.0009852143986445222,0.9812413580651359,0.0009949382729393548,0.9812344421677623,0.0009972436823428065
406,406,711e08d78f7a,2026-04-12 18:24:02,True,[0.98116667 0.98325    0.9815     0.97991667 0.97925   ],0.9810166666666668,0.001383835250309806,[0.99841667 0.99847917 0.99858333 0.998375   0.9985    ],0.9984708333333334,286.1296688079834,59.19328866004944,0.8,0.05,0.9809142187543879,0.00137162803246345,0.9810166666666668,0.001383835250309806,0.9810145912411163,0.001390489841146304,0.9809086269632281,0.0013719951061943927,0.9809700727951489,0.0013482907538309168
407,407,6ccbecbc5e4b,2026-04-12 20:00:10,True,[0.94275    0.93891667 0.93625    0.93925    0.93558333],0.93855,0.002543837870445179,[0.999375   0.99952083 0.99935417 0.99945833 0.99947917],0.9994375000000002,1184.8428226470946,111.52568154335022,0.8,0.1,0.9414079624556461,0.002394437728106308,0.93855,0.002543837870445179,0.9419543069245939,0.002345078306676758,0.9521508988548749,0.0018095851988655758,0.9379432543170042,0.002623281537633974
408,408,f878f3cbc99e,2026-04-12 21:55:13,True,[0.19225    0.1895     0.19141667 0.19033333 0.19016667],0.19073333333333337,0.0009766723549322427,[1. 1. 1. 1. 1.],1.0,2275.870656633377,169.5599153995514,0.8,0.5,0.10742228557420612,0.0005677415757275128,0.19073333333333337,0.0009766723549322427,0.1190714180256541,0.0006288078051142768,0.1314281154327232,0.03999645351835176,0.17681912036172354,0.0008748792222384672
409,409,3bfe7ad81a5d,2026-04-12 21:44:14,True,[0.15908333 0.15808333 0.15608333 0.15508333 0.15508333],0.15668333333333334,0.0016248076809271934,[1. 1. 1. 1. 1.],1.0,2141.2372583389283,165.69921612739563,0.8,1.0,0.08332964697857473,0.0013699460815040931,0.15668333333333334,0.0016248076809271934,0.09205691383692893,0.0015419399165840179,0.11101754787964664,1.8900996239920286e-05,0.14651428797680663,0.0014429275212658808
410,410,b950a3f7b32e,2026-04-13 01:31:04,True,[0.11233333 0.11241667 0.11241667 0.11233333 0.11233333],0.11236666666666666,4.082482904638861e-05,[1. 1. 1. 1. 1.],1.0,3925.7622026443482,360.5970844745636,0.8,2.0,0.02020317017525385,6.598601957366764e-06,0.11236666666666666,4.082482904638861e-05,0.022701631580794874,1.5663638519085772e-05,0.011236666666666667,4.0824829046390306e-06,0.1,0.0
411,411,ba11393d1094,2026-04-13 01:48:35,True,[0.11233333 0.11241667 0.11241667 0.11233333 0.11233333],0.11236666666666666,4.082482904638861e-05,[1. 1. 1. 1. 1.],1.0,4197.2857201576235,354.8732106208801,0.8,5.0,0.02020317017525385,6.598601957366764e-06,0.11236666666666666,4.082482904638861e-05,0.022701631580794874,1.5663638519085772e-05,0.011236666666666667,4.0824829046390306e-06,0.1,0.0
412,412,6d24edacddd6,2026-04-13 02:24:58,True,[0.11233333 0.11241667 0.11241667 0.11233333 0.11233333],0.11236666666666666,4.082482904638861e-05,[1. 1. 1. 1. 1.],1.0,4745.988820075989,316.7791850566864,0.8,10.0,0.02020317017525385,6.598601957366764e-06,0.11236666666666666,4.082482904638861e-05,0.022701631580794874,1.5663638519085772e-05,0.011236666666666667,4.0824829046390306e-06,0.1,0.0
413,413,934b22b528b5,2026-04-13 02:38:13,True,[0.11233333 0.11241667 0.11241667 0.11233333 0.11233333],0.11236666666666666,4.082482904638861e-05,[1. 1. 1. 1. 1.],1.0,4832.694525527954,344.79808511734007,0.8,50.0,0.02020317017525385,6.598601957366764e-06,0.11236666666666666,4.082482904638861e-05,0.022701631580794874,1.5663638519085772e-05,0.011236666666666667,4.0824829046390306e-06,0.1,0.0
414,414,ec23d0589591,2026-04-12 23:41:53,True,[0.11233333 0.11241667 0.11241667 0.11233333 0.11233333],0.11236666666666666,4.082482904638861e-05,[1. 1. 1. 1. 1.],1.0,3470.0053742408754,191.32486548423768,0.8,100.0,0.02020317017525385,6.598601957366764e-06,0.11236666666666666,4.082482904638861e-05,0.022701631580794874,1.5663638519085772e-05,0.011236666666666667,4.0824829046390306e-06,0.1,0.0
415,415,458fc1ea5a85,2026-04-12 18:55:46,True,[0.91491667 0.915      0.91391667 0.915      0.91575   ],0.9149166666666666,0.0005845225972249797,[0.91702083 0.91635417 0.91641667 0.91666667 0.91629167],0.91655,364.90836815834047,124.65903730392456,0.8,0.0003,0.9139109651481332,0.0006007153070600433,0.9149166666666666,0.0005845225972249797,0.9146549189375331,0.0005704723328734588,0.9144707647549651,0.0006595530443980177,0.9139714565781667,0.0006436961370682663
416,416,654969e2a5e8,2026-04-12 18:22:32,True,[0.95066667 0.95183333 0.9495     0.95016667 0.94958333],0.9503499999999999,0.0008537498983243664,[0.95533333 0.9555     0.95564583 0.955625   0.9559375 ],0.9556083333333334,172.2475829601288,79.10836257934571,0.8,0.003,0.9498215338103174,0.0009150976410530878,0.9503499999999999,0.0008537498983243664,0.9502666433894935,0.0008469004717524413,0.9499624263749267,0.0009786680449428559,0.9498515139610155,0.0008689590675409391
417,417,832562654a7e,2026-04-12 17:59:00,True,[0.9715     0.97116667 0.96908333 0.96875    0.969     ],0.9699,0.0011801600644733732,[0.97797917 0.97775    0.97858333 0.97802083 0.97797917],0.9780625000000001,95.9630455493927,36.7647204875946,0.8,0.008,0.9696513989033836,0.00121921667818229,0.9699,0.0011801600644733732,0.9698723069744138,0.0011836301484482233,0.9697042072486897,0.001218025298661846,0.9696522626437354,0.0012170930867750507
418,418,d10cf8dee0d9,2026-04-12 17:55:25,True,[0.97816667 0.98025    0.97666667 0.97691667 0.97583333],0.9775666666666666,0.0015360483209991753,[0.9886875  0.98864583 0.9888125  0.98891667 0.9883125 ],0.9886750000000001,71.65237092971802,34.2071831703186,0.8,0.015,0.9774077524708998,0.0015663291871502519,0.9775666666666666,0.0015360483209991753,0.9775512196104141,0.00154043887393943,0.9774383652009245,0.001562685062264794,0.9774174415714711,0.0015589967609130524
419,419,5db60ec409e0,2026-04-12 19:44:49,True,[0.97341667 0.97391667 0.97266667 0.97225    0.97075   ],0.9725999999999999,0.001090871211463577,[0.99929167 0.99927083 0.99935417 0.999375   0.99941667],0.9993416666666667,847.2142915725708,142.8087022304535,0.8,0.075,0.972558681886596,0.0011159476844917295,0.9725999999999999,0.001090871211463577,0.9727452799343066,0.0011063895227823944,0.9730861438975204,0.0011609421902702953,0.9725161478372509,0.0010861837066545546
420,420,2b14ee53ae2e,2026-04-12 22:16:06,True,[0.75725    0.75266667 0.75133333 0.74983333 0.74708333],0.7516333333333334,0.0033659240104976264,[0.99889583 0.99914583 0.99889583 0.99908333 0.9989375 ],0.9989916666666666,2458.7662444591524,184.28949270248413,0.8,0.15,0.7914959999746285,0.0030024326219716116,0.7516333333333334,0.0033659240104976264,0.7946864190405013,0.0029496821242302965,0.9207512661045605,0.0010018262656138791,0.7472563538225598,0.003436526515107928
421,421,250609e58437,2026-04-12 22:29:10,True,[0.34291667 0.34483333 0.3505     0.34808333 0.34383333],0.3460333333333333,0.0028336274357163575,[0.99889583 0.998875   0.99872917 0.99889583 0.9988125 ],0.9988416666666666,2362.9092594146728,230.85060234069823,0.8,0.25,0.3308029562328067,0.0036660164355552054,0.3460333333333333,0.0028336274357163575,0.3436039078596861,0.0036032106809878303,0.8725739694814623,0.048798603361230396,0.33185599586328307,0.002871349143238054
422,422,aeb987a453c7,2026-04-12 22:52:54,True,[0.17475    0.17383333 0.17266667 0.17258333 0.17216667],0.1732,0.0009524821374819678,[1. 1. 1. 1. 1.],1.0,2883.516947221756,183.5029109954834,0.8,0.75,0.09610214178561945,0.000668383741102821,0.1732,0.0009524821374819678,0.10638367593707251,0.0007506899858979213,0.11121294105968582,1.1475770377519533e-05,0.16121328470589272,0.000847150561455184
423,423,93d84cb8ee24,2026-04-12 23:30:45,True,[0.11233333 0.11241667 0.11241667 0.11233333 0.11233333],0.11236666666666666,4.082482904638861e-05,[1. 1. 1. 1. 1.],1.0,3219.8212864875795,215.6488034248352,0.8,20.0,0.02020317017525385,6.598601957366764e-06,0.11236666666666666,4.082482904638861e-05,0.022701631580794874,1.5663638519085772e-05,0.011236666666666667,4.0824829046390306e-06,0.1,0.0
424,424,877f5e1186b1,2026-04-12 23:22:23,True,[0.11233333 0.11241667 0.11241667 0.11233333 0.11233333],0.11236666666666666,4.082482904638861e-05,[1. 1. 1. 1. 1.],1.0,3219.7984195709228,184.58572731018066,0.8,200.0,0.02020317017525385,6.598601957366764e-06,0.11236666666666666,4.082482904638861e-05,0.022701631580794874,1.5663638519085772e-05,0.011236666666666667,4.0824829046390306e-06,0.1,0.0
425,425,9224d41ee427,2026-04-12 21:09:28,True,[0.7255     0.73466667 0.73233333 0.73641667 0.73166667],0.7321166666666666,0.0037154332781580753,[0.7334375 0.7310625 0.732125  0.7339375 0.7341875],0.73295,1452.6066621303557,224.84494156837462,0.9,1e-05,0.7170975650449387,0.004126486198288054,0.7321166666666666,0.0037154332781580753,0.7208761434742151,0.00413164198790152,0.7676909404245427,0.002865109549494525,0.7231836092232384,0.0038079715166111344
426,426,ace063c9cef4,2026-04-12 18:57:48,True,[0.89766667 0.89791667 0.89641667 0.89816667 0.90016667],0.8980666666666666,0.001210371843691032,[0.89908333 0.89939583 0.89947917 0.89891667 0.89835417],0.8990458333333333,427.1279272556305,112.45251879692077,0.9,0.0001,0.8969601275548216,0.0011880428224199896,0.8980666666666666,0.001210371843691032,0.8977170901430599,0.0011989579736346077,0.8983481796568119,0.0012706035944013325,0.8968608981809512,0.001293715567721184
427,427,341a1e6f645c,2026-04-12 18:20:56,True,[0.93191667 0.93458333 0.93208333 0.9325     0.932     ],0.9326166666666668,0.0010036046144882983,[0.93572917 0.93514583 0.93535417 0.936      0.93585417],0.9356166666666667,190.27452459335328,71.66117010116577,0.9,0.001,0.931805394364433,0.0010456126754960968,0.9326166666666668,0.0010036046144882983,0.9324567275163738,0.0009977333140900678,0.932060528801761,0.0011001534286938554,0.9318401836719348,0.0010065796798986854
428,428,2ea0c8739e81,2026-04-12 18:17:36,True,[0.96325    0.96283333 0.96141667 0.963      0.9605    ],0.9621999999999999,0.0010627532377953163,[0.96941667 0.9694375  0.96979167 0.96958333 0.96964583],0.9695750000000001,152.78990325927734,72.01994953155517,0.9,0.005,0.9618471933709589,0.0011292071590343297,0.9621999999999999,0.0010627532377953163,0.962149015300958,0.0010761200168325062,0.9619311590040113,0.0011511914659769035,0.9618474634620913,0.0010898902630251095
429,429,81ce8f5cb06b,2026-04-12 18:14:04,True,[0.97416667 0.97541667 0.97383333 0.97341667 0.97133333],0.9736333333333335,0.0013297869503545695,[0.98366667 0.9830625  0.98408333 0.9835625  0.98304167],0.9834833333333334,133.66903223991395,65.42941312789917,0.9,0.01,0.9734259330023797,0.0013579889385057359,0.9736333333333335,0.0013297869503545695,0.9736090064707407,0.0013414303597693964,0.9734735683131225,0.0013501164846589705,0.9734290162027157,0.001346712999100058
430,430,142fc4660ab2,2026-04-12 18:19:59,True,[0.98225    0.98333333 0.98125    0.98175    0.98083333],0.9818833333333332,0.0008669871202426482,[0.99554167 0.99527083 0.99566667 0.9955     0.99552083],0.9955,177.87145977020265,74.26148343086243,0.9,0.025,0.9817623126824939,0.0008923552896065447,0.9818833333333332,0.0008669871202426482,0.9818734373396929,0.0008709279929006332,0.9817834025683443,0.0008829573032431153,0.9817705549538107,0.0008973366650505058
431,431,79ec01df50eb,2026-04-12 18:37:40,True,[0.98183333 0.98333333 0.98216667 0.981      0.9795    ],0.9815666666666667,0.0012762793146050817,[0.99883333 0.999      0.9989375  0.99895833 0.99902083],0.9989500000000001,327.5984363555908,89.49852271080017,0.9,0.05,0.9814648146156643,0.001265432143109615,0.9815666666666667,0.0012762793146050817,0.9815639058171628,0.0012838037227808421,0.9814557200474608,0.0012612344687234014,0.9815209296084866,0.0012445355638545754
432,432,4cd4ec7c3e00,2026-04-12 20:19:28,True,[0.94791667 0.94358333 0.941      0.94458333 0.94083333],0.9435833333333333,0.002608213522274931,[0.99979167 0.99977083 0.99979167 0.999875   0.99983333],0.9998125,1355.6479454517364,124.55529608726502,0.9,0.1,0.9458294875438517,0.0024457984240134458,0.9435833333333333,0.002608213522274931,0.9463171908265193,0.00238905051075179,0.9545923674381322,0.001821883870391737,0.9430680880536517,0.0026996168721423425
433,433,1b5c2b711f5f,2026-04-12 22:05:06,True,[0.19433333 0.19125    0.19316667 0.19208333 0.19216667],0.1926,0.0010585629672133572,[1. 1. 1. 1. 1.],1.0,2396.4729937553407,165.39727749824524,0.9,0.5,0.10940980134726996,0.0005379265616471125,0.1926,0.0010585629672133572,0.12113349766229638,0.0006028379156204446,0.35145151336769215,0.04899604015866574,0.17855549822077052,0.0009428040798605124
434,434,9d9980636d27,2026-04-12 23:17:22,True,[0.16616667 0.16508333 0.16425    0.16291667 0.16333333],0.16435,0.0011778039829369838,[1. 1. 1. 1. 1.],1.0,3004.870042324066,209.75549712181092,0.9,1.0,0.08955644158359967,0.0009089611704721726,0.16435,0.0011778039829369838,0.09904214302968162,0.0010255938772702417,0.11110738571392113,1.3921508510363345e-05,0.15333721209028336,0.0010443481556633941
435,435,1f23d6c59367,2026-04-12 23:23:51,True,[0.11233333 0.11241667 0.11241667 0.11233333 0.11233333],0.11236666666666666,4.082482904638861e-05,[1. 1. 1. 1. 1.],1.0,2983.14132065773,236.48384208679198,0.9,2.0,0.02020317017525385,6.598601957366764e-06,0.11236666666666666,4.082482904638861e-05,0.022701631580794874,1.5663638519085772e-05,0.011236666666666667,4.0824829046390306e-06,0.1,0.0
436,436,1e400145db6c,2026-04-13 00:43:27,True,[0.11233333 0.11241667 0.11241667 0.11233333 0.11233333],0.11236666666666666,4.082482904638861e-05,[1. 1. 1. 1. 1.],1.0,3565.1458151340485,309.1191494464874,0.9,5.0,0.02020317017525385,6.598601957366764e-06,0.11236666666666666,4.082482904638861e-05,0.022701631580794874,1.5663638519085772e-05,0.011236666666666667,4.0824829046390306e-06,0.1,0.0
437,437,5a8eac02f48b,2026-04-13 01:38:21,True,[0.11233333 0.11241667 0.11241667 0.11233333 0.11233333],0.11236666666666666,4.082482904638861e-05,[1. 1. 1. 1. 1.],1.0,4154.075650167465,324.38782544136046,0.9,10.0,0.02020317017525385,6.598601957366764e-06,0.11236666666666666,4.082482904638861e-05,0.022701631580794874,1.5663638519085772e-05,0.011236666666666667,4.0824829046390306e-06,0.1,0.0
438,438,68dc3d4b4419,2026-04-13 01:44:32,True,[0.11233333 0.11241667 0.11241667 0.11233333 0.11233333],0.11236666666666666,4.082482904638861e-05,[1. 1. 1. 1. 1.],1.0,4257.683062362671,326.05958766937255,0.9,50.0,0.02020317017525385,6.598601957366764e-06,0.11236666666666666,4.082482904638861e-05,0.022701631580794874,1.5663638519085772e-05,0.011236666666666667,4.0824829046390306e-06,0.1,0.0
439,439,d71a0f03a858,2026-04-13 01:44:29,True,[0.11233333 0.11241667 0.11241667 0.11233333 0.11233333],0.11236666666666666,4.082482904638861e-05,[1. 1. 1. 1. 1.],1.0,4284.930810117721,318.89609990119936,0.9,100.0,0.02020317017525385,6.598601957366764e-06,0.11236666666666666,4.082482904638861e-05,0.022701631580794874,1.5663638519085772e-05,0.011236666666666667,4.0824829046390306e-06,0.1,0.0
440,440,c5dc32c47177,2026-04-12 18:31:12,True,[0.916      0.91683333 0.91483333 0.91641667 0.91758333],0.9163333333333332,0.0009143911149563129,[0.91872917 0.91789583 0.91822917 0.91820833 0.91810417],0.9182333333333335,272.9300916194916,83.51716289520263,0.9,0.0003,0.9153404359175731,0.0009244306471737571,0.9163333333333332,0.0009143911149563129,0.9160837681351562,0.0008982541553536199,0.9158661697740879,0.0009714908613789093,0.9154147818631664,0.0009578942606633947
441,441,879cfd3d09b7,2026-04-12 18:08:07,True,[0.95183333 0.95258333 0.95075    0.9515     0.9515    ],0.9516333333333333,0.0005930148958219099,[0.95735417 0.95764583 0.95722917 0.95722917 0.95752083],0.9573958333333333,134.27794895172119,53.10891151428223,0.9,0.003,0.9511232361180632,0.0006451361150552495,0.9516333333333333,0.0005930148958219099,0.9515528585835098,0.0005805350232314312,0.9512645467407813,0.0006887000829590258,0.9511440343523516,0.0006379801633900575
442,442,ae3457998b12,2026-04-12 18:00:28,True,[0.97175    0.9725     0.97016667 0.97025    0.96991667],0.9709166666666667,0.0010206207261596845,[0.97941667 0.97914583 0.97991667 0.97958333 0.979625  ],0.9795375,110.16286597251892,38.750846481323244,0.9,0.008,0.9706857055685953,0.001060044276323647,0.9709166666666667,0.0010206207261596845,0.9708912088360602,0.0010230771118178896,0.9707392262060741,0.0010622926822147682,0.9706822750013717,0.001056301683750837
443,443,f21a41d0f203,2026-04-12 18:00:48,True,[0.97916667 0.98058333 0.97741667 0.97766667 0.97691667],0.97835,0.0013451559182654045,[0.98979167 0.98958333 0.99010417 0.99029167 0.98941667],0.9898375000000001,118.15617895126343,37.584986782073976,0.9,0.015,0.9781985981748266,0.0013682942169250412,0.97835,0.0013451559182654045,0.9783362250406185,0.001349027948479314,0.9782361767247508,0.0013591405418138516,0.9781990765044831,0.0013683668233488162
444,444,84dfabc0e1f2,2026-04-12 18:57:34,True,[0.97408333 0.975      0.9735     0.97291667 0.97175   ],0.97345,0.0010936686477681853,[0.99954167 0.99958333 0.99960417 0.99958333 0.9996875 ],0.9996,623.061524438858,73.55615077018737,0.9,0.075,0.973403281901866,0.001116538178577667,0.97345,0.0010936686477681853,0.9735778276995019,0.0011104457482233995,0.9738722432056027,0.0011683129446514967,0.97336843915929,0.0010838613117660502
445,445,91cdf398acaf,2026-04-12 21:44:51,True,[0.78983333 0.78758333 0.78691667 0.78725    0.77991667],0.7863000000000001,0.0033514507638069523,[0.99995833 0.99997917 0.99997917 0.9999375  0.99995833],0.9999625,2351.1801998138426,127.00147714614869,0.9,0.15,0.8199077564731606,0.002942940283640076,0.7863000000000001,0.0033514507638069523,0.8224661837323449,0.002895616231427382,0.9228533258902122,0.001134638571016736,0.7827458360456665,0.0034130258739267427
446,446,8c916cfc9b2c,2026-04-12 21:58:13,True,[0.4085     0.41016667 0.41216667 0.41408333 0.40491667],0.4099666666666667,0.003145808498798238,[1. 1. 1. 1. 1.],1.0,2345.729828119278,170.8173113822937,0.9,0.25,0.4189521231967836,0.004412105549919311,0.4099666666666667,0.003145808498798238,0.430267809834333,0.004290945316031607,0.9130741543408408,0.000636599404012626,0.39669137420610145,0.0032190748883903753
447,447,e3a23ab5d0e8,2026-04-12 22:25:38,True,[0.17833333 0.17708333 0.17775    0.17583333 0.17608333],0.17701666666666668,0.0009536479667279958,[1. 1. 1. 1. 1.],1.0,2659.45986289978,161.5576965332031,0.9,0.75,0.09873678911899261,0.0006392562145572682,0.17701666666666668,0.0009536479667279958,0.10933828759937207,0.0007276095441587524,0.11125908745774511,1.1578327799499667e-05,0.16460981098208807,0.0008411237477477267
448,448,5894906bec06,2026-04-12 21:35:13,True,[0.11233333 0.11241667 0.11241667 0.11233333 0.11233333],0.11236666666666666,4.082482904638861e-05,[1. 1. 1. 1. 1.],1.0,2167.5422823905947,138.25130858421326,0.9,20.0,0.02020317017525385,6.598601957366764e-06,0.11236666666666666,4.082482904638861e-05,0.022701631580794874,1.5663638519085772e-05,0.011236666666666667,4.0824829046390306e-06,0.1,0.0
449,449,085f7f53e3bd,2026-04-12 21:50:25,True,[0.11233333 0.11241667 0.11241667 0.11233333 0.11233333],0.11236666666666666,4.082482904638861e-05,[1. 1. 1. 1. 1.],1.0,2297.8475395679475,154.92191548347472,0.9,200.0,0.02020317017525385,6.598601957366764e-06,0.11236666666666666,4.082482904638861e-05,0.022701631580794874,1.5663638519085772e-05,0.011236666666666667,4.0824829046390306e-06,0.1,0.0
450,450,13f4476b86f4,2026-04-12 21:21:11,True,[0.758      0.76666667 0.76358333 0.76858333 0.76558333],0.7644833333333333,0.003622997531204107,[0.764625   0.7639375  0.76347917 0.76535417 0.76608333],0.7646958333333334,1545.4130100727082,234.2091435432434,1.0,1e-05,0.7563655104313003,0.003885017135602403,0.7644833333333333,0.003622997531204107,0.7591059115218027,0.003887597901950067,0.7946536465284139,0.0017743339210402,0.7571489103238839,0.003746618074240575
451,451,455fa17bec22,2026-04-12 19:33:04,True,[0.89925    0.9005     0.8985     0.90008333 0.90241667],0.90015,0.0013264405167381027,[0.90122917 0.9013125  0.9015     0.90141667 0.90054167],0.9011999999999999,575.7114480495453,176.84749517440795,1.0,0.0001,0.8990734308108801,0.001313257962649795,0.90015,0.0013264405167381027,0.8998138930926173,0.0013164916359204983,0.9003261216331501,0.0013953612152551515,0.8989992961282802,0.0013996570355798744
452,452,4dd28dff4e96,2026-04-12 18:43:39,True,[0.93333333 0.93458333 0.93291667 0.934      0.93316667],0.9336,0.0006087327455916641,[0.93683333 0.9364375  0.936625   0.9369375  0.9368125 ],0.9367291666666666,259.55306978225707,112.54382781982422,1.0,0.001,0.9328066144703527,0.0006698567426056793,0.9336,0.0006087327455916641,0.9334457919847825,0.0006106880495191068,0.9330561717792213,0.000718017878073587,0.9328420299484721,0.0006331415306022153
453,453,b09b3621cf96,2026-04-12 18:23:25,True,[0.96466667 0.96375    0.96275    0.96391667 0.96225   ],0.9634666666666668,0.0008621678104251566,[0.97054167 0.97116667 0.971      0.9710625  0.97089583],0.9709333333333333,166.2414659976959,83.82443447113037,1.0,0.005,0.9631285729923791,0.0009151223263409876,0.9634666666666668,0.0008621678104251566,0.963420293446067,0.0008746108593283056,0.9632168494001812,0.0009373723948198466,0.9631243781172886,0.0008779143081753389
454,454,1e8a4f2196d7,2026-04-12 18:00:13,True,[0.97533333 0.97675    0.9745     0.97383333 0.972     ],0.9744833333333333,0.0015779733838059658,[0.9849375  0.98429167 0.98495833 0.984875   0.9840625 ],0.984625,104.679203748703,39.24527616500855,1.0,0.01,0.9742805630740377,0.0016024108554078265,0.9744833333333333,0.0015779733838059658,0.9744616940988052,0.0015877770231177808,0.9743280657185711,0.0015919570316401902,0.9742811708018634,0.0015911184752637204
455,455,cd92dbf6a3ad,2026-04-12 18:05:22,True,[0.98266667 0.98375    0.98183333 0.98233333 0.98116667],0.98235,0.0008634555897992567,[0.99633333 0.99620833 0.99625    0.99620833 0.9963125 ],0.9962625,139.63362770080568,43.93265552520752,1.0,0.025,0.9822361994182458,0.0008960547092696162,0.98235,0.0008634555897992567,0.9823400290947399,0.0008686622876085747,0.9822589776759137,0.0008838657418195727,0.9822414157534463,0.0009038957319749299
456,456,af7a2cc9da10,2026-04-12 18:34:30,True,[0.98216667 0.9835     0.9825     0.98125    0.97958333],0.9818,0.001321404976194327,[0.9991875  0.99922917 0.99922917 0.99927083 0.99933333],0.99925,301.09778943061826,76.38320145606994,1.0,0.05,0.9817016252349159,0.0013122853677440811,0.9818,0.001321404976194327,0.9817972289549118,0.001329130618889149,0.9816981023730609,0.0013041825175841757,0.9817527242454152,0.0012941026112086394
457,457,a2c0069a3f00,2026-04-12 19:52:29,True,[0.95108333 0.94691667 0.9445     0.94775    0.94383333],0.9468166666666666,0.002582741867774534,[0.99991667 0.99995833 0.99991667 0.99991667 0.99991667],0.999925,1122.0505312919618,103.84614796638489,1.0,0.1,0.9487210426746417,0.002419105204331315,0.9468166666666666,0.002582741867774534,0.94918226247045,0.0023728410033164037,0.9563937319967053,0.0018237692591100572,0.9463398917364657,0.0026589244201210803
458,458,d6db18125bf9,2026-04-12 23:46:06,True,[0.2865     0.27941667 0.29125    0.2835     0.26808333],0.28175,0.007849805376214393,[1. 1. 1. 1. 1.],1.0,3440.614204311371,202.64211888313292,1.0,0.5,0.21487035544293898,0.003620300824589939,0.28175,0.007849805376214393,0.2296395254494529,0.003797663459421048,0.6024147693128503,0.003780160394877766,0.2665843856719206,0.007463237558537908
459,459,76b4827af611,2026-04-12 23:50:15,True,[0.17233333 0.17316667 0.17025    0.16958333 0.17016667],0.1711,0.0013918413064075296,[1. 1. 1. 1. 1.],1.0,3509.956815958023,211.93844137191772,1.0,1.0,0.09460214836841616,0.0009935834590345898,0.1711,0.0013918413064075296,0.10470155527820549,0.0011251394248012294,0.11118772467703823,1.669478964858064e-05,0.15934425544364106,0.0012310264163664369
460,460,385878a7bc8d,2026-04-12 22:20:23,True,[0.11233333 0.11241667 0.11241667 0.11233333 0.11233333],0.11236666666666666,4.082482904638861e-05,[1. 1. 1. 1. 1.],1.0,2529.0668472766874,178.94098358154298,1.0,2.0,0.02020317017525385,6.598601957366764e-06,0.11236666666666666,4.082482904638861e-05,0.022701631580794874,1.5663638519085772e-05,0.011236666666666667,4.0824829046390306e-06,0.1,0.0
461,461,fd99fd9d8d20,2026-04-12 22:59:27,True,[0.11233333 0.11241667 0.11241667 0.11233333 0.11233333],0.11236666666666666,4.082482904638861e-05,[1. 1. 1. 1. 1.],1.0,2861.9414887428284,198.70975370407103,1.0,5.0,0.02020317017525385,6.598601957366764e-06,0.11236666666666666,4.082482904638861e-05,0.022701631580794874,1.5663638519085772e-05,0.011236666666666667,4.0824829046390306e-06,0.1,0.0
462,462,4132419b751e,2026-04-12 23:18:09,True,[0.11233333 0.11241667 0.11241667 0.11233333 0.11233333],0.11236666666666666,4.082482904638861e-05,[1. 1. 1. 1. 1.],1.0,3173.0354789733888,201.43424730300904,1.0,10.0,0.02020317017525385,6.598601957366764e-06,0.11236666666666666,4.082482904638861e-05,0.022701631580794874,1.5663638519085772e-05,0.011236666666666667,4.0824829046390306e-06,0.1,0.0
463,463,953c9812cc3d,2026-04-12 23:46:17,True,[0.11233333 0.11241667 0.11241667 0.11233333 0.11233333],0.11236666666666666,4.082482904638861e-05,[1. 1. 1. 1. 1.],1.0,3377.3003911495207,221.00344557762145,1.0,50.0,0.02020317017525385,6.598601957366764e-06,0.11236666666666666,4.082482904638861e-05,0.022701631580794874,1.5663638519085772e-05,0.011236666666666667,4.0824829046390306e-06,0.1,0.0
464,464,c7deb18749e8,2026-04-12 23:53:52,True,[0.11233333 0.11241667 0.11241667 0.11233333 0.11233333],0.11236666666666666,4.082482904638861e-05,[1. 1. 1. 1. 1.],1.0,3423.2625551223755,240.2656177997589,1.0,100.0,0.02020317017525385,6.598601957366764e-06,0.11236666666666666,4.082482904638861e-05,0.022701631580794874,1.5663638519085772e-05,0.011236666666666667,4.0824829046390306e-06,0.1,0.0
465,465,dd93a699afe3,2026-04-12 19:08:08,True,[0.91733333 0.91883333 0.91616667 0.9175     0.919     ],0.9177666666666667,0.0010466878978738325,[0.91991667 0.91947917 0.91952083 0.91972917 0.91933333],0.9195958333333334,401.7722660541534,147.58828501701356,1.0,0.0003,0.9167892789992343,0.0010604935443886828,0.9177666666666667,0.0010466878978738325,0.9175225079181681,0.0010251758819769547,0.9172766297684071,0.0011160685098292001,0.9168693256114675,0.0010830068748545866
466,466,9fa1f9c0de11,2026-04-12 18:04:59,True,[0.95325    0.95341667 0.95225    0.95233333 0.95216667],0.9526833333333332,0.0005359311730271124,[0.95875    0.95904167 0.95879167 0.95872917 0.95916667],0.9588958333333334,108.7852705001831,44.469593143463136,1.0,0.003,0.9521833964016759,0.0005813050866599038,0.9526833333333332,0.0005359311730271124,0.9526019366292919,0.0005354503027614131,0.9523249766683914,0.0006168306161547164,0.9521978771546251,0.0005467426201851412
467,467,571ef96e0944,2026-04-12 18:02:30,True,[0.97225    0.9735     0.97158333 0.97066667 0.97041667],0.9716833333333333,0.0011197718021493824,[0.98089583 0.98020833 0.98116667 0.98077083 0.9806875 ],0.9807458333333333,97.36361579895019,41.18694014549256,1.0,0.008,0.9714575441421391,0.0011403108887398034,0.9716833333333333,0.0011197718021493824,0.9716577287491439,0.0011242395823248992,0.9715089057056383,0.0011373233270124215,0.9714557579690457,0.0011324443582996931
468,468,5b22377a37ef,2026-04-12 18:04:01,True,[0.97975    0.981      0.97791667 0.97866667 0.97725   ],0.9789166666666667,0.0013322912594474318,[0.99064583 0.99064583 0.99125    0.99089583 0.99047917],0.9907833333333332,112.88402519226074,43.51919646263123,1.0,0.015,0.9787659752704894,0.0013677593383502706,0.9789166666666667,0.0013322912594474318,0.9789037654772297,0.001336317832633947,0.9788030326330039,0.0013541583109779444,0.9787645337658789,0.0013733081091096729
469,469,958427468af4,2026-04-12 19:22:29,True,[0.97466667 0.9755     0.97375    0.9735     0.97258333],0.974,0.0010013879257199892,[0.99972917 0.99983333 0.99970833 0.99977083 0.9998125 ],0.9997708333333334,749.085907459259,102.87559070587159,1.0,0.075,0.9739502838790601,0.0010232374225262056,0.974,0.0010013879257199892,0.9741189012729781,0.001022384410168618,0.9743875757738767,0.0011009033603390935,0.9739201723018999,0.0009829192174955841
470,470,3b881bfb8e9f,2026-04-12 22:35:51,True,[0.8135     0.81133333 0.8085     0.81091667 0.80183333],0.8092166666666667,0.00401856801471482,[0.99995833 0.99997917 0.99997917 0.99997917 0.99997917],0.9999750000000001,2872.850721025467,141.9100727558136,1.0,0.15,0.838028717009944,0.0033407320201658285,0.8092166666666667,0.00401856801471482,0.8402056215042633,0.003265673077926053,0.924382272267527,0.001075190736087175,0.8061880794182944,0.004132524657222384
471,471,102c0d3a265e,2026-04-12 23:29:42,True,[0.58025    0.59116667 0.58491667 0.58675    0.57975   ],0.5845666666666667,0.004249313670072671,[1. 1. 1. 1. 1.],1.0,3358.109700679779,183.74800510406493,1.0,0.25,0.6217908247883288,0.0035310176286188094,0.5845666666666667,0.004249313670072671,0.6298051227170042,0.003563947437754219,0.9100724417311034,0.00174009035340979,0.573904818698479,0.004273860955822866
472,472,1c3d12124272,2026-04-12 23:43:43,True,[0.18083333 0.17983333 0.18075    0.17883333 0.17875   ],0.17980000000000002,0.000895358401237554,[1. 1. 1. 1. 1.],1.0,3457.344767332077,197.57612476348876,1.0,0.75,0.10082469040170643,0.0005885341065721024,0.17980000000000002,0.000895358401237554,0.11163350760123787,0.000672376618133687,0.31129297884641616,0.06324587530568856,0.16710752774281404,0.0007864560742275318
473,473,f28994a9ab02,2026-04-12 23:16:26,True,[0.11233333 0.11241667 0.11241667 0.11233333 0.11233333],0.11236666666666666,4.082482904638861e-05,[1. 1. 1. 1. 1.],1.0,3091.2762945175173,189.58583240509034,1.0,20.0,0.02020317017525385,6.598601957366764e-06,0.11236666666666666,4.082482904638861e-05,0.022701631580794874,1.5663638519085772e-05,0.011236666666666667,4.0824829046390306e-06,0.1,0.0
474,474,5470fd526ceb,2026-04-12 22:53:03,True,[0.11233333 0.11241667 0.11241667 0.11233333 0.11233333],0.11236666666666666,4.082482904638861e-05,[1. 1. 1. 1. 1.],1.0,2951.9286280155184,163.9192587852478,1.0,200.0,0.02020317017525385,6.598601957366764e-06,0.11236666666666666,4.082482904638861e-05,0.022701631580794874,1.5663638519085772e-05,0.011236666666666667,4.0824829046390306e-06,0.1,0.0
475,475,7a1e2c164520,2026-04-12 20:24:09,True,[0.82616667 0.82516667 0.82683333 0.82675    0.82658333],0.8263,0.0006114645442614452,[0.82760417 0.8275     0.8271875  0.82647917 0.82697917],0.8271499999999999,1100.8182950019836,172.60517077445985,1.5,1e-05,0.8243278576483324,0.0007370098993483326,0.8263,0.0006114645442614452,0.8256181842445557,0.0006845980722906518,0.8360097749598614,0.001225140994886382,0.8222379743217179,0.0007444494416472685
476,476,6955662d497b,2026-04-12 18:51:18,True,[0.90775    0.90866667 0.90608333 0.90725    0.90916667],0.9077833333333334,0.0010834615308763242,[0.908875   0.90875    0.90927083 0.90922917 0.90825   ],0.9088749999999999,365.7240339279175,104.26686305999756,1.5,0.0001,0.9067149717284118,0.0010972307977487072,0.9077833333333334,0.0010834615308763242,0.9074762632460318,0.0010727335810346223,0.9075713684950703,0.0012148068251849882,0.9067269776507885,0.0011266863189565214
477,477,e74dde55863b,2026-04-12 18:18:43,True,[0.93741667 0.93983333 0.93608333 0.9375     0.93733333],0.9376333333333333,0.0012163241527012373,[0.941125   0.941      0.94160417 0.94183333 0.94183333],0.9414791666666666,173.76602301597595,66.70298080444336,1.5,0.001,0.9369062224256524,0.001265849013571069,0.9376333333333333,0.0012163241527012373,0.9375051533066927,0.0012124900941395517,0.9371211711301939,0.0013054674806124982,0.9369316414222061,0.0012466713942922466
478,478,94224cdab52b,2026-04-12 18:07:13,True,[0.96875    0.96816667 0.96658333 0.96666667 0.96625   ],0.9672833333333333,0.0009868580895391413,[0.9758125  0.9759375  0.97629167 0.97622917 0.9760625 ],0.9760666666666667,115.01416268348694,49.49944291114807,1.5,0.005,0.9669952092275015,0.0010238235573281343,0.9672833333333333,0.0009868580895391413,0.9672478772044698,0.0009924543916756071,0.9670746608302293,0.0010253924126969248,0.9669819084252158,0.00101334254157868
479,479,5ad0a9631e88,2026-04-12 18:07:19,True,[0.97783333 0.97858333 0.9755     0.9765     0.97516667],0.9767166666666668,0.0013161391348266518,[0.988625   0.98870833 0.989375   0.98929167 0.9885625 ],0.9889125,118.37536191940308,49.71461291313172,1.5,0.01,0.9765453007183537,0.0013488586814743393,0.9767166666666668,0.0013161391348266518,0.976697869039189,0.0013208828434392486,0.976595986980851,0.0013440831539482275,0.9765371520821471,0.0013421400541043947
480,480,140031e29c3f,2026-04-12 18:23:14,True,[0.984      0.98483333 0.9835     0.98391667 0.98266667],0.9837833333333335,0.0007063206700138934,[0.99833333 0.99839583 0.998375   0.998375   0.9984375 ],0.9983833333333333,210.6442482471466,65.42325549125671,1.5,0.025,0.9836648744162249,0.0007214631585336614,0.9837833333333335,0.0007063206700138934,0.9837743046419621,0.000711350794859235,0.9836834247560002,0.0007084491044701297,0.9836730410376446,0.0007252028716952404
481,481,110217f136c8,2026-04-12 18:50:04,True,[0.98333333 0.98425    0.98316667 0.98241667 0.981     ],0.9828333333333333,0.0010865337342004257,[0.99975    0.999875   0.99977083 0.99975    0.99985417],0.9998000000000001,427.36062660217283,90.49967617988587,1.5,0.05,0.9827374446653134,0.0010769036650618352,0.9828333333333333,0.0010865337342004257,0.9828310524347665,0.0010934273138675779,0.9827442362420999,0.0010702118898873716,0.9827729098451279,0.0010589191329981626
482,482,2b792b67a77b,2026-04-12 20:52:24,True,[0.95308333 0.94925    0.94675    0.95008333 0.94666667],0.9491666666666667,0.002378141197564915,[0.99997917 1.         0.99997917 1.         0.99997917],0.9999874999999999,1716.7105264663696,141.0868552207947,1.5,0.1,0.9508549769823815,0.0022543301625089704,0.9491666666666667,0.002378141197564915,0.9513032084834416,0.002215177588424472,0.9578337395576091,0.0017783646449934108,0.9486965966687346,0.002441799290069844
483,483,71d9e8662516,2026-04-13 00:26:34,True,[0.29825    0.29291667 0.30466667 0.29816667 0.28116667],0.2950333333333333,0.007870585182253668,[1. 1. 1. 1. 1.],1.0,4087.921810913086,162.04562940597535,1.5,0.5,0.2359479130659452,0.0037751147695299445,0.2950333333333333,0.007870585182253668,0.2506575385206383,0.003942125500981509,0.6833255901133674,0.04049382460664396,0.2797688971058111,0.007489271342006892
484,484,0442062dc901,2026-04-13 00:53:09,True,[0.17658333 0.17625    0.1755     0.17383333 0.17366667],0.17516666666666664,0.0012099127608587682,[1. 1. 1. 1. 1.],1.0,4416.361306667328,160.88411836624147,1.5,1.0,0.09756110628084083,0.0008017827321268273,0.17516666666666664,0.0012099127608587682,0.10800162839491767,0.0009201999608261826,0.19123667943413322,0.039991432905676354,0.1629715903107702,0.0010637258162991524
485,485,cb885e34554e,2026-04-13 00:31:46,True,[0.11233333 0.11241667 0.11241667 0.11233333 0.11233333],0.11236666666666666,4.082482904638861e-05,[1. 1. 1. 1. 1.],1.0,4174.979372739792,159.00244083404542,1.5,2.0,0.02020317017525385,6.598601957366764e-06,0.11236666666666666,4.082482904638861e-05,0.022701631580794874,1.5663638519085772e-05,0.011236666666666667,4.0824829046390306e-06,0.1,0.0
486,486,dfe30f153bd3,2026-04-13 00:58:17,True,[0.11233333 0.11241667 0.11241667 0.11233333 0.11233333],0.11236666666666666,4.082482904638861e-05,[1. 1. 1. 1. 1.],1.0,4448.691620063782,173.46402616500853,1.5,5.0,0.02020317017525385,6.598601957366764e-06,0.11236666666666666,4.082482904638861e-05,0.022701631580794874,1.5663638519085772e-05,0.011236666666666667,4.0824829046390306e-06,0.1,0.0
487,487,98a16d83d0a7,2026-04-13 05:34:16,True,[0.11233333 0.11241667 0.11241667 0.11233333 0.11233333],0.11236666666666666,4.082482904638861e-05,[1. 1. 1. 1. 1.],1.0,7164.478433704377,281.70391592979433,1.5,10.0,0.02020317017525385,6.598601957366764e-06,0.11236666666666666,4.082482904638861e-05,0.022701631580794874,1.5663638519085772e-05,0.011236666666666667,4.0824829046390306e-06,0.1,0.0
488,490,15983ffff0d0,2026-04-12 18:59:23,True,[0.92183333 0.92525    0.92216667 0.923      0.92208333],0.9228666666666667,0.0012545472844372634,[0.92510417 0.9243125  0.92483333 0.92472917 0.92516667],0.9248291666666667,291.91356949806215,138.7041459083557,1.5,0.0003,0.9219453858651934,0.0013331497800376114,0.9228666666666667,0.0012545472844372634,0.9226503788291524,0.001260039880618657,0.9223561664709875,0.0013788131528915842,0.9219962913681522,0.0012775053896204927
489,491,393a205b72ae,2026-04-12 18:15:16,True,[0.95841667 0.95716667 0.95633333 0.9575     0.95583333],0.9570500000000001,0.000903081145609616,[0.96404167 0.96452083 0.96433333 0.9639375  0.96458333],0.9642833333333334,145.81225028038025,62.99113364219666,1.5,0.003,0.9566024548209574,0.0009609755865095615,0.9570500000000001,0.000903081145609616,0.956986643046605,0.0009134496673088871,0.9567258533678864,0.0009647180890568367,0.9566000513967566,0.000944133351421011
490,492,d6c71c4dffa4,2026-04-12 18:11:14,True,[0.97466667 0.97625    0.97425    0.974      0.97183333],0.9742000000000001,0.0014187239963353504,[0.9854375  0.985      0.98564583 0.98547917 0.98445833],0.9852041666666667,120.99840321540833,56.71719298362732,1.5,0.008,0.9739925395415703,0.00143962501571426,0.9742000000000001,0.0014187239963353504,0.9741782211746587,0.0014290750783613015,0.9740499720211314,0.0014289171066587255,0.973984578193704,0.0014282716788499746
491,493,ffe0a89238d5,2026-04-12 18:12:25,True,[0.98158333 0.9825     0.98016667 0.98058333 0.98033333],0.9810333333333334,0.000882861509209965,[0.99447917 0.99410417 0.99472917 0.99441667 0.99445833],0.9944375000000001,131.86171708106994,59.19625582695007,1.5,0.015,0.9808989251580613,0.0009024119780758501,0.9810333333333334,0.000882861509209965,0.9810219345497038,0.000885141340892706,0.9809417332320652,0.0008935794707996025,0.9808868594400615,0.000907065183922378
492,494,cb5ad876567d,2026-04-12 19:07:56,True,[0.97525    0.9765     0.975      0.97441667 0.97358333],0.97495,0.0009640769909319681,[0.99995833 0.99995833 0.9999375  0.9999375  0.9999375 ],0.9999458333333333,643.859860610962,88.32021932601928,1.5,0.075,0.9748843239333214,0.0009802329155529656,0.97495,0.0009640769909319681,0.9750587095189296,0.0009832204841931978,0.975286368499872,0.0010574852407935274,0.9748585075098886,0.0009346979176803115
493,495,43b790868de0,2026-04-13 01:43:12,True,[0.83058333 0.82508333 0.82141667 0.825      0.81558333],0.8235333333333333,0.004938398300843883,[1. 1. 1. 1. 1.],1.0,4621.778237771988,247.72882356643677,1.5,0.15,0.8491337713036365,0.004067301030455528,0.8235333333333333,0.004938398300843883,0.8511372401841216,0.0039844284128291605,0.9258094515969819,0.0012372068520608373,0.8207453686515194,0.005069649457970088
494,496,9044fbdd76df,2026-04-13 02:42:33,True,[0.61375    0.62641667 0.61833333 0.62025    0.61466667],0.6186833333333333,0.004535477434135829,[1. 1. 1. 1. 1.],1.0,5323.866250658035,240.44839444160462,1.5,0.25,0.6595588800875319,0.003676989909375017,0.6186833333333333,0.004535477434135829,0.6663979700395515,0.0037076971394004446,0.9112281863219316,0.0019440072369276715,0.608867273685567,0.004550335228809838
495,497,1b065c673abc,2026-04-13 04:05:56,True,[0.18525    0.18366667 0.18433333 0.18333333 0.18216667],0.18375000000000002,0.0010274023338281604,[1. 1. 1. 1. 1.],1.0,6374.367640686035,239.64942092895507,1.5,0.75,0.10411994174835784,0.0006975924836071048,0.18375000000000002,0.0010274023338281604,0.11518537731326754,0.0007804410999553891,0.4113414333836218,0.06325756344982676,0.17068746823536263,0.0009134298115181606
496,500,1d717fc59809,2026-04-12 21:32:34,True,[0.84675    0.847      0.84816667 0.84608333 0.84733333],0.8470666666666666,0.0006859705209085565,[0.84829167 0.847625   0.84775    0.84752083 0.84675   ],0.8475875,1383.7790967941285,289.6157871246338,2.0,1e-05,0.8455725431226521,0.000688244513927819,0.8470666666666666,0.0006859705209085565,0.8465716925054378,0.000665304424952356,0.8526955491070407,0.0011081375761991244,0.8440677752214361,0.0007086007341197917
497,501,cec56dffa5cf,2026-04-12 19:48:09,True,[0.91125    0.9125     0.911      0.91166667 0.91358333],0.9119999999999999,0.0009413347497628454,[0.91325    0.91329167 0.91354167 0.91345833 0.91320833],0.91335,571.1859266281128,202.1330183029175,2.0,0.0001,0.9109651882259318,0.000905527429652685,0.9119999999999999,0.0009413347497628454,0.9117148209577202,0.0009348107706729832,0.9116319806149477,0.0009880733338797785,0.9110118782412527,0.000952768919164722
498,502,4c7395e38dab,2026-04-12 18:22:33,True,[0.93975    0.94291667 0.93833333 0.94016667 0.94008333],0.94025,0.0014879142747110231,[0.94470833 0.94441667 0.94504167 0.9453125  0.94502083],0.9449,174.17049384117126,76.43990602493287,2.0,0.001,0.9395704538089094,0.0015511745654075734,0.94025,0.0014879142747110231,0.9401310928575318,0.0014819876210100005,0.9397892473802729,0.0016294019939561287,0.9395836471651549,0.0015131799824866683
499,503,4b3b7d13ca01,2026-04-12 18:13:16,True,[0.97108333 0.97108333 0.96925    0.969      0.968     ],0.9696833333333335,0.0012172373091006799,[0.97958333 0.97927083 0.97991667 0.97983333 0.97952083],0.9796249999999999,123.0305278301239,63.40748085975647,2.0,0.005,0.9694136121867512,0.0012502583172806633,0.9696833333333335,0.0012172373091006799,0.9696521505520554,0.0012261368414252067,0.9694801006429372,0.0012561944542874687,0.9694050727220089,0.0012350149177109955
500,504,7dce0f953f6a,2026-04-12 18:11:38,True,[0.97916667 0.97941667 0.97741667 0.97791667 0.97766667],0.9783166666666666,0.0008154753215149978,[0.991875   0.99166667 0.99233333 0.99195833 0.991625  ],0.9918916666666666,117.192955160141,57.987767457962036,2.0,0.01,0.9781521569992458,0.0008480202262206806,0.9783166666666666,0.0008154753215149978,0.9782993331468992,0.0008182302818198179,0.9782111895612717,0.0008456982265629496,0.9781337901460697,0.0008440826366107356
501,505,8b0dc3f357ff,2026-04-12 18:19:31,True,[0.98425    0.98575    0.98425    0.98416667 0.9835    ],0.9843833333333334,0.0007389933092465129,[0.99910417 0.9991875  0.99916667 0.999125   0.99927083],0.9991708333333333,169.66429171562194,69.73602123260498,2.0,0.025,0.9842680862493115,0.0007391971474144839,0.9843833333333334,0.0007389933092465129,0.984375314779928,0.0007421664138119295,0.9842897465234655,0.0007361321926986397,0.9842701137402787,0.0007339800816170911
502,506,e02b004dd1df,2026-04-12 18:21:45,True,[0.98366667 0.98441667 0.98325    0.98241667 0.981     ],0.98295,0.0011697578096911204,[0.9999375  0.99995833 0.99991667 0.99991667 0.99991667],0.9999291666666666,234.0131582260132,60.05267491340637,2.0,0.05,0.9828500178234565,0.0011601080914531304,0.98295,0.0011697578096911204,0.9829475839195478,0.0011762676985191045,0.9828625469133938,0.001152858668544609,0.9828801037647013,0.0011436748752392195
503,507,be9116c0f24d,2026-04-12 22:37:16,True,[0.95316667 0.94925    0.94675    0.95008333 0.94666667],0.9491833333333334,0.002405664611333491,[1. 1. 1. 1. 1.],1.0,2379.9783292770385,255.2458225250244,2.0,0.1,0.9508747047006834,0.0022814093219401285,0.9491833333333334,0.002405664611333491,0.9513220119689884,0.002243267320338175,0.9578621708238673,0.0018028070092406426,0.9487137904778006,0.0024698070944750073
504,508,43b6aa765361,2026-04-13 04:47:16,True,[0.29825    0.29291667 0.30466667 0.29816667 0.28116667],0.2950333333333333,0.007870585182253668,[1. 1. 1. 1. 1.],1.0,6475.092771387101,311.7757491111755,2.0,0.5,0.2359479130659452,0.0037751147695299445,0.2950333333333333,0.007870585182253668,0.2506575385206383,0.003942125500981509,0.6833255901133674,0.04049382460664396,0.2797688971058111,0.007489271342006892
505,509,45fc24244d7a,2026-04-13 05:24:54,True,[0.17658333 0.17625    0.1755     0.17383333 0.17366667],0.17516666666666664,0.0012099127608587682,[1. 1. 1. 1. 1.],1.0,7036.783076715469,289.83094959259034,2.0,1.0,0.09756110628084083,0.0008017827321268273,0.17516666666666664,0.0012099127608587682,0.10800162839491767,0.0009201999608261826,0.19123667943413322,0.039991432905676354,0.1629715903107702,0.0010637258162991524
506,510,24ce633da8b0,2026-04-13 05:30:22,True,[0.11233333 0.11241667 0.11241667 0.11233333 0.11233333],0.11236666666666666,4.082482904638861e-05,[1. 1. 1. 1. 1.],1.0,7220.890423107147,284.4236630439758,2.0,2.0,0.02020317017525385,6.598601957366764e-06,0.11236666666666666,4.082482904638861e-05,0.022701631580794874,1.5663638519085772e-05,0.011236666666666667,4.0824829046390306e-06,0.1,0.0
507,511,f95a5e2dfa69,2026-04-13 03:58:34,True,[0.11233333 0.11241667 0.11241667 0.11233333 0.11233333],0.11236666666666666,4.082482904638861e-05,[1. 1. 1. 1. 1.],1.0,5999.401395130158,291.0800010681152,2.0,5.0,0.02020317017525385,6.598601957366764e-06,0.11236666666666666,4.082482904638861e-05,0.022701631580794874,1.5663638519085772e-05,0.011236666666666667,4.0824829046390306e-06,0.1,0.0
508,515,2154ece30399,2026-04-12 18:35:20,True,[0.9245     0.92816667 0.925      0.92491667 0.92491667],0.9255000000000001,0.0013447428502629543,[0.92810417 0.9278125  0.92775    0.92820833 0.92820833],0.9280166666666666,260.07688603401186,91.49659080505371,2.0,0.0003,0.9245753258827399,0.0013971853439891562,0.9255000000000001,0.0013447428502629543,0.9252919240897644,0.0013433108643365957,0.9249422703884788,0.0014605076778896472,0.9246173695160035,0.0013497048352091449
509,516,272bd93495f4,2026-04-12 18:17:49,True,[0.96125    0.95966667 0.95983333 0.96108333 0.95875   ],0.9601166666666666,0.0009348202441586836,[0.96785417 0.96804167 0.96820833 0.96804167 0.9679375 ],0.9680166666666666,155.05117330551147,68.24233436584473,2.0,0.003,0.9596984500817456,0.000983244352476611,0.9601166666666666,0.0009348202441586836,0.9600601236295052,0.0009515170538622262,0.9598238640296664,0.0009874268041187167,0.9596777736967421,0.0009581162723559458
510,517,aa244ebe080c,2026-04-12 18:13:51,True,[0.97716667 0.9775     0.975      0.97591667 0.97383333],0.9758833333333333,0.0013597385369580814,[0.98808333 0.98820833 0.98847917 0.98866667 0.9875625 ],0.9882,129.51169581413268,60.91567335128784,2.0,0.008,0.975695097388369,0.0013916209056779585,0.9758833333333333,0.0013597385369580814,0.9758622793480285,0.0013671178021605484,0.9757510434054384,0.0013936502642161916,0.9756828122356194,0.0013732984088052258
511,518,a4dcce1c6687,2026-04-12 18:16:17,True,[0.98216667 0.98291667 0.9815     0.98141667 0.98116667],0.9818333333333333,0.0006346477588219837,[0.996625   0.99635417 0.9965625  0.9963125  0.9965625 ],0.9964833333333335,146.29443855285643,66.59205565452575,2.0,0.015,0.9817014582928406,0.0006365596892064827,0.9818333333333333,0.0006346477588219837,0.9818216564258326,0.0006388725096175464,0.9817415386062406,0.0006262729908050784,0.9816901599390994,0.000646221599613697
512,519,115eee7514dd,2026-04-12 20:10:26,True,[0.97541667 0.97658333 0.97508333 0.97433333 0.97358333],0.975,0.0010137937550497012,[0.99997917 1.         0.99997917 1.         0.99997917],0.9999874999999999,947.583951663971,180.72409009933472,2.0,0.075,0.974932549942784,0.0010220867789600776,0.975,0.0010137937550497012,0.9751092868704996,0.0010323604267874755,0.9753355042831646,0.0011054076918572654,0.9749047732905753,0.000969939088954929
513,520,dc1405737cf1,2026-04-13 02:07:08,True,[0.83058333 0.82508333 0.82141667 0.82508333 0.81558333],0.82355,0.004943458078893533,[1. 1. 1. 1. 1.],1.0,4850.28434844017,256.4145102024078,2.0,0.15,0.849144001193989,0.004071086701020097,0.82355,0.004943458078893533,0.8511484086910898,0.003988250761998739,0.9258118462367015,0.0012383392374759627,0.8207602054467715,0.0050745629831775805
514,521,4bc12f5a879c,2026-04-13 02:57:12,True,[0.61375    0.62675    0.61841667 0.62033333 0.61483333],0.6188166666666667,0.00462463211750105,[1. 1. 1. 1. 1.],1.0,5387.457185697555,271.5376835346222,2.0,0.25,0.6596379632606052,0.0037336943066245583,0.6188166666666667,0.00462463211750105,0.6664850824960826,0.0037690457155616893,0.9112502996871712,0.001952381969573746,0.6089859130557567,0.004629965626494535
515,522,b5fbee3ab169,2026-04-13 04:18:23,True,[0.18525    0.18366667 0.18433333 0.18333333 0.18216667],0.18375000000000002,0.0010274023338281604,[1. 1. 1. 1. 1.],1.0,6387.922462940216,272.39998598098754,2.0,0.75,0.10411994174835784,0.0006975924836071048,0.18375000000000002,0.0010274023338281604,0.11518537731326754,0.0007804410999553891,0.4113414333836218,0.06325756344982676,0.17068746823536263,0.0009134298115181606
516,523,cdb063fcc5be,2026-04-13 05:10:52,True,[0.11233333 0.11241667 0.11241667 0.11233333 0.11233333],0.11236666666666666,4.082482904638861e-05,[1. 1. 1. 1. 1.],1.0,7181.409652233124,220.58690705299378,2.0,20.0,0.02020317017525385,6.598601957366764e-06,0.11236666666666666,4.082482904638861e-05,0.022701631580794874,1.5663638519085772e-05,0.011236666666666667,4.0824829046390306e-06,0.1,0.0
517,524,b55267be798b,2026-04-13 05:20:54,True,[0.11233333 0.11241667 0.11241667 0.11233333 0.11233333],0.11236666666666666,4.082482904638861e-05,[1. 1. 1. 1. 1.],1.0,7300.126286458969,240.39647073745726,2.0,200.0,0.02020317017525385,6.598601957366764e-06,0.11236666666666666,4.082482904638861e-05,0.022701631580794874,1.5663638519085772e-05,0.011236666666666667,4.0824829046390306e-06,0.1,0.0
518,525,7fe3076edd36,2026-04-12 20:39:14,True,[0.86533333 0.8665     0.867      0.86808333 0.86683333],0.86675,0.0008850612031567907,[0.86795833 0.86735417 0.86797917 0.867      0.8671875 ],0.8674958333333332,1003.1825447559356,250.60401344299316,3.0,1e-05,0.8655281352402584,0.0008642919991501975,0.86675,0.0008850612031567907,0.8663409573306285,0.0009053844546096673,0.8698442930074928,0.0004163086964240684,0.8646269413366054,0.0009395420040137271
519,526,9b21f08d2ae2,2026-04-12 19:15:36,True,[0.91666667 0.91791667 0.9155     0.91691667 0.91841667],0.9170833333333335,0.0010178954323068446,[0.9193125  0.91858333 0.91897917 0.91904167 0.918625  ],0.9189083333333332,389.1655930995941,158.41493062973024,3.0,0.0001,0.9160830573589089,0.0010258457800710289,0.9170833333333335,0.0010178954323068446,0.91683208200003,0.0009952055909171018,0.9165858966040027,0.0010875527687459721,0.9161620713876145,0.0010594614408438142
520,527,d030e9ff22d3,2026-04-12 18:21:32,True,[0.9445     0.94666667 0.94208333 0.94408333 0.94466667],0.9444000000000001,0.001461924150639204,[0.9490625  0.949      0.94960417 0.94945833 0.94947917],0.9493208333333334,174.32749271392822,75.52544937133788,3.0,0.001,0.9437631509113933,0.0015087754825822098,0.9444000000000001,0.001461924150639204,0.9442877604453311,0.0014509834056642627,0.9439536575711676,0.0015593036322700655,0.9437722123690889,0.0014999699503879995
521,528,0a6638953207,2026-04-12 18:13:28,True,[0.97391667 0.97391667 0.97225    0.973      0.97066667],0.9727499999999999,0.0012144957801491062,[0.98408333 0.9838125  0.9844375  0.98435417 0.98364583],0.9840666666666665,125.62042059898377,61.35172781944275,3.0,0.005,0.9725214602473897,0.0012474739698595779,0.9727499999999999,0.0012144957801491062,0.9727243560144828,0.0012257882766860176,0.9725899432750189,0.0012436396164745814,0.9725147064746918,0.0012239764055288513
522,529,5952f2ac4a70,2026-04-12 18:13:16,True,[0.98033333 0.98066667 0.97866667 0.97975    0.9795    ],0.9797833333333333,0.0006944222218666428,[0.99535417 0.99504167 0.99535417 0.99514583 0.995125  ],0.9952041666666667,125.67480111122131,60.75470228195191,3.0,0.01,0.9796316685844424,0.000725882727512922,0.9797833333333333,0.0006944222218666428,0.9797701995387271,0.0006944243772847628,0.9796870047837981,0.0007319894044923505,0.979611127276707,0.000716992966937702
523,530,58698f50dd85,2026-04-12 18:21:41,True,[0.98441667 0.98583333 0.98466667 0.98433333 0.98416667],0.9846833333333332,0.0005972157622389731,[0.99970833 0.99972917 0.99972917 0.9996875  0.99977083],0.999725,191.01155214309694,72.96879863739014,3.0,0.025,0.9845654860971604,0.0005857284975764906,0.9846833333333332,0.0005972157622389731,0.9846754967179858,0.0005983850636699109,0.9845929250476957,0.000594759070547638,0.984559101280786,0.0005708366780395808
524,531,7b89be6422e2,2026-04-12 19:06:13,True,[0.98383333 0.9845     0.9835     0.98241667 0.981     ],0.9830499999999999,0.0012265579661982873,[0.99997917 1.         0.99997917 1.         0.99997917],0.9999874999999999,429.7342456817627,126.19551019668579,3.0,0.05,0.9829496070818904,0.0012142097079986655,0.9830499999999999,0.0012265579661982873,0.9830476482406245,0.0012336678742829062,0.9829617985987469,0.0012069218198667343,0.9829793936603147,0.0011979639634761435
525,532,e26b38f3a527,2026-04-12 21:41:56,True,[0.95316667 0.94925    0.94675    0.95016667 0.94666667],0.9492,0.00241212216384939,[1. 1. 1. 1. 1.],1.0,1995.246484899521,193.85933909416198,3.0,0.1,0.9508922632426179,0.0022888309196756377,0.9492,0.00241212216384939,0.9513392703862589,0.0022498293751933305,0.9578798211131684,0.0018100253680236249,0.9487305972004897,0.0024770314302963088
526,533,9294b48c039f,2026-04-13 03:26:46,True,[0.29825    0.29291667 0.30466667 0.29816667 0.28116667],0.2950333333333333,0.007870585182253668,[1. 1. 1. 1. 1.],1.0,5823.26975979805,242.17830395698547,3.0,0.5,0.2359479130659452,0.0037751147695299445,0.2950333333333333,0.007870585182253668,0.2506575385206383,0.003942125500981509,0.6833255901133674,0.04049382460664396,0.2797688971058111,0.007489271342006892
527,534,8646eca3c4e4,2026-04-13 03:59:50,True,[0.17658333 0.17625    0.1755     0.17383333 0.17366667],0.17516666666666664,0.0012099127608587682,[1. 1. 1. 1. 1.],1.0,6322.373079061508,244.01419291496276,3.0,1.0,0.09756110628084083,0.0008017827321268273,0.17516666666666664,0.0012099127608587682,0.10800162839491767,0.0009201999608261826,0.19123667943413322,0.039991432905676354,0.1629715903107702,0.0010637258162991524
528,535,aa4d820ae01a,2026-04-13 05:31:23,True,[0.11233333 0.11241667 0.11241667 0.11233333 0.11233333],0.11236666666666666,4.082482904638861e-05,[1. 1. 1. 1. 1.],1.0,6959.495113039016,319.48364396095275,3.0,2.0,0.02020317017525385,6.598601957366764e-06,0.11236666666666666,4.082482904638861e-05,0.022701631580794874,1.5663638519085772e-05,0.011236666666666667,4.0824829046390306e-06,0.1,0.0
529,539,92c318eff3ab,2026-04-13 02:23:38,True,[0.11233333 0.11241667 0.11241667 0.11233333 0.11233333],0.11236666666666666,4.082482904638861e-05,[1. 1. 1. 1. 1.],1.0,5408.099504423141,176.50469670295715,3.0,100.0,0.02020317017525385,6.598601957366764e-06,0.11236666666666666,4.082482904638861e-05,0.022701631580794874,1.5663638519085772e-05,0.011236666666666667,4.0824829046390306e-06,0.1,0.0
530,540,2c1f5ed9071d,2026-04-12 18:27:55,True,[0.92941667 0.9305     0.92891667 0.9285     0.92891667],0.92925,0.0006892024376045211,[0.9319375  0.93208333 0.93195833 0.93279167 0.93316667],0.9323875000000001,208.98100085258483,82.68227791786194,3.0,0.0003,0.9283666812238055,0.0007122002679929833,0.92925,0.0006892024376045211,0.9290681938476524,0.0006749770526370969,0.9286557038155626,0.0007840497535698268,0.9283982165533505,0.0006682745831219028
531,541,ed2ca72b403b,2026-04-12 18:10:39,True,[0.96516667 0.96466667 0.96308333 0.96383333 0.96333333],0.9640166666666665,0.0007895146188217907,[0.97310417 0.9735625  0.97322917 0.97335417 0.97316667],0.9732833333333334,117.3450345993042,56.94109735488892,3.0,0.003,0.9636646563203122,0.0008312939447102668,0.9640166666666665,0.0007895146188217907,0.9639747068876329,0.0007924162172414551,0.9637637296806043,0.000845032600810056,0.9636521703330297,0.0008141617037882902
532,542,5099d7898489,2026-04-12 18:07:02,True,[0.97916667 0.979      0.97733333 0.97766667 0.97725   ],0.9780833333333334,0.0008299933065325665,[0.99214583 0.99208333 0.99264583 0.9923125  0.992125  ],0.9922625,105.49813418388366,50.211046648025516,3.0,0.008,0.9779186657661972,0.0008538264836386415,0.9780833333333334,0.0008299933065325665,0.9780665328083625,0.0008331295881580741,0.9779697303735985,0.0008470612775057511,0.977907587010901,0.0008517684174959664
533,543,acbc5d2ffad8,2026-04-12 18:09:14,True,[0.98258333 0.984      0.98258333 0.98233333 0.98233333],0.9827666666666666,0.0006267198558987775,[0.998375   0.9985     0.99839583 0.99825    0.99845833],0.9983958333333334,123.27602796554565,55.409509897232056,3.0,0.015,0.9826353718107986,0.0006157242216901182,0.9827666666666666,0.0006267198558987775,0.9827565777446097,0.0006281914469118605,0.9826747386288567,0.0006067474862788291,0.9826209023659424,0.0006211440021217558
534,544,09f6c1069bfd,2026-04-12 19:15:08,True,[0.9755     0.97666667 0.97491667 0.97433333 0.97366667],0.9750166666666666,0.0010252370999486449,[1. 1. 1. 1. 1.],1.0,686.008034658432,95.11697354316712,3.0,0.075,0.9749481070175563,0.001034827049133239,0.9750166666666666,0.0010252370999486449,0.9751258230508493,0.0010442662297330191,0.9753506335017452,0.001118265538608591,0.9749217019815315,0.0009853012548801082
535,545,88b37578f11d,2026-04-13 01:11:03,True,[0.83058333 0.82508333 0.82141667 0.82508333 0.81558333],0.82355,0.004943458078893533,[1. 1. 1. 1. 1.],1.0,4354.763202381134,222.97151970863342,3.0,0.15,0.849144001193989,0.004071086701020097,0.82355,0.004943458078893533,0.8511484086910898,0.003988250761998739,0.9258118462367015,0.0012383392374759627,0.8207602054467715,0.0050745629831775805
536,546,ed74cefe9f65,2026-04-13 02:29:37,True,[0.61375    0.62675    0.61841667 0.62033333 0.61483333],0.6188166666666667,0.00462463211750105,[1. 1. 1. 1. 1.],1.0,5171.233173513412,249.87174873352052,3.0,0.25,0.6596379632606052,0.0037336943066245583,0.6188166666666667,0.00462463211750105,0.6664850824960826,0.0037690457155616893,0.9112502996871712,0.001952381969573746,0.6089859130557567,0.004629965626494535
537,547,2f1627d447fc,2026-04-13 03:07:39,True,[0.18525    0.18366667 0.18433333 0.18333333 0.18216667],0.18375000000000002,0.0010274023338281604,[1. 1. 1. 1. 1.],1.0,5592.269039058685,243.9015664577484,3.0,0.75,0.10411994174835784,0.0006975924836071048,0.18375000000000002,0.0010274023338281604,0.11518537731326754,0.0007804410999553891,0.4113414333836218,0.06325756344982676,0.17068746823536263,0.0009134298115181606
538,548,7b93da722626,2026-04-13 04:45:15,True,[0.11233333 0.11241667 0.11241667 0.11233333 0.11233333],0.11236666666666666,4.082482904638861e-05,[1. 1. 1. 1. 1.],1.0,6768.907002401352,248.8814591884613,3.0,20.0,0.02020317017525385,6.598601957366764e-06,0.11236666666666666,4.082482904638861e-05,0.022701631580794874,1.5663638519085772e-05,0.011236666666666667,4.0824829046390306e-06,0.1,0.0
539,549,7dd8702cf603,2026-04-13 05:17:21,True,[0.11233333 0.11241667 0.11241667 0.11233333 0.11233333],0.11236666666666666,4.082482904638861e-05,[1. 1. 1. 1. 1.],1.0,7290.027577495575,221.40438170433043,3.0,200.0,0.02020317017525385,6.598601957366764e-06,0.11236666666666666,4.082482904638861e-05,0.022701631580794874,1.5663638519085772e-05,0.011236666666666667,4.0824829046390306e-06,0.1,0.0
540,550,5b0183846a9f,2026-04-12 19:45:40,True,[0.87491667 0.87691667 0.8765     0.87833333 0.87816667],0.8769666666666668,0.0012434271635729563,[0.8784375  0.87814583 0.87839583 0.8775625  0.87720833],0.8779499999999999,741.4159594535828,162.9268921852112,4.0,1e-05,0.8758212283834078,0.0011792131857569794,0.8769666666666668,0.0012434271635729563,0.8765872365331251,0.0012325080543085971,0.8789313146525659,0.0007304889125226241,0.8752570590574548,0.0013203999578123634
541,551,30281fb45dc7,2026-04-12 18:50:14,True,[0.92016667 0.92358333 0.91916667 0.9205     0.92108333],0.9208999999999999,0.0014789260367652545,[0.92275    0.92227083 0.9228125  0.92266667 0.92254167],0.9226083333333334,287.07312455177305,119.4019693851471,4.0,0.0001,0.9199459175238843,0.001537561312084048,0.9208999999999999,0.0014789260367652545,0.920676295918905,0.0014693272020284498,0.9203885836856294,0.0015986491720067183,0.9199989824312593,0.0015075950325977078
542,552,d391ef21db4e,2026-04-12 18:33:11,True,[0.94708333 0.94758333 0.94433333 0.94683333 0.94725   ],0.9466166666666667,0.0011673807338558283,[0.95241667 0.95245833 0.95264583 0.9524375  0.952875  ],0.9525666666666666,208.68893580436708,96.50464725494385,4.0,0.001,0.9460097545594168,0.0012150038608651184,0.9466166666666667,0.0011673807338558283,0.9465139239242222,0.0011537502508504474,0.9461977355867287,0.0012552108896839774,0.9460045997895549,0.0012359668494843759
543,553,ac57a6bd7e84,2026-04-12 18:21:32,True,[0.97516667 0.97491667 0.9735     0.97458333 0.97308333],0.97425,0.0008147937707720154,[0.98695833 0.98708333 0.98770833 0.9874375  0.9865    ],0.9871375,154.56054196357726,72.31288895606994,4.0,0.005,0.9740381091016715,0.0008466026560923747,0.97425,0.0008147937707720154,0.974227974988621,0.0008198447706723236,0.974104183782476,0.000861007892037813,0.974020824776146,0.0008212930992679803
544,554,719ac2a3a142,2026-04-12 18:22:45,True,[0.98091667 0.98125    0.98016667 0.98075    0.98016667],0.98065,0.0004262237284181508,[0.99689583 0.99695833 0.9970625  0.99702083 0.9969375 ],0.996975,160.24868803024293,76.0800543308258,4.0,0.01,0.9804963705485965,0.00043717680494736875,0.98065,0.0004262237284181508,0.980638188645484,0.0004283094582017436,0.98054080867558,0.00043656230823700427,0.9804841073305667,0.0004391495111217292
545,555,c3700a168acb,2026-04-12 18:04:23,True,[0.98475    0.98608333 0.98475    0.98441667 0.98416667],0.9848333333333332,0.000662486897145051,[0.999875   0.99995833 0.99985417 0.99983333 0.999875  ],0.9998791666666668,108.9795482635498,43.57475919723511,4.0,0.025,0.9847119284310037,0.0006467883529152398,0.9848333333333332,0.000662486897145051,0.9848262983618108,0.0006632727000619426,0.9847408438515195,0.0006596549482311593,0.984702631347559,0.0006290013365072726
546,556,c1bf652e07c6,2026-04-12 18:33:12,True,[0.98408333 0.9845     0.9835     0.98258333 0.981     ],0.9831333333333333,0.0012456591294036639,[1. 1. 1. 1. 1.],1.0,297.89219250679014,75.98271641731262,4.0,0.05,0.9830298327188924,0.0012342211397595026,0.9831333333333333,0.0012456591294036639,0.9831310977639021,0.0012527392021669506,0.9830424347150366,0.001226562322332822,0.9830589443053107,0.0012188879013849388
547,557,d44257552034,2026-04-12 20:15:04,True,[0.95316667 0.94925    0.94675    0.95016667 0.94666667],0.9492,0.00241212216384939,[1. 1. 1. 1. 1.],1.0,1306.896318435669,118.3713915348053,4.0,0.1,0.9508922632426179,0.0022888309196756377,0.9492,0.00241212216384939,0.9513392703862589,0.0022498293751933305,0.9578798211131684,0.0018100253680236249,0.9487305972004897,0.0024770314302963088
548,558,21a7066fa731,2026-04-12 22:21:35,True,[0.29825    0.29291667 0.30466667 0.29816667 0.28116667],0.2950333333333333,0.007870585182253668,[1. 1. 1. 1. 1.],1.0,2784.306908607483,127.45611505508423,4.0,0.5,0.2359479130659452,0.0037751147695299445,0.2950333333333333,0.007870585182253668,0.2506575385206383,0.003942125500981509,0.6833255901133674,0.04049382460664396,0.2797688971058111,0.007489271342006892
549,559,7049cffb1e9a,2026-04-12 23:20:03,True,[0.17658333 0.17625    0.1755     0.17383333 0.17366667],0.17516666666666664,0.0012099127608587682,[1. 1. 1. 1. 1.],1.0,3420.28622341156,138.24135723114014,4.0,1.0,0.09756110628084083,0.0008017827321268273,0.17516666666666664,0.0012099127608587682,0.10800162839491767,0.0009201999608261826,0.19123667943413322,0.039991432905676354,0.1629715903107702,0.0010637258162991524
550,560,d659bba47af1,2026-04-13 03:20:27,True,[0.11233333 0.11241667 0.11241667 0.11233333 0.11233333],0.11236666666666666,4.082482904638861e-05,[1. 1. 1. 1. 1.],1.0,6024.27269411087,192.53589339256285,4.0,2.0,0.02020317017525385,6.598601957366764e-06,0.11236666666666666,4.082482904638861e-05,0.022701631580794874,1.5663638519085772e-05,0.011236666666666667,4.0824829046390306e-06,0.1,0.0
551,561,36c5bada1f39,2026-04-13 04:04:37,True,[0.11233333 0.11241667 0.11241667 0.11233333 0.11233333],0.11236666666666666,4.082482904638861e-05,[1. 1. 1. 1. 1.],1.0,6407.536256742477,224.20147256851197,4.0,5.0,0.02020317017525385,6.598601957366764e-06,0.11236666666666666,4.082482904638861e-05,0.022701631580794874,1.5663638519085772e-05,0.011236666666666667,4.0824829046390306e-06,0.1,0.0
552,562,47f9e3c4b3c1,2026-04-13 04:50:17,True,[0.11233333 0.11241667 0.11241667 0.11233333 0.11233333],0.11236666666666666,4.082482904638861e-05,[1. 1. 1. 1. 1.],1.0,7030.3076871395115,210.1652135848999,4.0,10.0,0.02020317017525385,6.598601957366764e-06,0.11236666666666666,4.082482904638861e-05,0.022701631580794874,1.5663638519085772e-05,0.011236666666666667,4.0824829046390306e-06,0.1,0.0
553,563,861b40fe740f,2026-04-13 05:13:20,True,[0.11233333 0.11241667 0.11241667 0.11233333 0.11233333],0.11236666666666666,4.082482904638861e-05,[1. 1. 1. 1. 1.],1.0,7370.5754935741425,200.7003965854645,4.0,50.0,0.02020317017525385,6.598601957366764e-06,0.11236666666666666,4.082482904638861e-05,0.022701631580794874,1.5663638519085772e-05,0.011236666666666667,4.0824829046390306e-06,0.1,0.0
554,564,485e61eea1cf,2026-04-13 02:12:29,True,[0.11233333 0.11241667 0.11241667 0.11233333 0.11233333],0.11236666666666666,4.082482904638861e-05,[1. 1. 1. 1. 1.],1.0,5373.9553927898405,161.3779884815216,4.0,100.0,0.02020317017525385,6.598601957366764e-06,0.11236666666666666,4.082482904638861e-05,0.022701631580794874,1.5663638519085772e-05,0.011236666666666667,4.0824829046390306e-06,0.1,0.0
555,565,7aee1f87d374,2026-04-12 18:15:31,True,[0.932      0.93283333 0.931      0.93158333 0.93166667],0.9318166666666666,0.0006018490028422376,[0.93504167 0.9345625  0.93545833 0.93535417 0.93579167],0.9352416666666666,172.0902711391449,57.26492156982422,4.0,0.0003,0.930957049234402,0.0006369603177975373,0.9318166666666666,0.0006018490028422376,0.931653057894956,0.0005933694590494017,0.9312224448099823,0.0006738109387189879,0.9309873986413427,0.0006210361019029796
556,566,6eb0e471de85,2026-04-12 17:59:18,True,[0.96783333 0.96741667 0.96591667 0.96658333 0.96533333],0.9666166666666667,0.000922857879993803,[0.97675    0.97714583 0.9770625  0.97722917 0.97670833],0.9769791666666666,94.19097447395325,34.25866565704346,4.0,0.003,0.9662936424462594,0.000975623733344496,0.9666166666666667,0.000922857879993803,0.9665788178943476,0.0009321258708420732,0.9663846232103255,0.0009855082327689458,0.96627790844327,0.0009533511793779813
557,567,0baa81aba7a3,2026-04-12 17:58:14,True,[0.97975    0.97966667 0.97766667 0.97883333 0.979     ],0.9789833333333334,0.0007498147919467988,[0.99477083 0.9945     0.99483333 0.99475    0.9945625 ],0.9946833333333333,86.38598279953003,33.22548418045044,4.0,0.008,0.9788185551218085,0.00078067602455294,0.9789833333333334,0.0007498147919467988,0.9789678668547254,0.000747120172216298,0.9788716934568271,0.0007861366562601058,0.9788031127492272,0.000777301756224722
558,568,3a201dfed070,2026-04-12 18:08:31,True,[0.983      0.98441667 0.98283333 0.98283333 0.98283333],0.9831833333333334,0.0006200358412579625,[0.99904167 0.99908333 0.99910417 0.99908333 0.99935417],0.9991333333333333,117.93918385505677,51.90881314277649,4.0,0.015,0.9830523199356366,0.0006109078058064612,0.9831833333333334,0.0006200358412579625,0.9831745322238443,0.0006198896987236967,0.9830800985297403,0.0006134630630236057,0.9830483630656769,0.0006067658113234259
559,569,f95dfc0f7932,2026-04-12 19:16:18,True,[0.9755     0.97666667 0.97491667 0.97433333 0.97366667],0.9750166666666666,0.0010252370999486449,[1. 1. 1. 1. 1.],1.0,733.0054634094238,91.77833352088928,4.0,0.075,0.9749481070175563,0.001034827049133239,0.9750166666666666,0.0010252370999486449,0.9751258230508493,0.0010442662297330191,0.9753506335017452,0.001118265538608591,0.9749217019815315,0.0009853012548801082
560,570,3ede7e05c2a1,2026-04-12 23:26:49,True,[0.83058333 0.82508333 0.82141667 0.82508333 0.81558333],0.82355,0.004943458078893533,[1. 1. 1. 1. 1.],1.0,3450.9556693553923,148.68258953094482,4.0,0.15,0.849144001193989,0.004071086701020097,0.82355,0.004943458078893533,0.8511484086910898,0.003988250761998739,0.9258118462367015,0.0012383392374759627,0.8207602054467715,0.0050745629831775805
561,571,941466531d76,2026-04-13 00:39:11,True,[0.61375    0.62675    0.61841667 0.62033333 0.61483333],0.6188166666666667,0.00462463211750105,[1. 1. 1. 1. 1.],1.0,4177.156070232391,178.17407341003417,4.0,0.25,0.6596379632606052,0.0037336943066245583,0.6188166666666667,0.00462463211750105,0.6664850824960826,0.0037690457155616893,0.9112502996871712,0.001952381969573746,0.6089859130557567,0.004629965626494535
562,572,ae54151ea665,2026-04-13 01:28:47,True,[0.18525    0.18366667 0.18433333 0.18333333 0.18216667],0.18375000000000002,0.0010274023338281604,[1. 1. 1. 1. 1.],1.0,4794.943291521073,176.8551293849945,4.0,0.75,0.10411994174835784,0.0006975924836071048,0.18375000000000002,0.0010274023338281604,0.11518537731326754,0.0007804410999553891,0.4113414333836218,0.06325756344982676,0.17068746823536263,0.0009134298115181606
563,573,2f2575ff813a,2026-04-13 03:52:28,True,[0.11233333 0.11241667 0.11241667 0.11233333 0.11233333],0.11236666666666666,4.082482904638861e-05,[1. 1. 1. 1. 1.],1.0,6420.551434278488,186.72708587646486,4.0,20.0,0.02020317017525385,6.598601957366764e-06,0.11236666666666666,4.082482904638861e-05,0.022701631580794874,1.5663638519085772e-05,0.011236666666666667,4.0824829046390306e-06,0.1,0.0
564,574,bf0d8f6ebdb1,2026-04-13 03:24:07,True,[0.11233333 0.11241667 0.11241667 0.11233333 0.11233333],0.11236666666666666,4.082482904638861e-05,[1. 1. 1. 1. 1.],1.0,6137.781293392181,179.54325103759766,4.0,200.0,0.02020317017525385,6.598601957366764e-06,0.11236666666666666,4.082482904638861e-05,0.022701631580794874,1.5663638519085772e-05,0.011236666666666667,4.0824829046390306e-06,0.1,0.0
565,575,2cd12d44255f,2026-04-12 19:29:46,True,[0.883      0.88383333 0.88308333 0.88408333 0.88641667],0.8840833333333334,0.0012393994961718648,[0.88508333 0.88541667 0.885125   0.884875   0.88439583],0.8849791666666667,622.9990522384644,143.3742292881012,5.0,1e-05,0.8829418770514286,0.0011127828519498042,0.8840833333333334,0.0012393994961718648,0.8837046564273876,0.0011911673958046917,0.8853744097869664,0.0010089535864559339,0.8825823947853451,0.0012688329476530195
566,576,eccd60a837c6,2026-04-12 18:20:33,True,[0.922      0.92516667 0.92191667 0.92325    0.92225   ],0.9229166666666668,0.0012213380640374119,[0.92533333 0.92483333 0.925375   0.92514583 0.9255    ],0.9252375,184.84932990074157,68.3945996761322,5.0,0.0001,0.9219757080334678,0.0013011745391253323,0.9229166666666668,0.0012213380640374119,0.9227014689666134,0.001231604727344222,0.9223696029733952,0.001331864995539423,0.9220251165425271,0.001268528313314518
567,577,20be2005562c,2026-04-12 18:08:08,True,[0.94816667 0.94925    0.947      0.9485     0.94758333],0.9480999999999999,0.0007699206308300999,[0.95435417 0.95547917 0.95520833 0.955      0.95564583],0.9551375,119.24442448616028,50.87421984672547,5.0,0.001,0.9475001148739693,0.00084203561859063,0.9480999999999999,0.0007699206308300999,0.947998504350293,0.0007665717028590978,0.947677848553621,0.0008765857238868737,0.9474948703099436,0.0008365078044626189
568,578,67dd8542cd0a,2026-04-12 18:03:38,True,[0.9765     0.97641667 0.97483333 0.97525    0.97391667],0.9753833333333333,0.0009783773414293012,[0.98945833 0.98958333 0.98989583 0.98985417 0.98927083],0.9896125,92.03481769561768,43.368488264083865,5.0,0.005,0.9751773480484818,0.0010073777591117705,0.9753833333333333,0.0009783773414293012,0.9753606499218426,0.0009854985844113121,0.9752496867583247,0.001011005119786475,0.9751545512787922,0.0009825135335560255
569,579,b3bd6acf9e01,2026-04-12 18:04:15,True,[0.981      0.98166667 0.98091667 0.98091667 0.98083333],0.9810666666666666,0.00030459444804162793,[0.99795833 0.99797917 0.9979375  0.99785417 0.99804167],0.9979541666666666,98.51058592796326,45.953278350830075,5.0,0.01,0.9809102197650695,0.0002883927455697341,0.9810666666666666,0.00030459444804162793,0.9810545454728677,0.0003056334290568325,0.9809511574186406,0.0002788163369031927,0.9808992084795257,0.00029954179139431316
570,580,39c0b6b63b96,2026-04-12 18:28:43,True,[0.98483333 0.98625    0.98475    0.98441667 0.98425   ],0.9849,0.0007078920193864948,[0.99995833 0.99997917 0.99997917 0.99995833 0.9999375 ],0.9999625,197.8221396446228,85.10843286514282,5.0,0.025,0.9847782018343111,0.0006914695355725194,0.9849,0.0007078920193864948,0.9848929685991148,0.000708350661366409,0.9848088450684948,0.000702688632035311,0.9847675857563327,0.0006758350248177315
571,581,c44df403af7f,2026-04-12 18:58:18,True,[0.98408333 0.9845     0.9835     0.98258333 0.981     ],0.9831333333333333,0.0012456591294036639,[1. 1. 1. 1. 1.],1.0,416.13302392959594,112.04284057617187,5.0,0.05,0.9830298327188924,0.0012342211397595026,0.9831333333333333,0.0012456591294036639,0.9831310977639021,0.0012527392021669506,0.9830424347150366,0.001226562322332822,0.9830589443053107,0.0012188879013849388
572,582,0b65a0ceaf15,2026-04-12 20:47:40,True,[0.95316667 0.94925    0.94675    0.95016667 0.94666667],0.9492,0.00241212216384939,[1. 1. 1. 1. 1.],1.0,1598.9046654224396,140.67939701080323,5.0,0.1,0.9508922632426179,0.0022888309196756377,0.9492,0.00241212216384939,0.9513392703862589,0.0022498293751933305,0.9578798211131684,0.0018100253680236249,0.9487305972004897,0.0024770314302963088
573,583,5bf41753b1f6,2026-04-13 00:27:57,True,[0.29825    0.29291667 0.30466667 0.29816667 0.28116667],0.2950333333333333,0.007870585182253668,[1. 1. 1. 1. 1.],1.0,3996.2863181591033,194.54777908325195,5.0,0.5,0.2359479130659452,0.0037751147695299445,0.2950333333333333,0.007870585182253668,0.2506575385206383,0.003942125500981509,0.6833255901133674,0.04049382460664396,0.2797688971058111,0.007489271342006892
574,584,ab367c2c4173,2026-04-13 03:52:34,True,[0.17658333 0.17625    0.1755     0.17383333 0.17366667],0.17516666666666664,0.0012099127608587682,[1. 1. 1. 1. 1.],1.0,5989.126464653015,284.98694896698,5.0,1.0,0.09756110628084083,0.0008017827321268273,0.17516666666666664,0.0012099127608587682,0.10800162839491767,0.0009201999608261826,0.19123667943413322,0.039991432905676354,0.1629715903107702,0.0010637258162991524
575,585,c59fbd3a7faf,2026-04-13 03:59:40,True,[0.11233333 0.11241667 0.11241667 0.11233333 0.11233333],0.11236666666666666,4.082482904638861e-05,[1. 1. 1. 1. 1.],1.0,6152.041180658341,274.36568174362185,5.0,2.0,0.02020317017525385,6.598601957366764e-06,0.11236666666666666,4.082482904638861e-05,0.022701631580794874,1.5663638519085772e-05,0.011236666666666667,4.0824829046390306e-06,0.1,0.0
576,586,af357f5d5ed2,2026-04-13 04:27:34,True,[0.11233333 0.11241667 0.11241667 0.11233333 0.11233333],0.11236666666666666,4.082482904638861e-05,[1. 1. 1. 1. 1.],1.0,6574.97147526741,242.08839807510375,5.0,5.0,0.02020317017525385,6.598601957366764e-06,0.11236666666666666,4.082482904638861e-05,0.022701631580794874,1.5663638519085772e-05,0.011236666666666667,4.0824829046390306e-06,0.1,0.0
577,587,036dad7692cb,2026-04-13 03:03:21,True,[0.11233333 0.11241667 0.11241667 0.11233333 0.11233333],0.11236666666666666,4.082482904638861e-05,[1. 1. 1. 1. 1.],1.0,5775.75664806366,210.98184700012206,5.0,10.0,0.02020317017525385,6.598601957366764e-06,0.11236666666666666,4.082482904638861e-05,0.022701631580794874,1.5663638519085772e-05,0.011236666666666667,4.0824829046390306e-06,0.1,0.0
578,588,a477e2eb9d1b,2026-04-13 03:50:52,True,[0.11233333 0.11241667 0.11241667 0.11233333 0.11233333],0.11236666666666666,4.082482904638861e-05,[1. 1. 1. 1. 1.],1.0,6516.360347080231,172.5095221042633,5.0,50.0,0.02020317017525385,6.598601957366764e-06,0.11236666666666666,4.082482904638861e-05,0.022701631580794874,1.5663638519085772e-05,0.011236666666666667,4.0824829046390306e-06,0.1,0.0
579,589,b037b794beac,2026-04-13 03:41:50,True,[0.11233333 0.11241667 0.11241667 0.11233333 0.11233333],0.11236666666666666,4.082482904638861e-05,[1. 1. 1. 1. 1.],1.0,6360.796022558212,174.1685317993164,5.0,100.0,0.02020317017525385,6.598601957366764e-06,0.11236666666666666,4.082482904638861e-05,0.022701631580794874,1.5663638519085772e-05,0.011236666666666667,4.0824829046390306e-06,0.1,0.0
580,590,651b230d6ff0,2026-04-12 18:12:09,True,[0.93416667 0.93475    0.93291667 0.93341667 0.93308333],0.9336666666666668,0.0006912147117775896,[0.93708333 0.93683333 0.93764583 0.93783333 0.93783333],0.9374458333333333,153.37712864875795,53.63385510444641,5.0,0.0003,0.9328526114752993,0.000750153546052387,0.9336666666666668,0.0006912147117775896,0.9335206225829589,0.0006817421659909479,0.9331140545596359,0.0008073474132934285,0.9328732729538427,0.0006977364204019347
581,591,93449f6f3743,2026-04-12 18:14:00,True,[0.96983333 0.96983333 0.96783333 0.96858333 0.967     ],0.9686166666666665,0.0011125546178852486,[0.97972917 0.9794375  0.97985417 0.97975    0.97941667],0.9796374999999999,130.09734125137328,63.62039957046509,5.0,0.003,0.9683173827288305,0.0011434576981680428,0.9686166666666665,0.0011125546178852486,0.9685848185986672,0.0011202509897645825,0.9683917610874448,0.0011580839344056803,0.9683088084499376,0.0011090079761980963
582,592,ec209981345e,2026-04-12 18:12:27,True,[0.98008333 0.98008333 0.97866667 0.97983333 0.97966667],0.9796666666666667,0.0005244044240850604,[0.9961875  0.99625    0.99622917 0.99604167 0.996125  ],0.9961666666666666,121.34598569869995,59.183550119400024,5.0,0.008,0.9795056801216242,0.0005598365870984153,0.9796666666666667,0.0005244044240850604,0.9796530086468908,0.0005209507075797844,0.9795639919980402,0.0005786766878355761,0.979484231080261,0.0005478966645312412
583,593,112e100546b7,2026-04-12 18:15:12,True,[0.98316667 0.98458333 0.98316667 0.98283333 0.98283333],0.9833166666666667,0.000650640709864786,[0.999375   0.99945833 0.9995     0.9995     0.999625  ],0.9994916666666667,149.17674431800842,64.27587518692016,5.0,0.015,0.9831789068643845,0.0006351622887743868,0.9833166666666667,0.000650640709864786,0.9833082448641186,0.0006516754678172562,0.9832028227290532,0.0006413744103034821,0.9831775709534145,0.0006243499134640463
584,594,cacb0e5e7fe5,2026-04-12 19:21:54,True,[0.9755     0.97666667 0.97491667 0.97433333 0.97366667],0.9750166666666666,0.0010252370999486449,[1. 1. 1. 1. 1.],1.0,721.6562567710877,105.97364544868469,5.0,0.075,0.9749481070175563,0.001034827049133239,0.9750166666666666,0.0010252370999486449,0.9751258230508493,0.0010442662297330191,0.9753506335017452,0.001118265538608591,0.9749217019815315,0.0009853012548801082
585,595,1a818fe0e021,2026-04-12 23:20:14,True,[0.83058333 0.82508333 0.82141667 0.82508333 0.81558333],0.82355,0.004943458078893533,[1. 1. 1. 1. 1.],1.0,3295.9569442749025,161.54033994674683,5.0,0.15,0.849144001193989,0.004071086701020097,0.82355,0.004943458078893533,0.8511484086910898,0.003988250761998739,0.9258118462367015,0.0012383392374759627,0.8207602054467715,0.0050745629831775805
586,596,a0dad800df70,2026-04-13 01:20:26,True,[0.61375    0.62675    0.61841667 0.62033333 0.61483333],0.6188166666666667,0.00462463211750105,[1. 1. 1. 1. 1.],1.0,4555.415367984771,202.78657460212708,5.0,0.25,0.6596379632606052,0.0037336943066245583,0.6188166666666667,0.00462463211750105,0.6664850824960826,0.0037690457155616893,0.9112502996871712,0.001952381969573746,0.6089859130557567,0.004629965626494535
587,597,d3fa501a75d0,2026-04-13 02:33:13,True,[0.18525    0.18366667 0.18433333 0.18333333 0.18216667],0.18375000000000002,0.0010274023338281604,[1. 1. 1. 1. 1.],1.0,5468.254125404358,194.38568754196166,5.0,0.75,0.10411994174835784,0.0006975924836071048,0.18375000000000002,0.0010274023338281604,0.11518537731326754,0.0007804410999553891,0.4113414333836218,0.06325756344982676,0.17068746823536263,0.0009134298115181606
588,598,62115345fa67,2026-04-13 04:57:07,True,[0.11233333 0.11241667 0.11241667 0.11233333 0.11233333],0.11236666666666666,4.082482904638861e-05,[1. 1. 1. 1. 1.],1.0,7038.96127371788,233.1404489994049,5.0,20.0,0.02020317017525385,6.598601957366764e-06,0.11236666666666666,4.082482904638861e-05,0.022701631580794874,1.5663638519085772e-05,0.011236666666666667,4.0824829046390306e-06,0.1,0.0
589,599,d30e1f72c3e6,2026-04-13 05:06:10,True,[0.11233333 0.11241667 0.11241667 0.11233333 0.11233333],0.11236666666666666,4.082482904638861e-05,[1. 1. 1. 1. 1.],1.0,7230.847601366043,220.4763307094574,5.0,200.0,0.02020317017525385,6.598601957366764e-06,0.11236666666666666,4.082482904638861e-05,0.022701631580794874,1.5663638519085772e-05,0.011236666666666667,4.0824829046390306e-06,0.1,0.0
590,600,0d1d9c3c3010,2026-04-12 20:20:30,True,[0.88975    0.88766667 0.88725    0.88866667 0.8915    ],0.8889666666666667,0.00153351448205311,[0.88935417 0.89002083 0.8900625  0.8900625  0.889125  ],0.889725,781.9643989562989,232.20794773101807,6.0,1e-05,0.8878431514853895,0.001486088105308444,0.8889666666666667,0.00153351448205311,0.8885941993171024,0.0014854259397135315,0.889913478211563,0.0015666309188280638,0.8875799413101927,0.0016029340017407283
591,601,097cc8ed174e,2026-04-12 18:59:33,True,[0.924      0.92683333 0.92425    0.92425    0.92433333],0.9247333333333334,0.001055935604097116,[0.9274375  0.9270625  0.92695833 0.92729167 0.92741667],0.9272333333333332,300.53201365470886,137.5216817855835,6.0,0.0001,0.9237965246994932,0.001107753678619884,0.9247333333333334,0.001055935604097116,0.9245254791529474,0.0010510263612628383,0.924165294067356,0.001176813850369714,0.9238381260622919,0.0010525448046137668
592,602,239ef75be90b,2026-04-12 18:08:14,True,[0.94975    0.95075    0.9485     0.94991667 0.94941667],0.9496666666666668,0.0007302967433402094,[0.9571875  0.95752083 0.95758333 0.95735417 0.9573125 ],0.9573916666666668,112.25117058753968,52.729099321365354,6.0,0.001,0.9490913476378056,0.0008083384686236834,0.9496666666666668,0.0007302967433402094,0.9495748971844747,0.0007260799699670052,0.9492727173996487,0.0008361447621296339,0.9490698775484256,0.0008136766026886173
593,603,11f46b7951dd,2026-04-12 18:03:22,True,[0.97716667 0.9775     0.97516667 0.976      0.97533333],0.9762333333333334,0.0009463379711052281,[0.99114583 0.99141667 0.9916875  0.99160417 0.99129167],0.9914291666666667,87.5441252231598,43.81305108070374,6.0,0.005,0.9760394464103843,0.0009783709937517563,0.9762333333333334,0.0009463379711052281,0.9762117325286404,0.0009491102549178924,0.9761064721397059,0.0009824922725442447,0.9760195986959628,0.0009625041936007546
594,604,ed9fc3da3659,2026-04-12 18:04:31,True,[0.9815     0.98266667 0.981      0.98108333 0.98083333],0.9814166666666667,0.0006624868971450733,[0.99858333 0.99870833 0.9985625  0.99841667 0.99883333],0.9986208333333334,95.96002840995789,47.97021675109863,6.0,0.01,0.9812606883930239,0.0006497245858295683,0.9814166666666667,0.0006624868971450733,0.9814057961706005,0.0006640500492953774,0.9813065673934188,0.0006430358001860481,0.9812450219019633,0.0006559704430840424
595,605,de722cc99048,2026-04-12 18:18:09,True,[0.98475    0.986      0.98483333 0.98425    0.98425   ],0.9848166666666666,0.0006398784606817588,[0.99997917 0.99997917 0.99997917 0.99995833 0.99995833],0.9999708333333333,161.86408500671388,62.55910758972168,6.0,0.025,0.9846943134736424,0.0006163566175289922,0.9848166666666666,0.0006398784606817588,0.984809539144908,0.0006406133332480051,0.9847224606487837,0.0006275892041780926,0.9846859156622798,0.0006003688695692929
596,606,36b401bb9d3a,2026-04-12 18:42:52,True,[0.98408333 0.9845     0.9835     0.9825     0.981     ],0.9831166666666666,0.0012534397117975543,[1. 1. 1. 1. 1.],1.0,334.51242899894714,91.89955639839172,6.0,0.05,0.9830143248799553,0.001240657779077537,0.9831166666666666,0.0012534397117975543,0.9831143240568687,0.0012606025064071649,0.9830273911179706,0.0012333806292949485,0.9830429826133713,0.0012251465787435029
597,607,609e84e60f58,2026-04-12 20:10:37,True,[0.95316667 0.94925    0.94675    0.95016667 0.94666667],0.9492,0.00241212216384939,[1. 1. 1. 1. 1.],1.0,1295.2964678287506,118.38784728050231,6.0,0.1,0.9508922632426179,0.0022888309196756377,0.9492,0.00241212216384939,0.9513392703862589,0.0022498293751933305,0.9578798211131684,0.0018100253680236249,0.9487305972004897,0.0024770314302963088
598,608,fea384c38d00,2026-04-13 01:48:16,True,[0.29825    0.29291667 0.30466667 0.29816667 0.28116667],0.2950333333333333,0.007870585182253668,[1. 1. 1. 1. 1.],1.0,4951.742956018448,189.10214471817017,6.0,0.5,0.2359479130659452,0.0037751147695299445,0.2950333333333333,0.007870585182253668,0.2506575385206383,0.003942125500981509,0.6833255901133674,0.04049382460664396,0.2797688971058111,0.007489271342006892
599,609,b3c564de0134,2026-04-13 04:25:36,True,[0.17658333 0.17625    0.1755     0.17383333 0.17366667],0.17516666666666664,0.0012099127608587682,[1. 1. 1. 1. 1.],1.0,6380.666838550567,281.09905910491943,6.0,1.0,0.09756110628084083,0.0008017827321268273,0.17516666666666664,0.0012099127608587682,0.10800162839491767,0.0009201999608261826,0.19123667943413322,0.039991432905676354,0.1629715903107702,0.0010637258162991524
600,610,478972c0c588,2026-04-13 04:33:17,True,[0.11233333 0.11241667 0.11241667 0.11233333 0.11233333],0.11236666666666666,4.082482904638861e-05,[1. 1. 1. 1. 1.],1.0,6519.358851146698,282.292032957077,6.0,2.0,0.02020317017525385,6.598601957366764e-06,0.11236666666666666,4.082482904638861e-05,0.022701631580794874,1.5663638519085772e-05,0.011236666666666667,4.0824829046390306e-06,0.1,0.0
601,611,bfb2d9e1c780,2026-04-13 05:02:17,True,[0.11233333 0.11241667 0.11241667 0.11233333 0.11233333],0.11236666666666666,4.082482904638861e-05,[1. 1. 1. 1. 1.],1.0,6889.412562036514,270.42143697738646,6.0,5.0,0.02020317017525385,6.598601957366764e-06,0.11236666666666666,4.082482904638861e-05,0.022701631580794874,1.5663638519085772e-05,0.011236666666666667,4.0824829046390306e-06,0.1,0.0
602,612,421d9c1cf8d3,2026-04-13 04:35:07,True,[0.11233333 0.11241667 0.11241667 0.11233333 0.11233333],0.11236666666666666,4.082482904638861e-05,[1. 1. 1. 1. 1.],1.0,6857.577747154236,221.63842334747315,6.0,10.0,0.02020317017525385,6.598601957366764e-06,0.11236666666666666,4.082482904638861e-05,0.022701631580794874,1.5663638519085772e-05,0.011236666666666667,4.0824829046390306e-06,0.1,0.0
603,613,6520af76b0cb,2026-04-13 04:26:37,True,[0.11233333 0.11241667 0.11241667 0.11233333 0.11233333],0.11236666666666666,4.082482904638861e-05,[1. 1. 1. 1. 1.],1.0,6813.55302438736,185.82715001106263,6.0,50.0,0.02020317017525385,6.598601957366764e-06,0.11236666666666666,4.082482904638861e-05,0.022701631580794874,1.5663638519085772e-05,0.011236666666666667,4.0824829046390306e-06,0.1,0.0
604,614,a522535aa9e9,2026-04-13 02:00:22,True,[0.11233333 0.11241667 0.11241667 0.11233333 0.11233333],0.11236666666666666,4.082482904638861e-05,[1. 1. 1. 1. 1.],1.0,5121.744578933716,183.9588182449341,6.0,100.0,0.02020317017525385,6.598601957366764e-06,0.11236666666666666,4.082482904638861e-05,0.022701631580794874,1.5663638519085772e-05,0.011236666666666667,4.0824829046390306e-06,0.1,0.0
605,615,d8c9d180440d,2026-04-12 18:06:06,True,[0.93541667 0.937      0.93325    0.935      0.93383333],0.9349000000000001,0.0013074572438303656,[0.9389375  0.93875    0.9391875  0.93935417 0.93947917],0.9391416666666667,109.0589858531952,49.999029111862185,6.0,0.0003,0.9341100016366666,0.0013913202418946865,0.9349000000000001,0.0013074572438303656,0.9347551773402643,0.0013050507752919234,0.9343752883501859,0.0014518417827397367,0.9341119575553181,0.001350587592547246
606,616,4ac8ab4813b5,2026-04-12 18:02:02,True,[0.97091667 0.97083333 0.96875    0.9695     0.968     ],0.9696,0.0011443095929181267,[0.9818125  0.98133333 0.98222917 0.98195833 0.9813125 ],0.9817291666666668,88.2476194858551,41.8801353931427,6.0,0.003,0.9693164730995104,0.0011628648601348835,0.9696,0.0011443095929181267,0.969568726187104,0.0011540940136986763,0.9693948476993824,0.0011697495295969898,0.9693026821234614,0.0011351578405959571
607,617,f62973e77e6d,2026-04-12 17:55:20,True,[0.97991667 0.9805     0.97941667 0.98025    0.98016667],0.98005,0.00036742346141746345,[0.99720833 0.99727083 0.9973125  0.99729167 0.99714583],0.9972458333333334,77.39001317024231,26.999985265731812,6.0,0.008,0.9798832529059267,0.00039742551316468167,0.98005,0.00036742346141746345,0.9800381548202666,0.00036215183749711,0.9799302803330343,0.00040790771491578336,0.9798710415321201,0.0003948279001728823
608,618,a81a34e0c92d,2026-04-12 17:57:24,True,[0.98316667 0.9845     0.98316667 0.98308333 0.98283333],0.9833500000000001,0.0005878397362849687,[0.99975    0.9996875  0.99966667 0.99964583 0.99977083],0.9997041666666668,93.39694056510925,31.159124422073365,6.0,0.015,0.9832099916745675,0.000577436705251825,0.9833500000000001,0.0005878397362849687,0.9833415090856443,0.000589098999841625,0.9832337462888697,0.0005842726867776398,0.9832096287596219,0.0005663137622842813
609,619,dd37aa956823,2026-04-12 19:42:06,True,[0.9755     0.97666667 0.97491667 0.97433333 0.97366667],0.9750166666666666,0.0010252370999486449,[1. 1. 1. 1. 1.],1.0,813.2863624572753,137.73415832519532,6.0,0.075,0.9749481070175563,0.001034827049133239,0.9750166666666666,0.0010252370999486449,0.9751258230508493,0.0010442662297330191,0.9753506335017452,0.001118265538608591,0.9749217019815315,0.0009853012548801082
610,620,fbd5c5116b6a,2026-04-12 22:03:47,True,[0.83058333 0.82508333 0.82141667 0.82508333 0.81558333],0.82355,0.004943458078893533,[1. 1. 1. 1. 1.],1.0,2628.6471894741057,114.78593773841858,6.0,0.15,0.849144001193989,0.004071086701020097,0.82355,0.004943458078893533,0.8511484086910898,0.003988250761998739,0.9258118462367015,0.0012383392374759627,0.8207602054467715,0.0050745629831775805
611,621,a4111326ad42,2026-04-13 01:13:20,True,[0.61375    0.62675    0.61841667 0.62033333 0.61483333],0.6188166666666667,0.00462463211750105,[1. 1. 1. 1. 1.],1.0,4265.324602842331,241.3774841308594,6.0,0.25,0.6596379632606052,0.0037336943066245583,0.6188166666666667,0.00462463211750105,0.6664850824960826,0.0037690457155616893,0.9112502996871712,0.001952381969573746,0.6089859130557567,0.004629965626494535
612,622,8fc1f68f79c1,2026-04-13 02:44:14,True,[0.18525    0.18366667 0.18433333 0.18333333 0.18216667],0.18375000000000002,0.0010274023338281604,[1. 1. 1. 1. 1.],1.0,5405.683585834503,235.45187582969666,6.0,0.75,0.10411994174835784,0.0006975924836071048,0.18375000000000002,0.0010274023338281604,0.11518537731326754,0.0007804410999553891,0.4113414333836218,0.06325756344982676,0.17068746823536263,0.0009134298115181606
613,623,d991b0e23983,2026-04-13 04:32:24,True,[0.11233333 0.11241667 0.11241667 0.11233333 0.11233333],0.11236666666666666,4.082482904638861e-05,[1. 1. 1. 1. 1.],1.0,6741.35044670105,224.07784452438355,6.0,20.0,0.02020317017525385,6.598601957366764e-06,0.11236666666666666,4.082482904638861e-05,0.022701631580794874,1.5663638519085772e-05,0.011236666666666667,4.0824829046390306e-06,0.1,0.0
614,624,880f78bca054,2026-04-13 03:17:06,True,[0.11233333 0.11241667 0.11241667 0.11233333 0.11233333],0.11236666666666666,4.082482904638861e-05,[1. 1. 1. 1. 1.],1.0,6107.279107093811,173.01343460083007,6.0,200.0,0.02020317017525385,6.598601957366764e-06,0.11236666666666666,4.082482904638861e-05,0.022701631580794874,1.5663638519085772e-05,0.011236666666666667,4.0824829046390306e-06,0.1,0.0
615,625,1c0eae7ba233,2026-04-12 19:24:15,True,[0.89291667 0.89166667 0.89083333 0.89275    0.89441667],0.8925166666666667,0.0012149531312404844,[0.89329167 0.89345833 0.89402083 0.89329167 0.893     ],0.8934124999999999,579.9883865356445,147.42416248321533,7.0,1e-05,0.8913889032070831,0.00116865080663738,0.8925166666666667,0.0012149531312404844,0.8921363901045467,0.001162037596458117,0.8931512422792537,0.001224216129557888,0.8912087224478829,0.0012903919784182127
616,626,828e18ae2bdb,2026-04-12 18:42:03,True,[0.92558333 0.92825    0.92591667 0.92591667 0.92583333],0.9263,0.000982626864865585,[0.92852083 0.92883333 0.92827083 0.929      0.9290625 ],0.9287374999999999,248.5053099155426,108.16876373291015,7.0,0.0001,0.9253704669275606,0.001028740965851671,0.9263,0.000982626864865585,0.9260964586135152,0.0009843391203463302,0.9257109398649911,0.001088154255830492,0.9254165212476287,0.0009724107465170515
617,627,0706764645dd,2026-04-12 18:17:14,True,[0.95108333 0.952      0.95025    0.95133333 0.95091667],0.9511166666666668,0.000569112369298776,[0.95883333 0.95945833 0.95977083 0.9589375  0.95954167],0.9593083333333332,134.53799624443053,68.46670203208923,7.0,0.001,0.950547444846895,0.0006231339626954319,0.9511166666666668,0.000569112369298776,0.9510245762579423,0.0005667027748561629,0.9507236365708056,0.0006349597271960202,0.9505287776218403,0.0006388633224300909
618,628,a5bd04d730e3,2026-04-12 17:55:42,True,[0.97833333 0.97825    0.97566667 0.97625    0.97683333],0.9770666666666665,0.0010664062182030988,[0.99285417 0.99272917 0.99335417 0.9928125  0.99291667],0.9929333333333334,75.8696002483368,27.586448097229002,7.0,0.005,0.9768797234231892,0.0010933481511232201,0.9770666666666665,0.0010664062182030988,0.9770483267990343,0.0010637487315310829,0.9769415052210924,0.0011043439313489977,0.9768596824647442,0.0010834355014747983
619,629,c879d0287ca6,2026-04-12 17:56:35,True,[0.98158333 0.98266667 0.98108333 0.98116667 0.98108333],0.9815166666666666,0.0006041522986797491,[0.99895833 0.99895833 0.9989375  0.9989375  0.99925   ],0.9990083333333333,83.08823828697204,30.77654285430908,7.0,0.01,0.981365537092598,0.0005971207177377239,0.9815166666666666,0.0006041522986797491,0.9815062386638267,0.0006049557884251164,0.9814108889264113,0.0005947265575316803,0.981348640896071,0.000598925527744075
620,630,08f155f3a38d,2026-04-12 18:02:42,True,[0.98475    0.986      0.98483333 0.98433333 0.98425   ],0.9848333333333332,0.0006258327785172972,[0.99997917 0.99997917 0.99997917 1.         0.99997917],0.9999833333333333,116.39148716926574,39.03194990158081,7.0,0.025,0.9847088923527145,0.0006044687444957256,0.9848333333333332,0.0006258327785172972,0.9848263368025817,0.0006264683290316224,0.9847351288101912,0.000616825853355714,0.9847019123110007,0.0005873473251758498
621,631,bd3ee623f005,2026-04-12 18:29:25,True,[0.98408333 0.9845     0.9835     0.9825     0.981     ],0.9831166666666666,0.0012534397117975543,[1. 1. 1. 1. 1.],1.0,307.36809906959536,64.8306227684021,7.0,0.05,0.9830143248799553,0.001240657779077537,0.9831166666666666,0.0012534397117975543,0.9831143240568687,0.0012606025064071649,0.9830273911179706,0.0012333806292949485,0.9830429826133713,0.0012251465787435029
622,632,0022bcdac879,2026-04-12 19:51:38,True,[0.95316667 0.94925    0.94675    0.95016667 0.94666667],0.9492,0.00241212216384939,[1. 1. 1. 1. 1.],1.0,1074.0846659183503,109.34564847946167,7.0,0.1,0.9508922632426179,0.0022888309196756377,0.9492,0.00241212216384939,0.9513392703862589,0.0022498293751933305,0.9578798211131684,0.0018100253680236249,0.9487305972004897,0.0024770314302963088
623,633,35541a439357,2026-04-12 23:20:47,True,[0.29825    0.29291667 0.30466667 0.29816667 0.28116667],0.2950333333333333,0.007870585182253668,[1. 1. 1. 1. 1.],1.0,3420.4492485046385,133.04194192886354,7.0,0.5,0.2359479130659452,0.0037751147695299445,0.2950333333333333,0.007870585182253668,0.2506575385206383,0.003942125500981509,0.6833255901133674,0.04049382460664396,0.2797688971058111,0.007489271342006892
624,634,e68c3b8f515f,2026-04-12 23:53:06,True,[0.17658333 0.17625    0.1755     0.17383333 0.17366667],0.17516666666666664,0.0012099127608587682,[1. 1. 1. 1. 1.],1.0,3698.9345737457274,160.18230133056642,7.0,1.0,0.09756110628084083,0.0008017827321268273,0.17516666666666664,0.0012099127608587682,0.10800162839491767,0.0009201999608261826,0.19123667943413322,0.039991432905676354,0.1629715903107702,0.0010637258162991524
625,635,ba46855797f1,2026-04-13 04:31:44,True,[0.11233333 0.11241667 0.11241667 0.11233333 0.11233333],0.11236666666666666,4.082482904638861e-05,[1. 1. 1. 1. 1.],1.0,6298.570169496536,310.29625539779664,7.0,2.0,0.02020317017525385,6.598601957366764e-06,0.11236666666666666,4.082482904638861e-05,0.022701631580794874,1.5663638519085772e-05,0.011236666666666667,4.0824829046390306e-06,0.1,0.0
626,636,bb37b982c92b,2026-04-13 05:26:04,True,[0.11233333 0.11241667 0.11241667 0.11233333 0.11233333],0.11236666666666666,4.082482904638861e-05,[1. 1. 1. 1. 1.],1.0,7001.671872138977,306.29246950149536,7.0,5.0,0.02020317017525385,6.598601957366764e-06,0.11236666666666666,4.082482904638861e-05,0.022701631580794874,1.5663638519085772e-05,0.011236666666666667,4.0824829046390306e-06,0.1,0.0
627,639,6800b894cb9a,2026-04-13 03:03:56,True,[0.11233333 0.11241667 0.11241667 0.11233333 0.11233333],0.11236666666666666,4.082482904638861e-05,[1. 1. 1. 1. 1.],1.0,5843.420231580734,192.7976372241974,7.0,100.0,0.02020317017525385,6.598601957366764e-06,0.11236666666666666,4.082482904638861e-05,0.022701631580794874,1.5663638519085772e-05,0.011236666666666667,4.0824829046390306e-06,0.1,0.0
628,640,263463befe4b,2026-04-12 18:03:23,True,[0.93633333 0.93883333 0.93458333 0.937      0.93541667],0.9364333333333335,0.0014523926619356173,[0.94047917 0.94014583 0.94077083 0.94077083 0.9411875 ],0.9406708333333332,96.34086022377014,43.509301042556764,7.0,0.0003,0.9356647203300625,0.0015470581863147332,0.9364333333333335,0.0014523926619356173,0.9362919162868181,0.001452123560956552,0.935918489111781,0.0016234504493359881,0.9356701920618098,0.00149775190783245
629,641,ba3110af4f58,2026-04-12 18:07:19,True,[0.97183333 0.97091667 0.97033333 0.97008333 0.96933333],0.9705,0.0008383184226639377,[0.98329167 0.9831875  0.98397917 0.9836875  0.98297917],0.9834250000000001,103.04490003585815,52.8686963558197,7.0,0.003,0.9702276767771192,0.0008545791239896476,0.9705,0.0008383184226639377,0.9704708757305454,0.0008480277285734339,0.9703160452271812,0.0008534062518147778,0.9702028921508287,0.0008339911604898639
630,642,317090fceeb0,2026-04-12 18:07:08,True,[0.98       0.98041667 0.9795     0.98058333 0.98058333],0.9802166666666668,0.00041699986677323054,[0.99791667 0.99797917 0.997875   0.99789583 0.99795833],0.9979250000000001,102.14997081756592,51.55128841400146,7.0,0.008,0.9800486490176585,0.00046022919426674856,0.9802166666666668,0.00041699986677323054,0.9802044066881181,0.00041045977728570917,0.9801004098605199,0.0004768773233556587,0.9800283098741895,0.00045243095882141276
631,643,812a381b9bce,2026-04-12 18:09:45,True,[0.98333333 0.9845     0.98316667 0.98291667 0.98275   ],0.9833333333333334,0.0006168918507774077,[0.99979167 0.99985417 0.99979167 0.99975    0.99983333],0.9998041666666667,124.90621414184571,53.96216812133789,7.0,0.015,0.9831903959187608,0.0005990206228293411,0.9833333333333334,0.0006168918507774077,0.9833248579978386,0.0006182264403108884,0.9832186965348878,0.0006056508804912975,0.9831846399362224,0.000588897024268644
632,644,aded509b7d60,2026-04-12 19:01:45,True,[0.9755     0.97666667 0.97491667 0.97433333 0.97366667],0.9750166666666666,0.0010252370999486449,[1. 1. 1. 1. 1.],1.0,554.9243614196778,89.48743705749511,7.0,0.075,0.9749481070175563,0.001034827049133239,0.9750166666666666,0.0010252370999486449,0.9751258230508493,0.0010442662297330191,0.9753506335017452,0.001118265538608591,0.9749217019815315,0.0009853012548801082
633,645,a4c8d626a879,2026-04-12 22:48:07,True,[0.83058333 0.82508333 0.82141667 0.82508333 0.81558333],0.82355,0.004943458078893533,[1. 1. 1. 1. 1.],1.0,3085.0358369350433,135.74536633491516,7.0,0.15,0.849144001193989,0.004071086701020097,0.82355,0.004943458078893533,0.8511484086910898,0.003988250761998739,0.9258118462367015,0.0012383392374759627,0.8207602054467715,0.0050745629831775805
634,646,5a872932e300,2026-04-12 23:01:59,True,[0.61375    0.62675    0.61841667 0.62033333 0.61483333],0.6188166666666667,0.00462463211750105,[1. 1. 1. 1. 1.],1.0,3185.690817832947,144.9117347240448,7.0,0.25,0.6596379632606052,0.0037336943066245583,0.6188166666666667,0.00462463211750105,0.6664850824960826,0.0037690457155616893,0.9112502996871712,0.001952381969573746,0.6089859130557567,0.004629965626494535
635,647,e87f28c4360a,2026-04-13 00:06:55,True,[0.18525    0.18366667 0.18433333 0.18333333 0.18216667],0.18375000000000002,0.0010274023338281604,[1. 1. 1. 1. 1.],1.0,3873.6901535511015,160.32064027786254,7.0,0.75,0.10411994174835784,0.0006975924836071048,0.18375000000000002,0.0010274023338281604,0.11518537731326754,0.0007804410999553891,0.4113414333836218,0.06325756344982676,0.17068746823536263,0.0009134298115181606
636,648,3032d4ce254b,2026-04-13 02:27:40,True,[0.11233333 0.11241667 0.11241667 0.11233333 0.11233333],0.11236666666666666,4.082482904638861e-05,[1. 1. 1. 1. 1.],1.0,5429.912533044815,178.94916620254517,7.0,20.0,0.02020317017525385,6.598601957366764e-06,0.11236666666666666,4.082482904638861e-05,0.022701631580794874,1.5663638519085772e-05,0.011236666666666667,4.0824829046390306e-06,0.1,0.0
637,649,8100f9b9f0f8,2026-04-13 02:36:21,True,[0.11233333 0.11241667 0.11241667 0.11233333 0.11233333],0.11236666666666666,4.082482904638861e-05,[1. 1. 1. 1. 1.],1.0,5561.478130292892,188.3669906616211,7.0,200.0,0.02020317017525385,6.598601957366764e-06,0.11236666666666666,4.082482904638861e-05,0.022701631580794874,1.5663638519085772e-05,0.011236666666666667,4.0824829046390306e-06,0.1,0.0
638,650,a139c4e3b84d,2026-04-12 18:56:32,True,[0.89516667 0.89491667 0.89316667 0.89583333 0.89741667],0.8953000000000001,0.0013769935043823171,[0.89645833 0.89664583 0.897      0.89633333 0.8958125 ],0.8964500000000001,426.36016726493835,105.85769414901733,8.0,1e-05,0.894180233695238,0.0013445403328904155,0.8953000000000001,0.0013769935043823171,0.8949327460444556,0.0013452552688138215,0.8957691028400608,0.001369619477726516,0.8940426465828997,0.0014593898589240896
639,651,52fd7cfda46d,2026-04-12 18:19:45,True,[0.92666667 0.92883333 0.92708333 0.92675    0.92733333],0.9273333333333333,0.0007870479302078306,[0.92995833 0.9298125  0.92935417 0.930375   0.93052083],0.9300041666666667,184.70822739601135,64.06627869606018,8.0,0.0001,0.9264068108628145,0.000806647071307166,0.9273333333333333,0.0007870479302078306,0.9271363301381227,0.0007865526388324619,0.9267293055131427,0.000858550686251057,0.9264475472465442,0.0007866424781940756
640,652,ac8bf2278b6d,2026-04-12 18:00:17,True,[0.95225    0.952      0.95083333 0.95266667 0.95175   ],0.9519,0.0006132789830991482,[0.96008333 0.96114583 0.96129167 0.9601875  0.9613125 ],0.9608041666666667,95.46849074363709,36.05852556228638,8.0,0.001,0.9513362275926914,0.0006746023177025721,0.9519,0.0006132789830991482,0.9518158976587202,0.0006134728598563709,0.9515127854562003,0.0006781956318323387,0.9513109961050157,0.0007007666236779415
641,653,ecfeac591ea8,2026-04-12 17:56:23,True,[0.978      0.978      0.97525    0.97708333 0.977     ],0.9770666666666667,0.0010047111248734466,[0.9936875  0.99375    0.994375   0.99404167 0.994     ],0.9939708333333334,78.34975776672363,30.832956790924072,8.0,0.005,0.9768759267280286,0.0010367405995506196,0.9770666666666667,0.0010047111248734466,0.9770492984023234,0.0009988017872455764,0.9769368543028758,0.0010491518403360784,0.9768569140361059,0.0010278796483444753
642,654,375ba0f4a85b,2026-04-12 17:56:11,True,[0.98175    0.98283333 0.98083333 0.9815     0.98133333],0.9816499999999999,0.0006633249580710845,[0.99910417 0.9991875  0.9991875  0.99916667 0.9994375 ],0.9992166666666666,74.32417755126953,31.183808040618896,8.0,0.01,0.9814966908946223,0.0006632472063297842,0.9816499999999999,0.0006633249580710845,0.9816403908264728,0.00066204566892098,0.9815362468788699,0.0006607377528681055,0.9814864785938269,0.0006705497348777496
643,655,82eb85c9f351,2026-04-12 18:07:02,True,[0.98475    0.98591667 0.98483333 0.98433333 0.98425   ],0.9848166666666668,0.000594885609919173,[1.         0.99997917 1.         1.         1.        ],0.9999958333333334,134.5937086582184,44.96252470016479,8.0,0.025,0.9846924122296261,0.0005733794812032815,0.9848166666666668,0.000594885609919173,0.984809579866203,0.0005954503523835019,0.9847190862901835,0.0005865247510396926,0.9846851055883116,0.0005555783858443553
644,656,2e5485e08d7c,2026-04-12 18:34:58,True,[0.98408333 0.9845     0.9835     0.9825     0.981     ],0.9831166666666666,0.0012534397117975543,[1. 1. 1. 1. 1.],1.0,341.6657987594605,70.20846166610718,8.0,0.05,0.9830143248799553,0.001240657779077537,0.9831166666666666,0.0012534397117975543,0.9831143240568687,0.0012606025064071649,0.9830273911179706,0.0012333806292949485,0.9830429826133713,0.0012251465787435029
645,657,59b0b3b52385,2026-04-12 20:20:09,True,[0.95316667 0.94925    0.94675    0.95016667 0.94666667],0.9492,0.00241212216384939,[1. 1. 1. 1. 1.],1.0,1441.621913433075,103.44678382873535,8.0,0.1,0.9508922632426179,0.0022888309196756377,0.9492,0.00241212216384939,0.9513392703862589,0.0022498293751933305,0.9578798211131684,0.0018100253680236249,0.9487305972004897,0.0024770314302963088
646,658,bd3f74cd075a,2026-04-12 22:49:15,True,[0.29825    0.29291667 0.30466667 0.29816667 0.28116667],0.2950333333333333,0.007870585182253668,[1. 1. 1. 1. 1.],1.0,3114.044649219513,123.32599029541015,8.0,0.5,0.2359479130659452,0.0037751147695299445,0.2950333333333333,0.007870585182253668,0.2506575385206383,0.003942125500981509,0.6833255901133674,0.04049382460664396,0.2797688971058111,0.007489271342006892
647,659,a3a6ae861b1f,2026-04-13 00:25:10,True,[0.17658333 0.17625    0.1755     0.17383333 0.17366667],0.17516666666666664,0.0012099127608587682,[1. 1. 1. 1. 1.],1.0,4114.896836280823,161.59255876541138,8.0,1.0,0.09756110628084083,0.0008017827321268273,0.17516666666666664,0.0012099127608587682,0.10800162839491767,0.0009201999608261826,0.19123667943413322,0.039991432905676354,0.1629715903107702,0.0010637258162991524
648,660,af9ce1fd062a,2026-04-13 00:34:37,True,[0.11233333 0.11241667 0.11241667 0.11233333 0.11233333],0.11236666666666666,4.082482904638861e-05,[1. 1. 1. 1. 1.],1.0,4184.105792951584,166.28355388641359,8.0,2.0,0.02020317017525385,6.598601957366764e-06,0.11236666666666666,4.082482904638861e-05,0.022701631580794874,1.5663638519085772e-05,0.011236666666666667,4.0824829046390306e-06,0.1,0.0
649,661,850e13f8c1fd,2026-04-13 00:41:45,True,[0.11233333 0.11241667 0.11241667 0.11233333 0.11233333],0.11236666666666666,4.082482904638861e-05,[1. 1. 1. 1. 1.],1.0,4362.995944213867,146.0569396018982,8.0,5.0,0.02020317017525385,6.598601957366764e-06,0.11236666666666666,4.082482904638861e-05,0.022701631580794874,1.5663638519085772e-05,0.011236666666666667,4.0824829046390306e-06,0.1,0.0
650,662,a58eae93ea67,2026-04-13 04:45:26,True,[0.11233333 0.11241667 0.11241667 0.11233333 0.11233333],0.11236666666666666,4.082482904638861e-05,[1. 1. 1. 1. 1.],1.0,6817.018484449387,239.05331845283507,8.0,10.0,0.02020317017525385,6.598601957366764e-06,0.11236666666666666,4.082482904638861e-05,0.022701631580794874,1.5663638519085772e-05,0.011236666666666667,4.0824829046390306e-06,0.1,0.0
651,663,ca2f1643a9ce,2026-04-13 05:04:29,True,[0.11233333 0.11241667 0.11241667 0.11233333 0.11233333],0.11236666666666666,4.082482904638861e-05,[1. 1. 1. 1. 1.],1.0,7117.080559635162,231.11457562446594,8.0,50.0,0.02020317017525385,6.598601957366764e-06,0.11236666666666666,4.082482904638861e-05,0.022701631580794874,1.5663638519085772e-05,0.011236666666666667,4.0824829046390306e-06,0.1,0.0
652,664,9c6e221243b6,2026-04-13 05:09:42,True,[0.11233333 0.11241667 0.11241667 0.11233333 0.11233333],0.11236666666666666,4.082482904638861e-05,[1. 1. 1. 1. 1.],1.0,7197.415819501877,221.66590390205383,8.0,100.0,0.02020317017525385,6.598601957366764e-06,0.11236666666666666,4.082482904638861e-05,0.022701631580794874,1.5663638519085772e-05,0.011236666666666667,4.0824829046390306e-06,0.1,0.0
653,665,37da4bd924b3,2026-04-12 18:25:55,True,[0.93766667 0.93941667 0.9355     0.93833333 0.937     ],0.9375833333333334,0.0013123346456686358,[0.94220833 0.94129167 0.94225    0.942      0.94204167],0.9419583333333333,206.85659790039062,71.57979617118835,8.0,0.0003,0.9368388835094985,0.001404083030504571,0.9375833333333334,0.0013123346456686358,0.937449257557995,0.0013099682094743507,0.9370818770473373,0.0014868732190460917,0.9368412524275028,0.0013645043732584301
654,666,9553fb156a94,2026-04-12 17:58:51,True,[0.97258333 0.9725     0.97066667 0.97066667 0.96941667],0.9711666666666667,0.001212206436397878,[0.9845625  0.984875   0.98527083 0.9851875  0.98422917],0.9848250000000001,83.14663920402526,35.81550831794739,8.0,0.003,0.9709114652112533,0.0012320474607017621,0.9711666666666667,0.001212206436397878,0.9711400319541126,0.0012195314010060394,0.970997357725065,0.0012290789175107004,0.9708889557890537,0.0012154169185557024
655,667,0cd6db5174d7,2026-04-12 18:04:29,True,[0.98025    0.98125    0.98008333 0.98083333 0.9805    ],0.9805833333333334,0.000418330013267036,[0.998375   0.99854167 0.99841667 0.99822917 0.99854167],0.9984208333333333,93.9186327457428,45.57031335830688,8.0,0.008,0.9804229280464444,0.000432739746336601,0.9805833333333334,0.000418330013267036,0.9805718763923696,0.00041415935758875515,0.9804713568267747,0.00043783482087969707,0.9804058405310487,0.00043171036990394626
656,668,f7cab8137390,2026-04-12 18:08:07,True,[0.98341667 0.98466667 0.98325    0.98283333 0.98258333],0.9833500000000001,0.000721495360730449,[0.99985417 0.9999375  0.99983333 0.999875   0.999875  ],0.999875,113.99839100837707,50.63142576217651,8.0,0.015,0.9832046852889691,0.0007013105754142514,0.9833500000000001,0.000721495360730449,0.9833415706991028,0.0007235527567837172,0.9832315320684473,0.0007057844590387119,0.983200980027638,0.0006921532417158168
657,669,49a10371c4d1,2026-04-12 19:32:03,True,[0.9755     0.97666667 0.97491667 0.97433333 0.97366667],0.9750166666666666,0.0010252370999486449,[1. 1. 1. 1. 1.],1.0,792.2382367134094,112.47329759597778,8.0,0.075,0.9749481070175563,0.001034827049133239,0.9750166666666666,0.0010252370999486449,0.9751258230508493,0.0010442662297330191,0.9753506335017452,0.001118265538608591,0.9749217019815315,0.0009853012548801082
658,670,d5ee9c01bbc6,2026-04-13 00:33:01,True,[0.83058333 0.82508333 0.82141667 0.82508333 0.81558333],0.82355,0.004943458078893533,[1. 1. 1. 1. 1.],1.0,4019.30190281868,188.6779242038727,8.0,0.15,0.849144001193989,0.004071086701020097,0.82355,0.004943458078893533,0.8511484086910898,0.003988250761998739,0.9258118462367015,0.0012383392374759627,0.8207602054467715,0.0050745629831775805
659,671,30f9b730b7b9,2026-04-13 01:34:03,True,[0.61375    0.62675    0.61841667 0.62033333 0.61483333],0.6188166666666667,0.00462463211750105,[1. 1. 1. 1. 1.],1.0,4618.226474666595,220.96562504768372,8.0,0.25,0.6596379632606052,0.0037336943066245583,0.6188166666666667,0.00462463211750105,0.6664850824960826,0.0037690457155616893,0.9112502996871712,0.001952381969573746,0.6089859130557567,0.004629965626494535
660,672,c092d1eb574a,2026-04-13 03:21:56,True,[0.18525    0.18366667 0.18433333 0.18333333 0.18216667],0.18375000000000002,0.0010274023338281604,[1. 1. 1. 1. 1.],1.0,5938.587534189224,221.25705032348634,8.0,0.75,0.10411994174835784,0.0006975924836071048,0.18375000000000002,0.0010274023338281604,0.11518537731326754,0.0007804410999553891,0.4113414333836218,0.06325756344982676,0.17068746823536263,0.0009134298115181606
661,673,ad0da92d8298,2026-04-13 04:41:15,True,[0.11233333 0.11241667 0.11241667 0.11233333 0.11233333],0.11236666666666666,4.082482904638861e-05,[1. 1. 1. 1. 1.],1.0,6897.600152492523,212.53778166770934,8.0,20.0,0.02020317017525385,6.598601957366764e-06,0.11236666666666666,4.082482904638861e-05,0.022701631580794874,1.5663638519085772e-05,0.011236666666666667,4.0824829046390306e-06,0.1,0.0
662,674,ceb4aa369c7a,2026-04-13 01:59:36,True,[0.11233333 0.11241667 0.11241667 0.11233333 0.11233333],0.11236666666666666,4.082482904638861e-05,[1. 1. 1. 1. 1.],1.0,5136.408867883682,181.5210099220276,8.0,200.0,0.02020317017525385,6.598601957366764e-06,0.11236666666666666,4.082482904638861e-05,0.022701631580794874,1.5663638519085772e-05,0.011236666666666667,4.0824829046390306e-06,0.1,0.0
663,675,7b40e97bc0f1,2026-04-12 19:03:27,True,[0.8975     0.89766667 0.89625    0.89816667 0.9       ],0.8979166666666666,0.0012179217270963554,[0.89902083 0.89939583 0.8991875  0.898875   0.89822917],0.8989416666666667,462.1145619392395,115.80254492759704,9.0,1e-05,0.8968079828853058,0.0011970182034734124,0.8979166666666666,0.0012179217270963554,0.897563231783054,0.0012055673356645945,0.8981981895659221,0.0012707853296791954,0.8967123212143091,0.001308693167604078
664,676,0a78027a57d3,2026-04-12 18:16:47,True,[0.928      0.92958333 0.92791667 0.92708333 0.928     ],0.9281166666666667,0.0008106924338010053,[0.9313125  0.93102083 0.93064583 0.93175    0.93197917],0.9313416666666667,171.32506732940675,60.188474082946776,9.0,0.0001,0.927205735116971,0.0008239873986736698,0.9281166666666667,0.0008106924338010053,0.9279290449482749,0.00079722527896981,0.9275075567286845,0.0008882811494545655,0.9272399393286592,0.0007904449659807941
665,677,c2b27c37ce98,2026-04-12 17:59:30,True,[0.95308333 0.95291667 0.95208333 0.95283333 0.95233333],0.95265,0.0003778594682918128,[0.96147917 0.96222917 0.96229167 0.96158333 0.96233333],0.9619833333333334,82.922976064682,36.84775533676147,9.0,0.001,0.9520893486651826,0.0004301605876389602,0.95265,0.0003778594682918128,0.9525726971478573,0.00037760550589006144,0.9522532523075897,0.00044718861373290835,0.9520691092290214,0.0004310042945627713
666,678,4d653a1a7036,2026-04-12 18:05:14,True,[0.97825    0.9785     0.976      0.97758333 0.97708333],0.9774833333333334,0.000893495010245358,[0.99479167 0.9945625  0.99516667 0.99475    0.994875  ],0.9948291666666667,94.67559928894043,47.6683189868927,9.0,0.005,0.9772900709539668,0.0009209871824789863,0.9774833333333334,0.000893495010245358,0.9774675346758419,0.0008902354591703638,0.9773409512972252,0.000933778394779674,0.9772779327587674,0.0009095893927099614
667,679,19f0f23c60d3,2026-04-12 18:07:13,True,[0.98191667 0.98266667 0.98108333 0.98141667 0.98158333],0.9817333333333333,0.0005385164807134564,[0.99933333 0.99941667 0.9994375  0.999375   0.9995625 ],0.9994249999999999,104.48716568946838,51.37068562507629,9.0,0.01,0.9815796296205322,0.0005350949320247089,0.9817333333333333,0.0005385164807134564,0.9817247277739745,0.0005363003784550649,0.981616561126185,0.0005415301575045681,0.9815718597807731,0.0005339970833263893
668,680,b02aa668681e,2026-04-12 18:20:06,True,[0.98475    0.986      0.98483333 0.98433333 0.98425   ],0.9848333333333332,0.0006258327785172972,[1. 1. 1. 1. 1.],1.0,161.12804040908813,68.70559239387512,9.0,0.025,0.9847102987732317,0.000604732950042597,0.9848333333333332,0.0006258327785172972,0.9848261924018132,0.0006263476223697006,0.9847379256642756,0.0006171261614388693,0.9847022288759828,0.0005879476808756486
669,681,48922c25852d,2026-04-12 18:43:21,True,[0.98408333 0.9845     0.9835     0.9825     0.981     ],0.9831166666666666,0.0012534397117975543,[1. 1. 1. 1. 1.],1.0,338.6776661872864,94.62366290092469,9.0,0.05,0.9830143248799553,0.001240657779077537,0.9831166666666666,0.0012534397117975543,0.9831143240568687,0.0012606025064071649,0.9830273911179706,0.0012333806292949485,0.9830429826133713,0.0012251465787435029
670,682,44d1f8637ff4,2026-04-12 21:44:28,True,[0.95316667 0.94925    0.94675    0.95016667 0.94666667],0.9492,0.00241212216384939,[1. 1. 1. 1. 1.],1.0,2007.2914562702179,195.4897262573242,9.0,0.1,0.9508922632426179,0.0022888309196756377,0.9492,0.00241212216384939,0.9513392703862589,0.0022498293751933305,0.9578798211131684,0.0018100253680236249,0.9487305972004897,0.0024770314302963088
671,683,2e8420dbf68c,2026-04-13 02:31:19,True,[0.29825    0.29291667 0.30466667 0.29816667 0.28116667],0.2950333333333333,0.007870585182253668,[1. 1. 1. 1. 1.],1.0,5213.954907798767,236.57598061561583,9.0,0.5,0.2359479130659452,0.0037751147695299445,0.2950333333333333,0.007870585182253668,0.2506575385206383,0.003942125500981509,0.6833255901133674,0.04049382460664396,0.2797688971058111,0.007489271342006892
672,684,e9609ef585e8,2026-04-13 04:01:11,True,[0.17658333 0.17625    0.1755     0.17383333 0.17366667],0.17516666666666664,0.0012099127608587682,[1. 1. 1. 1. 1.],1.0,6151.617735481263,286.4042151927948,9.0,1.0,0.09756110628084083,0.0008017827321268273,0.17516666666666664,0.0012099127608587682,0.10800162839491767,0.0009201999608261826,0.19123667943413322,0.039991432905676354,0.1629715903107702,0.0010637258162991524
673,685,a744a04fc118,2026-04-13 03:59:16,True,[0.11233333 0.11241667 0.11241667 0.11233333 0.11233333],0.11236666666666666,4.082482904638861e-05,[1. 1. 1. 1. 1.],1.0,6085.669050216675,284.93894877433775,9.0,2.0,0.02020317017525385,6.598601957366764e-06,0.11236666666666666,4.082482904638861e-05,0.022701631580794874,1.5663638519085772e-05,0.011236666666666667,4.0824829046390306e-06,0.1,0.0
674,686,7923d92ccffc,2026-04-13 04:30:52,True,[0.11233333 0.11241667 0.11241667 0.11233333 0.11233333],0.11236666666666666,4.082482904638861e-05,[1. 1. 1. 1. 1.],1.0,6553.5251365661625,253.44982681274413,9.0,5.0,0.02020317017525385,6.598601957366764e-06,0.11236666666666666,4.082482904638861e-05,0.022701631580794874,1.5663638519085772e-05,0.011236666666666667,4.0824829046390306e-06,0.1,0.0
675,687,7d12b3ea5eb3,2026-04-13 04:03:57,True,[0.11233333 0.11241667 0.11241667 0.11233333 0.11233333],0.11236666666666666,4.082482904638861e-05,[1. 1. 1. 1. 1.],1.0,6570.91534371376,191.38172874450683,9.0,10.0,0.02020317017525385,6.598601957366764e-06,0.11236666666666666,4.082482904638861e-05,0.022701631580794874,1.5663638519085772e-05,0.011236666666666667,4.0824829046390306e-06,0.1,0.0
676,688,de72f082fd5f,2026-04-13 04:07:38,True,[0.11233333 0.11241667 0.11241667 0.11233333 0.11233333],0.11236666666666666,4.082482904638861e-05,[1. 1. 1. 1. 1.],1.0,6680.471940183639,173.69560360908508,9.0,50.0,0.02020317017525385,6.598601957366764e-06,0.11236666666666666,4.082482904638861e-05,0.022701631580794874,1.5663638519085772e-05,0.011236666666666667,4.0824829046390306e-06,0.1,0.0
677,689,9dfab0648db3,2026-04-13 03:25:10,True,[0.11233333 0.11241667 0.11241667 0.11233333 0.11233333],0.11236666666666666,4.082482904638861e-05,[1. 1. 1. 1. 1.],1.0,6121.673148584366,190.36057896614074,9.0,100.0,0.02020317017525385,6.598601957366764e-06,0.11236666666666666,4.082482904638861e-05,0.022701631580794874,1.5663638519085772e-05,0.011236666666666667,4.0824829046390306e-06,0.1,0.0
678,690,dd9fe4a0dfb4,2026-04-12 18:07:34,True,[0.93841667 0.93983333 0.936      0.939      0.93758333],0.9381666666666666,0.0013091557924436662,[0.942875   0.94283333 0.9435     0.94341667 0.943     ],0.943125,117.21928477287292,48.66511240005493,9.0,0.0003,0.9374143666989768,0.0013858687306657945,0.9381666666666666,0.0013091557924436662,0.9380255747911086,0.001306270602809594,0.937647997065881,0.0014559520923987952,0.9374212459340461,0.001364662848247556
679,691,c30c103c3205,2026-04-12 17:53:49,True,[0.97291667 0.97341667 0.97116667 0.97241667 0.97016667],0.9720166666666668,0.0011895377253370624,[0.98566667 0.98597917 0.98679167 0.98641667 0.98552083],0.9860749999999999,61.891493272781375,26.53786916732788,9.0,0.003,0.9717759343631872,0.0012292875794226524,0.9720166666666668,0.0011895377253370624,0.9719928861274377,0.0011960729752745866,0.9718491780636412,0.0012377229975490819,0.971757033723938,0.0012044427145620346
680,692,439f86aed57f,2026-04-12 17:54:24,True,[0.98066667 0.98133333 0.98016667 0.98083333 0.9805    ],0.9807,0.0003858612300929957,[0.99875    0.99877083 0.99875    0.9985625  0.99889583],0.9987458333333332,63.98533849716186,25.769310235977173,9.0,0.008,0.980537721161047,0.00039773543042836973,0.9807,0.0003858612300929957,0.9806891127005406,0.00038298091477885623,0.9805858930046906,0.0004020403811456583,0.9805226478904604,0.0003981173494384122
681,693,af32a54c3628,2026-04-12 18:01:59,True,[0.9835     0.98458333 0.98325    0.98283333 0.9825    ],0.9833333333333334,0.0007129749878735858,[0.999875   0.99995833 0.99991667 0.999875   0.99991667],0.9999083333333333,104.89718723297119,38.48514103889465,9.0,0.015,0.9831861178162162,0.0006945836531942014,0.9833333333333334,0.0007129749878735858,0.9833254197867397,0.0007153077590764033,0.9832115388446345,0.000699535402514318,0.983183698162498,0.0006837720195811973
682,694,b7d387cd7f9b,2026-04-12 19:09:37,True,[0.9755     0.97666667 0.97491667 0.97433333 0.97366667],0.9750166666666666,0.0010252370999486449,[1. 1. 1. 1. 1.],1.0,636.3153912544251,89.86520962715149,9.0,0.075,0.9749481070175563,0.001034827049133239,0.9750166666666666,0.0010252370999486449,0.9751258230508493,0.0010442662297330191,0.9753506335017452,0.001118265538608591,0.9749217019815315,0.0009853012548801082
683,695,fdf45bfa9361,2026-04-13 00:09:45,True,[0.83058333 0.82508333 0.82141667 0.82508333 0.81558333],0.82355,0.004943458078893533,[1. 1. 1. 1. 1.],1.0,3876.9951894283295,174.31761026382446,9.0,0.15,0.849144001193989,0.004071086701020097,0.82355,0.004943458078893533,0.8511484086910898,0.003988250761998739,0.9258118462367015,0.0012383392374759627,0.8207602054467715,0.0050745629831775805
684,696,e9ff25cf3dc1,2026-04-13 00:39:04,True,[0.61375    0.62675    0.61841667 0.62033333 0.61483333],0.6188166666666667,0.00462463211750105,[1. 1. 1. 1. 1.],1.0,4163.987085723877,187.7418104171753,9.0,0.25,0.6596379632606052,0.0037336943066245583,0.6188166666666667,0.00462463211750105,0.6664850824960826,0.0037690457155616893,0.9112502996871712,0.001952381969573746,0.6089859130557567,0.004629965626494535
685,697,01b121b066bc,2026-04-13 00:35:51,True,[0.18525    0.18366667 0.18433333 0.18333333 0.18216667],0.18375000000000002,0.0010274023338281604,[1. 1. 1. 1. 1.],1.0,4225.087769412994,151.29144973754882,9.0,0.75,0.10411994174835784,0.0006975924836071048,0.18375000000000002,0.0010274023338281604,0.11518537731326754,0.0007804410999553891,0.4113414333836218,0.06325756344982676,0.17068746823536263,0.0009134298115181606
686,698,73dcc5c24c00,2026-04-13 02:32:34,True,[0.11233333 0.11241667 0.11241667 0.11233333 0.11233333],0.11236666666666666,4.082482904638861e-05,[1. 1. 1. 1. 1.],1.0,5568.752314853668,176.44108667373658,9.0,20.0,0.02020317017525385,6.598601957366764e-06,0.11236666666666666,4.082482904638861e-05,0.022701631580794874,1.5663638519085772e-05,0.011236666666666667,4.0824829046390306e-06,0.1,0.0
687,699,bd296f0756fb,2026-04-13 01:56:04,True,[0.11233333 0.11241667 0.11241667 0.11233333 0.11233333],0.11236666666666666,4.082482904638861e-05,[1. 1. 1. 1. 1.],1.0,5196.913698720932,167.10450539588928,9.0,200.0,0.02020317017525385,6.598601957366764e-06,0.11236666666666666,4.082482904638861e-05,0.022701631580794874,1.5663638519085772e-05,0.011236666666666667,4.0824829046390306e-06,0.1,0.0
688,700,2b69c6c1486e,2026-04-12 19:10:18,True,[0.89908333 0.90033333 0.89825    0.89975    0.90225   ],0.8999333333333333,0.0013503086067019362,[0.900875   0.90122917 0.90135417 0.90116667 0.90033333],0.9009916666666667,520.0900664329529,122.84706015586853,10.0,1e-05,0.8988486979350203,0.0013371474539518638,0.8999333333333333,0.0013503086067019362,0.8995942366442359,0.0013397499295900886,0.9001075827470875,0.0014359589355529292,0.8987763054130047,0.0014183875734792638
689,701,22a9e735ab27,2026-04-12 18:33:49,True,[0.92866667 0.93041667 0.92891667 0.92825    0.92883333],0.9290166666666668,0.000736734536843348,[0.93222917 0.932125   0.93195833 0.9326875  0.93275   ],0.9323499999999999,244.40357151031495,87.87231831550598,10.0,0.0001,0.9281049744686294,0.0007461775392730372,0.9290166666666668,0.000736734536843348,0.9288315867178971,0.0007248500175869647,0.9283951207107888,0.0008051234356282796,0.9281436483031751,0.0007029761826072449
690,702,69f00bf4baef,2026-04-12 18:13:48,True,[0.95358333 0.9535     0.95325    0.954      0.95283333],0.9534333333333335,0.00038514066694303695,[0.962625   0.96329167 0.96329167 0.96304167 0.96335417],0.9631208333333333,130.24261345863343,57.42729897499085,10.0,0.001,0.952894695896419,0.00043754132709942757,0.9534333333333335,0.00038514066694303695,0.953359968655073,0.00040078230214755803,0.9530442918456299,0.00046228624442899523,0.9528812574909802,0.0004132067746620192
691,703,eac71f373121,2026-04-12 18:07:17,True,[0.97833333 0.97875    0.97625    0.97766667 0.9775    ],0.9776999999999999,0.0008540751983546222,[0.99558333 0.99560417 0.99564583 0.99539583 0.9955    ],0.9955458333333332,107.85773649215699,51.71528148651123,10.0,0.005,0.977505068445127,0.0008741360360215604,0.9776999999999999,0.0008540751983546222,0.9776854603751298,0.0008496227460010463,0.9775633130421758,0.0008837419324504707,0.9774881217922851,0.0008673195230601767
692,704,9783a98314a4,2026-04-12 18:11:32,True,[0.98208333 0.98275    0.98141667 0.98133333 0.98133333],0.9817833333333332,0.0005592653911854297,[0.99954167 0.99954167 0.99958333 0.9995625  0.9996875 ],0.9995833333333334,123.01373620033264,57.04154200553894,10.0,0.01,0.9816292512872267,0.0005494888476523403,0.9817833333333332,0.0005592653911854297,0.9817751633600436,0.0005600221152164212,0.9816674422498869,0.0005461052182648218,0.9816201610419547,0.0005539499653181552
693,705,43b7dde53931,2026-04-12 18:20:55,True,[0.98475    0.986      0.98483333 0.98433333 0.98425   ],0.9848333333333332,0.0006258327785172972,[1. 1. 1. 1. 1.],1.0,186.32312388420104,67.96106748580932,10.0,0.025,0.9847102987732317,0.000604732950042597,0.9848333333333332,0.0006258327785172972,0.9848261924018132,0.0006263476223697006,0.9847379256642756,0.0006171261614388693,0.9847022288759828,0.0005879476808756486
694,706,680bedba786a,2026-04-12 18:50:08,True,[0.98408333 0.9845     0.9835     0.9825     0.981     ],0.9831166666666666,0.0012534397117975543,[1. 1. 1. 1. 1.],1.0,387.11596779823304,97.86580500602722,10.0,0.05,0.9830143248799553,0.001240657779077537,0.9831166666666666,0.0012534397117975543,0.9831143240568687,0.0012606025064071649,0.9830273911179706,0.0012333806292949485,0.9830429826133713,0.0012251465787435029
695,707,6a3d609b5bd1,2026-04-12 21:53:08,True,[0.95316667 0.94925    0.94675    0.95016667 0.94666667],0.9492,0.00241212216384939,[1. 1. 1. 1. 1.],1.0,2002.589047050476,206.3298535346985,10.0,0.1,0.9508922632426179,0.0022888309196756377,0.9492,0.00241212216384939,0.9513392703862589,0.0022498293751933305,0.9578798211131684,0.0018100253680236249,0.9487305972004897,0.0024770314302963088
696,708,18f9ae0845d0,2026-04-13 03:33:08,True,[0.29825    0.29291667 0.30466667 0.29816667 0.28116667],0.2950333333333333,0.007870585182253668,[1. 1. 1. 1. 1.],1.0,5750.534114789963,262.6504389286041,10.0,0.5,0.2359479130659452,0.0037751147695299445,0.2950333333333333,0.007870585182253668,0.2506575385206383,0.003942125500981509,0.6833255901133674,0.04049382460664396,0.2797688971058111,0.007489271342006892
697,709,727687445089,2026-04-13 04:13:19,True,[0.17658333 0.17625    0.1755     0.17383333 0.17366667],0.17516666666666664,0.0012099127608587682,[1. 1. 1. 1. 1.],1.0,6277.370461320877,279.61184453964233,10.0,1.0,0.09756110628084083,0.0008017827321268273,0.17516666666666664,0.0012099127608587682,0.10800162839491767,0.0009201999608261826,0.19123667943413322,0.039991432905676354,0.1629715903107702,0.0010637258162991524
698,710,858080ba6439,2026-04-13 00:42:08,True,[0.11233333 0.11241667 0.11241667 0.11233333 0.11233333],0.11236666666666666,4.082482904638861e-05,[1. 1. 1. 1. 1.],1.0,4318.7088311195375,155.78454580307007,10.0,2.0,0.02020317017525385,6.598601957366764e-06,0.11236666666666666,4.082482904638861e-05,0.022701631580794874,1.5663638519085772e-05,0.011236666666666667,4.0824829046390306e-06,0.1,0.0
699,711,c1a314c74290,2026-04-13 00:00:17,True,[0.11233333 0.11241667 0.11241667 0.11233333 0.11233333],0.11236666666666666,4.082482904638861e-05,[1. 1. 1. 1. 1.],1.0,3898.728760576248,130.7064414024353,10.0,5.0,0.02020317017525385,6.598601957366764e-06,0.11236666666666666,4.082482904638861e-05,0.022701631580794874,1.5663638519085772e-05,0.011236666666666667,4.0824829046390306e-06,0.1,0.0
700,713,7e7f629162e7,2026-04-13 01:59:09,True,[0.11233333 0.11241667 0.11241667 0.11233333 0.11233333],0.11236666666666666,4.082482904638861e-05,[1. 1. 1. 1. 1.],1.0,5243.5387342453005,152.87563681602478,10.0,50.0,0.02020317017525385,6.598601957366764e-06,0.11236666666666666,4.082482904638861e-05,0.022701631580794874,1.5663638519085772e-05,0.011236666666666667,4.0824829046390306e-06,0.1,0.0
701,714,8db3e9db0975,2026-04-13 02:48:12,True,[0.11233333 0.11241667 0.11241667 0.11233333 0.11233333],0.11236666666666666,4.082482904638861e-05,[1. 1. 1. 1. 1.],1.0,5705.006924962998,179.0204728126526,10.0,100.0,0.02020317017525385,6.598601957366764e-06,0.11236666666666666,4.082482904638861e-05,0.022701631580794874,1.5663638519085772e-05,0.011236666666666667,4.0824829046390306e-06,0.1,0.0
702,715,212a9aea6225,2026-04-12 18:03:55,True,[0.9395     0.94041667 0.93666667 0.93925    0.938     ],0.9387666666666666,0.001303201186821659,[0.9439375  0.94366667 0.94408333 0.94410417 0.9439375 ],0.9439458333333333,103.89318943023682,41.79881815910339,10.0,0.0003,0.9380162853415535,0.0013619106902599718,0.9387666666666666,0.001303201186821659,0.9386307292015902,0.0012972232495313519,0.9382415632618786,0.0014270869488413984,0.9380189008657773,0.0013410147144964208
703,716,8f3ec0aa3918,2026-04-12 18:01:16,True,[0.97366667 0.97366667 0.972      0.97275    0.97125   ],0.9726666666666667,0.0009442810316143784,[0.98685417 0.987125   0.98797917 0.98766667 0.98652083],0.9872291666666667,88.34538407325745,40.626632356643675,10.0,0.003,0.9724224962116006,0.0009819672714659992,0.9726666666666667,0.0009442810316143784,0.9726429834006849,0.0009500859465635364,0.9724986090128466,0.0009908251054520478,0.972403762711308,0.0009598247209979499
704,717,028ddc9727f1,2026-04-12 18:01:51,True,[0.98108333 0.98116667 0.98025    0.98083333 0.98066667],0.9808,0.0003274480450731429,[0.99897917 0.99895833 0.99891667 0.99895833 0.99925   ],0.9990124999999999,94.35361499786377,39.91115298271179,10.0,0.008,0.9806382043421458,0.00034471869505695,0.9808,0.0003274480450731429,0.9807890104922269,0.00032544255785533474,0.9806859490315869,0.0003480755887864541,0.9806235271988847,0.0003493400273343723
705,718,1056ae2c4151,2026-04-12 18:06:48,True,[0.98341667 0.98475    0.98341667 0.98308333 0.98275   ],0.9834833333333334,0.0006798692684790415,[0.99991667 0.99997917 0.99995833 0.9999375  0.9999375 ],0.9999458333333333,119.69716515541077,45.029050779342654,10.0,0.015,0.9833349657611624,0.0006617811762138203,0.9834833333333334,0.0006798692684790415,0.9834755252320649,0.0006814157841178714,0.983360535588759,0.0006702557758332825,0.9833312295142067,0.0006489728442702381
706,719,aae37bb945c3,2026-04-12 19:15:08,True,[0.9755     0.97666667 0.97491667 0.97433333 0.97366667],0.9750166666666666,0.0010252370999486449,[1. 1. 1. 1. 1.],1.0,712.7938802242279,85.7538438796997,10.0,0.075,0.9749481070175563,0.001034827049133239,0.9750166666666666,0.0010252370999486449,0.9751258230508493,0.0010442662297330191,0.9753506335017452,0.001118265538608591,0.9749217019815315,0.0009853012548801082
707,720,b1d0ad41febd,2026-04-13 01:28:47,True,[0.83058333 0.82508333 0.82141667 0.82508333 0.81558333],0.82355,0.004943458078893533,[1. 1. 1. 1. 1.],1.0,4410.339700031281,247.82381429672242,10.0,0.15,0.849144001193989,0.004071086701020097,0.82355,0.004943458078893533,0.8511484086910898,0.003988250761998739,0.9258118462367015,0.0012383392374759627,0.8207602054467715,0.0050745629831775805
708,721,223c3b4f064e,2026-04-13 02:20:41,True,[0.61375    0.62675    0.61841667 0.62033333 0.61483333],0.6188166666666667,0.00462463211750105,[1. 1. 1. 1. 1.],1.0,5006.784578847885,258.3808173179626,10.0,0.25,0.6596379632606052,0.0037336943066245583,0.6188166666666667,0.00462463211750105,0.6664850824960826,0.0037690457155616893,0.9112502996871712,0.001952381969573746,0.6089859130557567,0.004629965626494535
709,722,5f27565bdf74,2026-04-13 03:56:09,True,[0.18525    0.18366667 0.18433333 0.18333333 0.18216667],0.18375000000000002,0.0010274023338281604,[1. 1. 1. 1. 1.],1.0,6169.560652971268,247.39135127067567,10.0,0.75,0.10411994174835784,0.0006975924836071048,0.18375000000000002,0.0010274023338281604,0.11518537731326754,0.0007804410999553891,0.4113414333836218,0.06325756344982676,0.17068746823536263,0.0009134298115181606
710,725,13f8fec22b63,2026-04-12 19:46:03,True,[0.90758333 0.90825    0.90591667 0.907      0.90883333],0.9075166666666667,0.001010225497379447,[0.908625   0.90839583 0.909125   0.90910417 0.908     ],0.9086500000000001,537.7509517192841,199.2675397872925,15.0,1e-05,0.9064450769248896,0.0010218560943668995,0.9075166666666667,0.001010225497379447,0.9072116336776043,0.0009976700677920359,0.9073049770662026,0.001131851231673753,0.9064539879270358,0.0010576511559120415
711,726,dda3670f89ba,2026-04-12 18:21:54,True,[0.93291667 0.9335     0.93083333 0.93225    0.93225   ],0.9323499999999999,0.0008903806926128784,[0.93572917 0.93577083 0.93602083 0.9363125  0.93647917],0.9360625,161.16158452033997,75.13281559944153,15.0,0.0001,0.9314946731000667,0.0009552491722193011,0.9323499999999999,0.0008903806926128784,0.9321910595944637,0.000882113456474282,0.931762730559121,0.001001778774345156,0.931513949307667,0.0009379041880084796
712,727,ed2e0a8e7e86,2026-04-12 18:05:07,True,[0.95808333 0.957      0.95625    0.9585     0.95541667],0.95705,0.0011384687571958543,[0.9675625  0.96814583 0.968375   0.96808333 0.96841667],0.9681166666666666,92.42314343452453,47.54443545341492,15.0,0.001,0.9565545025300579,0.0011852958402755792,0.95705,0.0011384687571958543,0.9569891974114885,0.001146650284610193,0.9566893229687838,0.0011937533487826957,0.9565284031003195,0.0011748934970420475
713,728,2c1fb44a5bf4,2026-04-12 18:03:13,True,[0.97866667 0.97933333 0.97725    0.97833333 0.97825   ],0.9783666666666667,0.0006761820925033625,[0.997875   0.9979375  0.99775    0.99779167 0.99779167],0.9978291666666668,81.85005960464477,43.2876157283783,15.0,0.005,0.9781755404433111,0.0007019025401186523,0.9783666666666667,0.0006761820925033625,0.9783537420113028,0.0006710663625203144,0.9782356003028886,0.0007191797836145748,0.9781564783485871,0.000689721396745197
714,729,a63ba03d01fb,2026-04-12 18:05:36,True,[0.9825     0.98308333 0.98141667 0.98091667 0.98141667],0.9818666666666667,0.0007986099033807192,[0.99983333 0.99991667 0.999875   0.999875   0.999875  ],0.999875,92.16090292930603,47.45748000144958,15.0,0.01,0.9817016110549648,0.0007841125506660227,0.9818666666666667,0.0007986099033807192,0.9818585658376305,0.0007990835252202422,0.9817403477520813,0.000785819366170701,0.9816896827799795,0.0007811426043283986
715,730,0fa411288d3f,2026-04-12 18:15:02,True,[0.98475    0.986      0.98483333 0.98441667 0.98425   ],0.98485,0.0006132789830991325,[1. 1. 1. 1. 1.],1.0,145.9475306034088,57.517918062210086,15.0,0.025,0.9847240073756154,0.0005960189239263004,0.98485,0.0006132789830991325,0.9848427275511659,0.000613932078060565,0.9847517232394424,0.0006085655163645516,0.9847162206404854,0.0005785900880717566
716,731,e80b6c9153ca,2026-04-12 18:38:25,True,[0.98408333 0.9845     0.9835     0.9825     0.981     ],0.9831166666666666,0.0012534397117975543,[1. 1. 1. 1. 1.],1.0,293.3730916023254,92.59095792770385,15.0,0.05,0.9830143248799553,0.001240657779077537,0.9831166666666666,0.0012534397117975543,0.9831143240568687,0.0012606025064071649,0.9830273911179706,0.0012333806292949485,0.9830429826133713,0.0012251465787435029
717,732,3b9f68a935e0,2026-04-12 21:42:17,True,[0.95316667 0.94925    0.94675    0.95016667 0.94666667],0.9492,0.00241212216384939,[1. 1. 1. 1. 1.],1.0,1990.0148895263671,183.13670144081115,15.0,0.1,0.9508922632426179,0.0022888309196756377,0.9492,0.00241212216384939,0.9513392703862589,0.0022498293751933305,0.9578798211131684,0.0018100253680236249,0.9487305972004897,0.0024770314302963088
718,733,f83342f4e966,2026-04-13 02:04:03,True,[0.29825    0.29291667 0.30466667 0.29816667 0.28116667],0.2950333333333333,0.007870585182253668,[1. 1. 1. 1. 1.],1.0,4998.465533447265,215.43706889152526,15.0,0.5,0.2359479130659452,0.0037751147695299445,0.2950333333333333,0.007870585182253668,0.2506575385206383,0.003942125500981509,0.6833255901133674,0.04049382460664396,0.2797688971058111,0.007489271342006892
719,734,64ce3145506c,2026-04-13 02:34:35,True,[0.17658333 0.17625    0.1755     0.17383333 0.17366667],0.17516666666666664,0.0012099127608587682,[1. 1. 1. 1. 1.],1.0,5399.72854385376,211.79646439552306,15.0,1.0,0.09756110628084083,0.0008017827321268273,0.17516666666666664,0.0012099127608587682,0.10800162839491767,0.0009201999608261826,0.19123667943413322,0.039991432905676354,0.1629715903107702,0.0010637258162991524
720,735,26a04e8d7e00,2026-04-13 01:14:36,True,[0.11233333 0.11241667 0.11241667 0.11233333 0.11233333],0.11236666666666666,4.082482904638861e-05,[1. 1. 1. 1. 1.],1.0,4678.4853036880495,161.70006732940675,15.0,2.0,0.02020317017525385,6.598601957366764e-06,0.11236666666666666,4.082482904638861e-05,0.022701631580794874,1.5663638519085772e-05,0.011236666666666667,4.0824829046390306e-06,0.1,0.0
721,736,1afc5715c57e,2026-04-13 02:20:36,True,[0.11233333 0.11241667 0.11241667 0.11233333 0.11233333],0.11236666666666666,4.082482904638861e-05,[1. 1. 1. 1. 1.],1.0,5464.918671226502,162.36922025680542,15.0,5.0,0.02020317017525385,6.598601957366764e-06,0.11236666666666666,4.082482904638861e-05,0.022701631580794874,1.5663638519085772e-05,0.011236666666666667,4.0824829046390306e-06,0.1,0.0
722,737,4d87881443e3,2026-04-13 03:54:12,True,[0.11233333 0.11241667 0.11241667 0.11233333 0.11233333],0.11236666666666666,4.082482904638861e-05,[1. 1. 1. 1. 1.],1.0,6420.233510494232,188.9073395729065,15.0,10.0,0.02020317017525385,6.598601957366764e-06,0.11236666666666666,4.082482904638861e-05,0.022701631580794874,1.5663638519085772e-05,0.011236666666666667,4.0824829046390306e-06,0.1,0.0
723,738,d7ba03a40aea,2026-04-13 04:11:28,True,[0.11233333 0.11241667 0.11241667 0.11233333 0.11233333],0.11236666666666666,4.082482904638861e-05,[1. 1. 1. 1. 1.],1.0,6629.874802780151,197.45863304138183,15.0,50.0,0.02020317017525385,6.598601957366764e-06,0.11236666666666666,4.082482904638861e-05,0.022701631580794874,1.5663638519085772e-05,0.011236666666666667,4.0824829046390306e-06,0.1,0.0
724,739,39feea31d731,2026-04-13 01:53:36,True,[0.11233333 0.11241667 0.11241667 0.11233333 0.11233333],0.11236666666666666,4.082482904638861e-05,[1. 1. 1. 1. 1.],1.0,5177.267612981796,152.4405813217163,15.0,100.0,0.02020317017525385,6.598601957366764e-06,0.11236666666666666,4.082482904638861e-05,0.022701631580794874,1.5663638519085772e-05,0.011236666666666667,4.0824829046390306e-06,0.1,0.0
725,740,e1265d087e00,2026-04-12 18:04:41,True,[0.94066667 0.94358333 0.93891667 0.94166667 0.94158333],0.9412833333333331,0.00151712447303005,[0.94733333 0.94745833 0.94791667 0.94764583 0.94777083],0.947625,90.22051248550414,47.06648135185242,15.0,0.0003,0.9405619907698342,0.0015770860167463663,0.9412833333333331,0.00151712447303005,0.9411585172924622,0.0015131544507361301,0.9407739997621898,0.0016058672017320013,0.9405569185252048,0.0015950398070114558
726,741,8a8b98df2e28,2026-04-12 18:01:41,True,[0.97533333 0.97558333 0.97333333 0.97433333 0.97325   ],0.9743666666666666,0.0009726824307610089,[0.99135417 0.99179167 0.9921875  0.99170833 0.99158333],0.9917250000000001,84.79356245994568,41.11100549697876,15.0,0.003,0.974136651499727,0.00099689512224549,0.9743666666666666,0.0009726824307610089,0.9743431445572976,0.0009740521402025492,0.9742117772746862,0.0010021639086207938,0.9741163197913766,0.0009789697559406242
727,742,d9a0355cbd30,2026-04-12 18:02:41,True,[0.98141667 0.98158333 0.981      0.98033333 0.98041667],0.98095,0.0005071708018234507,[0.99966667 0.99960417 0.999625   0.99960417 0.99970833],0.9996416666666667,91.44403057098388,43.4844587802887,15.0,0.008,0.9807814402978059,0.00048713014162712616,0.98095,0.0005071708018234507,0.9809407194049273,0.0005104661080790095,0.9808271880254835,0.00048747208791370244,0.9807675854972757,0.0004837932422247265
728,743,835a2d356a58,2026-04-12 18:20:59,True,[0.98316667 0.98466667 0.98325    0.98275    0.98275   ],0.9833166666666667,0.0007059272861515861,[1.         0.99997917 1.         0.99997917 0.99995833],0.9999833333333334,143.93769359588623,72.77990069389344,15.0,0.015,0.983169232840663,0.0006811403477562758,0.9833166666666667,0.0007059272861515861,0.9833087681086518,0.0007066703340191398,0.9831958065410136,0.0006904395108354276,0.9831660385269438,0.0006689111151909279
729,744,90f0894aad31,2026-04-12 19:56:24,True,[0.9755     0.97666667 0.97491667 0.97433333 0.97366667],0.9750166666666666,0.0010252370999486449,[1. 1. 1. 1. 1.],1.0,883.2210447788239,145.29711050987243,15.0,0.075,0.9749481070175563,0.001034827049133239,0.9750166666666666,0.0010252370999486449,0.9751258230508493,0.0010442662297330191,0.9753506335017452,0.001118265538608591,0.9749217019815315,0.0009853012548801082
730,745,8236e3128529,2026-04-13 00:39:45,True,[0.83058333 0.82508333 0.82141667 0.82508333 0.81558333],0.82355,0.004943458078893533,[1. 1. 1. 1. 1.],1.0,4076.0379829883577,198.13583121299743,15.0,0.15,0.849144001193989,0.004071086701020097,0.82355,0.004943458078893533,0.8511484086910898,0.003988250761998739,0.9258118462367015,0.0012383392374759627,0.8207602054467715,0.0050745629831775805
731,746,8977d1e04e11,2026-04-13 01:23:46,True,[0.61375    0.62675    0.61841667 0.62033333 0.61483333],0.6188166666666667,0.00462463211750105,[1. 1. 1. 1. 1.],1.0,4514.335419416428,209.98639888763427,15.0,0.25,0.6596379632606052,0.0037336943066245583,0.6188166666666667,0.00462463211750105,0.6664850824960826,0.0037690457155616893,0.9112502996871712,0.001952381969573746,0.6089859130557567,0.004629965626494535
732,747,29e6a0adbd6b,2026-04-13 01:00:43,True,[0.18525    0.18366667 0.18433333 0.18333333 0.18216667],0.18375000000000002,0.0010274023338281604,[1. 1. 1. 1. 1.],1.0,4535.889986515045,155.2709107875824,15.0,0.75,0.10411994174835784,0.0006975924836071048,0.18375000000000002,0.0010274023338281604,0.11518537731326754,0.0007804410999553891,0.4113414333836218,0.06325756344982676,0.17068746823536263,0.0009134298115181606
733,748,b7041793968a,2026-04-13 02:05:01,True,[0.11233333 0.11241667 0.11241667 0.11233333 0.11233333],0.11236666666666666,4.082482904638861e-05,[1. 1. 1. 1. 1.],1.0,5233.995104885102,173.5345160961151,15.0,20.0,0.02020317017525385,6.598601957366764e-06,0.11236666666666666,4.082482904638861e-05,0.022701631580794874,1.5663638519085772e-05,0.011236666666666667,4.0824829046390306e-06,0.1,0.0
734,749,26c9317dd02d,2026-04-13 02:14:21,True,[0.11233333 0.11241667 0.11241667 0.11233333 0.11233333],0.11236666666666666,4.082482904638861e-05,[1. 1. 1. 1. 1.],1.0,5448.581851673126,151.06189022064208,15.0,200.0,0.02020317017525385,6.598601957366764e-06,0.11236666666666666,4.082482904638861e-05,0.022701631580794874,1.5663638519085772e-05,0.011236666666666667,4.0824829046390306e-06,0.1,0.0
735,750,8c98ec03d20a,2026-04-12 18:57:06,True,[0.91108333 0.91241667 0.91083333 0.91166667 0.9135    ],0.9118999999999999,0.0009681023820971524,[0.913125   0.91289583 0.91327083 0.913125   0.91304167],0.9130916666666666,397.1314471244812,117.19078102111817,20.0,1e-05,0.9108644798585808,0.0009367025238614738,0.9118999999999999,0.0009681023820971524,0.9116162180912818,0.0009597819475873068,0.9115322032063784,0.0010081103516962934,0.910908845194084,0.0009819809113432196
736,751,cf66795716bd,2026-04-12 18:25:16,True,[0.93466667 0.93666667 0.93333333 0.93525    0.93383333],0.93475,0.001164283279771531,[0.938375   0.9381875  0.93883333 0.938875   0.93914583],0.9386833333333332,175.927486371994,78.89758238792419,20.0,0.0001,0.9339422616102089,0.0012534354256572542,0.93475,0.001164283279771531,0.9345992736345436,0.001163896209405811,0.9342093883499176,0.0013283402955729703,0.9339482015142317,0.0012059315184688433
737,752,05066e1889c3,2026-04-12 17:57:20,True,[0.96075    0.95866667 0.95908333 0.95991667 0.95833333],0.9593499999999999,0.000877812938817568,[0.97114583 0.97164583 0.97208333 0.97147917 0.97177083],0.9716250000000001,79.01753044128418,32.030906963348386,20.0,0.001,0.9588900268707385,0.0009197725694587239,0.9593499999999999,0.000877812938817568,0.9592963338003162,0.0008906155146620524,0.9590162705896457,0.0009139511262242266,0.9588592363322785,0.000916088829307366
738,753,7a567bc158df,2026-04-12 17:55:15,True,[0.97866667 0.97933333 0.97725    0.97875    0.97841667],0.9784833333333334,0.0006859705209085601,[0.99877083 0.99872917 0.9986875  0.9986875  0.99897917],0.9987708333333334,70.57739396095276,26.212857055664063,20.0,0.005,0.9782951943919838,0.0007229307157365802,0.9784833333333334,0.0006859705209085601,0.9784712207618842,0.0006819492130322621,0.9783530115299367,0.000730875116911528,0.9782760560365423,0.0007219288612907215
739,754,5bf4d291ef08,2026-04-12 18:03:57,True,[0.9825     0.98283333 0.98116667 0.98075    0.98158333],0.9817666666666666,0.0007877534865397745,[0.9999375  0.99997917 0.99997917 0.9999375  0.9999375 ],0.9999541666666667,89.63561778068542,43.683679246902464,20.0,0.01,0.9816021065752254,0.000773193452286333,0.9817666666666666,0.0007877534865397745,0.9817585859736031,0.000787313095613767,0.9816440296552283,0.0007748887875265176,0.981588070860979,0.0007727237003374941
740,755,1896ec9abe2e,2026-04-12 18:01:06,True,[0.98475    0.986      0.98483333 0.98441667 0.98425   ],0.98485,0.0006132789830991325,[1. 1. 1. 1. 1.],1.0,90.90731949806214,36.853635215759276,20.0,0.025,0.9847240073756154,0.0005960189239263004,0.98485,0.0006132789830991325,0.9848427275511659,0.000613932078060565,0.9847517232394424,0.0006085655163645516,0.9847162206404854,0.0005785900880717566
741,756,d69e7daf09b6,2026-04-12 18:47:44,True,[0.98408333 0.9845     0.9835     0.9825     0.981     ],0.9831166666666666,0.0012534397117975543,[1. 1. 1. 1. 1.],1.0,350.2012538909912,95.01776967048644,20.0,0.05,0.9830143248799553,0.001240657779077537,0.9831166666666666,0.0012534397117975543,0.9831143240568687,0.0012606025064071649,0.9830273911179706,0.0012333806292949485,0.9830429826133713,0.0012251465787435029
742,757,d2e94f59c0ff,2026-04-12 20:40:47,True,[0.95316667 0.94925    0.94675    0.95016667 0.94666667],0.9492,0.00241212216384939,[1. 1. 1. 1. 1.],1.0,1593.8050791263581,122.3374195098877,20.0,0.1,0.9508922632426179,0.0022888309196756377,0.9492,0.00241212216384939,0.9513392703862589,0.0022498293751933305,0.9578798211131684,0.0018100253680236249,0.9487305972004897,0.0024770314302963088
743,758,520a6a07aa91,2026-04-13 00:13:00,True,[0.29825    0.29291667 0.30466667 0.29816667 0.28116667],0.2950333333333333,0.007870585182253668,[1. 1. 1. 1. 1.],1.0,4003.871921634674,143.5280062198639,20.0,0.5,0.2359479130659452,0.0037751147695299445,0.2950333333333333,0.007870585182253668,0.2506575385206383,0.003942125500981509,0.6833255901133674,0.04049382460664396,0.2797688971058111,0.007489271342006892
744,759,ce97542588a7,2026-04-13 05:06:44,True,[0.17658333 0.17625    0.1755     0.17383333 0.17366667],0.17516666666666664,0.0012099127608587682,[1. 1. 1. 1. 1.],1.0,6703.111633968353,316.89328050613403,20.0,1.0,0.09756110628084083,0.0008017827321268273,0.17516666666666664,0.0012099127608587682,0.10800162839491767,0.0009201999608261826,0.19123667943413322,0.039991432905676354,0.1629715903107702,0.0010637258162991524
745,760,3e41506be125,2026-04-13 05:16:21,True,[0.11233333 0.11241667 0.11241667 0.11233333 0.11233333],0.11236666666666666,4.082482904638861e-05,[1. 1. 1. 1. 1.],1.0,6887.393321943283,303.78940839767455,20.0,2.0,0.02020317017525385,6.598601957366764e-06,0.11236666666666666,4.082482904638861e-05,0.022701631580794874,1.5663638519085772e-05,0.011236666666666667,4.0824829046390306e-06,0.1,0.0
746,763,41506d6ccb93,2026-04-13 01:28:32,True,[0.11233333 0.11241667 0.11241667 0.11233333 0.11233333],0.11236666666666666,4.082482904638861e-05,[1. 1. 1. 1. 1.],1.0,4834.484557151794,166.1770652294159,20.0,50.0,0.02020317017525385,6.598601957366764e-06,0.11236666666666666,4.082482904638861e-05,0.022701631580794874,1.5663638519085772e-05,0.011236666666666667,4.0824829046390306e-06,0.1,0.0
747,764,8e00b8ac1589,2026-04-13 01:37:07,True,[0.11233333 0.11241667 0.11241667 0.11233333 0.11233333],0.11236666666666666,4.082482904638861e-05,[1. 1. 1. 1. 1.],1.0,4949.702979278564,164.4131977558136,20.0,100.0,0.02020317017525385,6.598601957366764e-06,0.11236666666666666,4.082482904638861e-05,0.022701631580794874,1.5663638519085772e-05,0.011236666666666667,4.0824829046390306e-06,0.1,0.0
748,765,a23b9188aaf1,2026-04-12 18:09:53,True,[0.94308333 0.94508333 0.94141667 0.94241667 0.94266667],0.9429333333333334,0.0012069244660154613,[0.95       0.950125   0.95041667 0.95020833 0.95075   ],0.9503,114.97237977981567,54.38800892829895,20.0,0.0003,0.9422299765611977,0.001240687378909355,0.9429333333333334,0.0012069244660154613,0.9428101573753261,0.0011915859895288243,0.9424439134478071,0.0012794554861480158,0.94222078953842,0.0012384608391175212
749,766,d483f5d72f5c,2026-04-12 18:01:15,True,[0.976      0.97633333 0.97433333 0.97483333 0.9745    ],0.9752000000000001,0.0008124038404635904,[0.99385417 0.99416667 0.99447917 0.99414583 0.9941875 ],0.9941666666666666,82.13360133171082,37.373095464706424,20.0,0.003,0.9749775621659154,0.0008274404564866267,0.9752000000000001,0.0008124038404635904,0.975181754318059,0.0008109958129416285,0.9750478813787057,0.0008353102681478965,0.9749558306183796,0.0008131835096438604
750,767,52c3dc653e73,2026-04-12 18:02:41,True,[0.98125    0.98208333 0.98091667 0.98025    0.98033333],0.9809666666666667,0.0006699917080747339,[0.9998125  0.99989583 0.99983333 0.9998125  0.99985417],0.9998416666666667,89.537682056427,42.5273850440979,20.0,0.008,0.9807902541563894,0.0006475129457831736,0.9809666666666667,0.0006699917080747339,0.9809576848920967,0.00067045321695438,0.9808382581438595,0.0006561541978909432,0.9807734790915017,0.0006363432513352276
751,768,e194bab0b111,2026-04-12 17:56:13,True,[0.98316667 0.98458333 0.98325    0.98258333 0.98283333],0.9832833333333333,0.0006924192692613734,[1.         0.99997917 1.         1.         1.        ],0.9999958333333334,69.92299242019654,29.778327655792236,20.0,0.015,0.983135797313207,0.0006678034712522191,0.9832833333333333,0.0006924192692613734,0.9832753618503833,0.0006928646080517359,0.9831616318350248,0.0006787415071399345,0.9831335609766185,0.0006543936841225171
752,769,0e23a080af89,2026-04-12 19:03:23,True,[0.9755     0.97666667 0.97491667 0.97433333 0.97366667],0.9750166666666666,0.0010252370999486449,[1. 1. 1. 1. 1.],1.0,578.756832742691,90.8031756401062,20.0,0.075,0.9749481070175563,0.001034827049133239,0.9750166666666666,0.0010252370999486449,0.9751258230508493,0.0010442662297330191,0.9753506335017452,0.001118265538608591,0.9749217019815315,0.0009853012548801082
753,770,0c6c31159b20,2026-04-12 22:19:54,True,[0.83058333 0.82508333 0.82141667 0.82508333 0.81558333],0.82355,0.004943458078893533,[1. 1. 1. 1. 1.],1.0,2603.9147944927217,165.42119512557983,20.0,0.15,0.849144001193989,0.004071086701020097,0.82355,0.004943458078893533,0.8511484086910898,0.003988250761998739,0.9258118462367015,0.0012383392374759627,0.8207602054467715,0.0050745629831775805
754,771,eed6fec001ca,2026-04-12 22:52:18,True,[0.61375    0.62675    0.61841667 0.62033333 0.61483333],0.6188166666666667,0.00462463211750105,[1. 1. 1. 1. 1.],1.0,2934.311690616608,168.9476975440979,20.0,0.25,0.6596379632606052,0.0037336943066245583,0.6188166666666667,0.00462463211750105,0.6664850824960826,0.0037690457155616893,0.9112502996871712,0.001952381969573746,0.6089859130557567,0.004629965626494535
755,772,1ad096b24735,2026-04-12 23:43:42,True,[0.18525    0.18366667 0.18433333 0.18333333 0.18216667],0.18375000000000002,0.0010274023338281604,[1. 1. 1. 1. 1.],1.0,3618.449377679825,149.50940475463867,20.0,0.75,0.10411994174835784,0.0006975924836071048,0.18375000000000002,0.0010274023338281604,0.11518537731326754,0.0007804410999553891,0.4113414333836218,0.06325756344982676,0.17068746823536263,0.0009134298115181606
756,773,70acb307f42c,2026-04-13 01:34:26,True,[0.11233333 0.11241667 0.11241667 0.11233333 0.11233333],0.11236666666666666,4.082482904638861e-05,[1. 1. 1. 1. 1.],1.0,4838.726226139069,177.9147047996521,20.0,20.0,0.02020317017525385,6.598601957366764e-06,0.11236666666666666,4.082482904638861e-05,0.022701631580794874,1.5663638519085772e-05,0.011236666666666667,4.0824829046390306e-06,0.1,0.0
757,774,aaf3c7020ffd,2026-04-13 01:38:11,True,[0.11233333 0.11241667 0.11241667 0.11233333 0.11233333],0.11236666666666666,4.082482904638861e-05,[1. 1. 1. 1. 1.],1.0,4773.668015098572,197.4977655887604,20.0,200.0,0.02020317017525385,6.598601957366764e-06,0.11236666666666666,4.082482904638861e-05,0.022701631580794874,1.5663638519085772e-05,0.011236666666666667,4.0824829046390306e-06,0.1,0.0
758,775,d74e3b4a8e47,2026-04-12 18:30:40,True,[0.91641667 0.91791667 0.91508333 0.91641667 0.91816667],0.9168000000000001,0.0011274356350191917,[0.91897917 0.918125   0.91877083 0.91885417 0.9185    ],0.9186458333333334,218.90996108055114,81.78144283294678,30.0,1e-05,0.9157940180107798,0.0011347982019052957,0.9168000000000001,0.0011274356350191917,0.9165486318860575,0.0011055722563906064,0.9162979385623664,0.0012038011242666885,0.9158720963496348,0.0011549740220712027
759,776,29ab84f187e8,2026-04-12 18:04:56,True,[0.93766667 0.9385     0.93483333 0.938      0.93633333],0.9370666666666667,0.0013274871834493272,[0.9423125  0.94179167 0.94252083 0.94233333 0.94197917],0.9421875,104.0047037601471,42.265684604644775,30.0,0.0001,0.9362752494993021,0.0014064543342504592,0.9370666666666667,0.0013274871834493272,0.9369185368906212,0.0013286063055947758,0.9365128691071234,0.0014520076784225637,0.9362806623592921,0.0013935608028980008
760,777,1c1e97f48607,2026-04-12 17:56:15,True,[0.9625     0.96241667 0.961      0.96233333 0.96041667],0.9617333333333334,0.0008586164581594287,[0.97633333 0.9768125  0.97758333 0.97720833 0.9764375 ],0.976875,62.68639397621155,30.825792264938354,30.0,0.001,0.961300067371474,0.0009208801650362474,0.9617333333333334,0.0008586164581594287,0.9616841433755375,0.0008698167512349851,0.961410322532594,0.0009292941346979079,0.9612773826359744,0.0009104208124147439
761,778,93dc4b06dfe5,2026-04-12 17:54:02,True,[0.979      0.97966667 0.97825    0.97825    0.97833333],0.9787000000000001,0.0005592653911854297,[0.99954167 0.9994375  0.9995625  0.99947917 0.99964583],0.9995333333333333,52.731036043167116,27.611622381210328,30.0,0.005,0.978513581215932,0.0005545689133747027,0.9787000000000001,0.0005592653911854297,0.9786884894771628,0.0005564526834741877,0.9785655117934656,0.0005698237364390195,0.9785016256656563,0.0005447303768403458
762,779,7a8bb7dc2882,2026-04-12 17:55:17,True,[0.98233333 0.98258333 0.98116667 0.98091667 0.98141667],0.9816833333333334,0.0006570134448142356,[1.         0.99997917 1.         0.99997917 0.99995833],0.9999833333333334,55.860264730453494,29.918254995346068,30.0,0.01,0.9815187861518538,0.0006512837087804999,0.9816833333333334,0.0006570134448142356,0.9816754950898368,0.000657261535046085,0.9815578507182284,0.00064980933679086,0.9815076532635789,0.0006533564017667784
763,780,d779a6e78f44,2026-04-12 18:04:05,True,[0.98475    0.986      0.98483333 0.98441667 0.98425   ],0.98485,0.0006132789830991325,[1. 1. 1. 1. 1.],1.0,94.71717596054077,41.85681128501892,30.0,0.025,0.9847240073756154,0.0005960189239263004,0.98485,0.0006132789830991325,0.9848427275511659,0.000613932078060565,0.9847517232394424,0.0006085655163645516,0.9847162206404854,0.0005785900880717566
764,781,41784420336e,2026-04-12 18:26:06,True,[0.98408333 0.9845     0.9835     0.9825     0.981     ],0.9831166666666666,0.0012534397117975543,[1. 1. 1. 1. 1.],1.0,252.6169586658478,64.86208481788636,30.0,0.05,0.9830143248799553,0.001240657779077537,0.9831166666666666,0.0012534397117975543,0.9831143240568687,0.0012606025064071649,0.9830273911179706,0.0012333806292949485,0.9830429826133713,0.0012251465787435029
765,782,468b31652f91,2026-04-12 20:10:16,True,[0.95316667 0.94925    0.94675    0.95016667 0.94666667],0.9492,0.00241212216384939,[1. 1. 1. 1. 1.],1.0,1251.5030049800873,115.93922019004822,30.0,0.1,0.9508922632426179,0.0022888309196756377,0.9492,0.00241212216384939,0.9513392703862589,0.0022498293751933305,0.9578798211131684,0.0018100253680236249,0.9487305972004897,0.0024770314302963088
766,783,2caa4189ff48,2026-04-12 23:00:29,True,[0.29825    0.29291667 0.30466667 0.29816667 0.28116667],0.2950333333333333,0.007870585182253668,[1. 1. 1. 1. 1.],1.0,3126.7067568778994,151.85244007110595,30.0,0.5,0.2359479130659452,0.0037751147695299445,0.2950333333333333,0.007870585182253668,0.2506575385206383,0.003942125500981509,0.6833255901133674,0.04049382460664396,0.2797688971058111,0.007489271342006892
767,784,11a355dd65b2,2026-04-12 23:34:00,True,[0.17658333 0.17625    0.1755     0.17383333 0.17366667],0.17516666666666664,0.0012099127608587682,[1. 1. 1. 1. 1.],1.0,3378.784600496292,179.16288156509398,30.0,1.0,0.09756110628084083,0.0008017827321268273,0.17516666666666664,0.0012099127608587682,0.10800162839491767,0.0009201999608261826,0.19123667943413322,0.039991432905676354,0.1629715903107702,0.0010637258162991524
768,785,2b700ab4d699,2026-04-12 23:32:16,True,[0.11233333 0.11241667 0.11241667 0.11233333 0.11233333],0.11236666666666666,4.082482904638861e-05,[1. 1. 1. 1. 1.],1.0,3443.318901586533,156.8246012210846,30.0,2.0,0.02020317017525385,6.598601957366764e-06,0.11236666666666666,4.082482904638861e-05,0.022701631580794874,1.5663638519085772e-05,0.011236666666666667,4.0824829046390306e-06,0.1,0.0
769,786,900d0b336d92,2026-04-13 00:13:46,True,[0.11233333 0.11241667 0.11241667 0.11233333 0.11233333],0.11236666666666666,4.082482904638861e-05,[1. 1. 1. 1. 1.],1.0,3843.493889570236,180.16012020111083,30.0,5.0,0.02020317017525385,6.598601957366764e-06,0.11236666666666666,4.082482904638861e-05,0.022701631580794874,1.5663638519085772e-05,0.011236666666666667,4.0824829046390306e-06,0.1,0.0
770,787,3cc1541d9921,2026-04-13 03:40:06,True,[0.11233333 0.11241667 0.11241667 0.11233333 0.11233333],0.11236666666666666,4.082482904638861e-05,[1. 1. 1. 1. 1.],1.0,6175.902255153656,206.76629695892333,30.0,10.0,0.02020317017525385,6.598601957366764e-06,0.11236666666666666,4.082482904638861e-05,0.022701631580794874,1.5663638519085772e-05,0.011236666666666667,4.0824829046390306e-06,0.1,0.0
771,788,79921f67dfc5,2026-04-13 04:00:32,True,[0.11233333 0.11241667 0.11241667 0.11233333 0.11233333],0.11236666666666666,4.082482904638861e-05,[1. 1. 1. 1. 1.],1.0,6453.398517608643,203.35063672065735,30.0,50.0,0.02020317017525385,6.598601957366764e-06,0.11236666666666666,4.082482904638861e-05,0.022701631580794874,1.5663638519085772e-05,0.011236666666666667,4.0824829046390306e-06,0.1,0.0
772,789,7ad75875879b,2026-04-13 01:37:45,True,[0.11233333 0.11241667 0.11241667 0.11233333 0.11233333],0.11236666666666666,4.082482904638861e-05,[1. 1. 1. 1. 1.],1.0,4964.463427448272,158.73619570732117,30.0,100.0,0.02020317017525385,6.598601957366764e-06,0.11236666666666666,4.082482904638861e-05,0.022701631580794874,1.5663638519085772e-05,0.011236666666666667,4.0824829046390306e-06,0.1,0.0
773,790,9d4eccfe87d2,2026-04-12 17:59:06,True,[0.94583333 0.94591667 0.94391667 0.945      0.94458333],0.94505,0.0007575545451575657,[0.95341667 0.95366667 0.95435417 0.9533125  0.95391667],0.9537333333333333,68.7341001033783,35.10809750556946,30.0,0.0003,0.9443475157180089,0.0008070808335941672,0.94505,0.0007575545451575657,0.944929006157946,0.0007499143189220891,0.9445602279780951,0.0008211373148681949,0.9443210853367816,0.0008096532704759168
774,791,5d7f34d33b9f,2026-04-12 17:55:25,True,[0.97583333 0.97741667 0.97433333 0.9755     0.97516667],0.9756500000000001,0.0010143416036468677,[0.99708333 0.99697917 0.9968125  0.99702083 0.99689583],0.9969583333333333,62.9472421169281,27.16493582725525,30.0,0.003,0.9754181214613439,0.001025685942453636,0.9756500000000001,0.0010143416036468677,0.9756345310622558,0.0010081389019775792,0.975485781923485,0.0010344391884414444,0.9754003627538659,0.0010151618351252278
775,792,f56d8b648034,2026-04-12 17:55:58,True,[0.98125    0.98241667 0.98033333 0.98016667 0.98041667],0.9809166666666667,0.0008383184226639752,[0.9999375  0.99997917 0.99997917 0.99995833 0.9999375 ],0.9999583333333334,64.46530475616456,28.403400945663453,30.0,0.008,0.9807412931724413,0.000829369433336736,0.9809166666666667,0.0008383184226639752,0.9809079718868434,0.0008370265212409053,0.9807910922101308,0.0008333403924986082,0.980723693478855,0.0008267385444796896
776,793,3ee81f6f66d8,2026-04-12 18:05:05,True,[0.98316667 0.9845     0.98325    0.98258333 0.98275   ],0.98325,0.0006728876412728867,[1. 1. 1. 1. 1.],1.0,111.90232801437378,42.24971470832825,30.0,0.015,0.9831011523811917,0.000652790823135005,0.98325,0.0006728876412728867,0.9832420374311681,0.0006738407523786326,0.9831266072741662,0.0006615176952261064,0.9830996419646238,0.0006405045440071414
777,794,6590ad5241c3,2026-04-12 19:32:55,True,[0.9755     0.97666667 0.97491667 0.97433333 0.97366667],0.9750166666666666,0.0010252370999486449,[1. 1. 1. 1. 1.],1.0,802.2276044368743,107.67943987846374,30.0,0.075,0.9749481070175563,0.001034827049133239,0.9750166666666666,0.0010252370999486449,0.9751258230508493,0.0010442662297330191,0.9753506335017452,0.001118265538608591,0.9749217019815315,0.0009853012548801082
778,795,2e6d4f6599a7,2026-04-12 23:05:56,True,[0.83058333 0.82508333 0.82141667 0.82508333 0.81558333],0.82355,0.004943458078893533,[1. 1. 1. 1. 1.],1.0,3266.7397753715513,135.0555708885193,30.0,0.15,0.849144001193989,0.004071086701020097,0.82355,0.004943458078893533,0.8511484086910898,0.003988250761998739,0.9258118462367015,0.0012383392374759627,0.8207602054467715,0.0050745629831775805
779,796,e18608fc7b57,2026-04-13 00:19:25,True,[0.61375    0.62675    0.61841667 0.62033333 0.61483333],0.6188166666666667,0.00462463211750105,[1. 1. 1. 1. 1.],1.0,3960.0295326709747,169.8582552909851,30.0,0.25,0.6596379632606052,0.0037336943066245583,0.6188166666666667,0.00462463211750105,0.6664850824960826,0.0037690457155616893,0.9112502996871712,0.001952381969573746,0.6089859130557567,0.004629965626494535
780,797,7c88da05ba04,2026-04-13 02:04:31,True,[0.18525    0.18366667 0.18433333 0.18333333 0.18216667],0.18375000000000002,0.0010274023338281604,[1. 1. 1. 1. 1.],1.0,5104.915338563919,198.80802907943726,30.0,0.75,0.10411994174835784,0.0006975924836071048,0.18375000000000002,0.0010274023338281604,0.11518537731326754,0.0007804410999553891,0.4113414333836218,0.06325756344982676,0.17068746823536263,0.0009134298115181606
781,798,7172f9304bc0,2026-04-13 02:45:41,True,[0.11233333 0.11241667 0.11241667 0.11233333 0.11233333],0.11236666666666666,4.082482904638861e-05,[1. 1. 1. 1. 1.],1.0,5643.948240041733,189.36030049324035,30.0,20.0,0.02020317017525385,6.598601957366764e-06,0.11236666666666666,4.082482904638861e-05,0.022701631580794874,1.5663638519085772e-05,0.011236666666666667,4.0824829046390306e-06,0.1,0.0
782,799,04b864850780,2026-04-13 05:08:13,True,[0.11233333 0.11241667 0.11241667 0.11233333 0.11233333],0.11236666666666666,4.082482904638861e-05,[1. 1. 1. 1. 1.],1.0,7209.237141180039,202.13482632637024,30.0,200.0,0.02020317017525385,6.598601957366764e-06,0.11236666666666666,4.082482904638861e-05,0.022701631580794874,1.5663638519085772e-05,0.011236666666666667,4.0824829046390306e-06,0.1,0.0
783,800,890027654a86,2026-04-12 18:40:18,True,[0.91966667 0.92333333 0.91866667 0.92041667 0.92066667],0.9205500000000001,0.0015559920022645217,[0.92235417 0.9218125  0.9225     0.92239583 0.92208333],0.9222291666666667,268.18963994979856,86.9361518383026,40.0,1e-05,0.91958486898968,0.0016355078645682694,0.9205500000000001,0.0015559920022645217,0.9203240661451406,0.0015540959929580206,0.9200297861624472,0.0016872122678181227,0.9196358579055577,0.001608631447134185
784,801,dd3584e2685b,2026-04-12 18:20:42,True,[0.93866667 0.94033333 0.93625    0.93916667 0.938     ],0.9384833333333333,0.001352364185006724,[0.9443125 0.944     0.9445    0.9445625 0.9445625],0.9443875,152.82248754501342,73.27052073478698,40.0,0.0001,0.9376959123629437,0.0014125259297518731,0.9384833333333333,0.001352364185006724,0.938341818861162,0.0013530504011398633,0.9379290228680576,0.0014541992589616468,0.9376948909990839,0.0014090270044470569
785,802,f77efe05ab86,2026-04-12 18:12:16,True,[0.96441667 0.96475    0.963      0.96441667 0.96275   ],0.9638666666666668,0.0008225975119502209,[0.97991667 0.98039583 0.98091667 0.9805625  0.97964583],0.9802875,113.09828085899353,55.20731778144837,40.0,0.001,0.9634760364553996,0.0008647921012003402,0.9638666666666668,0.0008225975119502209,0.9638244903271129,0.0008265916971941896,0.9635710936271037,0.0008896257177965825,0.963457343497527,0.0008498437742764214
786,803,c77f99bddcd0,2026-04-12 18:11:12,True,[0.97891667 0.97958333 0.97775    0.97808333 0.97841667],0.9785499999999999,0.0006446359868604655,[0.99977083 0.9998125  0.99979167 0.99977083 0.99985417],0.9997999999999999,106.30860514640808,54.307409811019895,40.0,0.005,0.9783544747299372,0.0006480948924379756,0.9785499999999999,0.0006446359868604655,0.9785388904906267,0.0006406130479956145,0.9784073612044561,0.0006597712926404869,0.978340038768682,0.0006460832938094329
787,804,1c10324745f9,2026-04-12 18:13:30,True,[0.98233333 0.9825     0.98091667 0.98083333 0.98133333],0.9815833333333334,0.0007031674369909704,[1.         0.99997917 1.         1.         1.        ],0.9999958333333334,120.2192608833313,58.33625326156616,40.0,0.01,0.9814185433732918,0.0007022270021950176,0.9815833333333334,0.0007031674369909704,0.9815754464016992,0.0007029438086871756,0.9814575704126582,0.0007020272220041553,0.9814081722887872,0.000704026316187072
788,805,9ede353b17d0,2026-04-12 18:19:55,True,[0.98475    0.986      0.98483333 0.98441667 0.98425   ],0.98485,0.0006132789830991325,[1. 1. 1. 1. 1.],1.0,169.5435537815094,65.35117473602295,40.0,0.025,0.9847240073756154,0.0005960189239263004,0.98485,0.0006132789830991325,0.9848427275511659,0.000613932078060565,0.9847517232394424,0.0006085655163645516,0.9847162206404854,0.0005785900880717566
789,806,880356c46f76,2026-04-12 18:30:57,True,[0.98408333 0.9845     0.9835     0.9825     0.981     ],0.9831166666666666,0.0012534397117975543,[1. 1. 1. 1. 1.],1.0,299.48174567222594,64.06136798858643,40.0,0.05,0.9830143248799553,0.001240657779077537,0.9831166666666666,0.0012534397117975543,0.9831143240568687,0.0012606025064071649,0.9830273911179706,0.0012333806292949485,0.9830429826133713,0.0012251465787435029
790,807,b3eb2173450c,2026-04-12 20:33:40,True,[0.95316667 0.94925    0.94675    0.95016667 0.94666667],0.9492,0.00241212216384939,[1. 1. 1. 1. 1.],1.0,1460.8828263282776,127.4439094543457,40.0,0.1,0.9508922632426179,0.0022888309196756377,0.9492,0.00241212216384939,0.9513392703862589,0.0022498293751933305,0.9578798211131684,0.0018100253680236249,0.9487305972004897,0.0024770314302963088
791,808,76d3b45aef97,2026-04-13 00:04:39,True,[0.29825    0.29291667 0.30466667 0.29816667 0.28116667],0.2950333333333333,0.007870585182253668,[1. 1. 1. 1. 1.],1.0,3806.802777957916,174.3685076713562,40.0,0.5,0.2359479130659452,0.0037751147695299445,0.2950333333333333,0.007870585182253668,0.2506575385206383,0.003942125500981509,0.6833255901133674,0.04049382460664396,0.2797688971058111,0.007489271342006892
792,809,cbfea64e7af7,2026-04-13 01:36:48,True,[0.17658333 0.17625    0.1755     0.17383333 0.17366667],0.17516666666666664,0.0012099127608587682,[1. 1. 1. 1. 1.],1.0,4730.176298475266,187.08226294517516,40.0,1.0,0.09756110628084083,0.0008017827321268273,0.17516666666666664,0.0012099127608587682,0.10800162839491767,0.0009201999608261826,0.19123667943413322,0.039991432905676354,0.1629715903107702,0.0010637258162991524
793,810,59d8d1204149,2026-04-13 00:36:26,True,[0.11233333 0.11241667 0.11241667 0.11233333 0.11233333],0.11236666666666666,4.082482904638861e-05,[1. 1. 1. 1. 1.],1.0,4161.746585416794,174.66899614334108,40.0,2.0,0.02020317017525385,6.598601957366764e-06,0.11236666666666666,4.082482904638861e-05,0.022701631580794874,1.5663638519085772e-05,0.011236666666666667,4.0824829046390306e-06,0.1,0.0
794,811,1f470b31e780,2026-04-13 01:11:47,True,[0.11233333 0.11241667 0.11241667 0.11233333 0.11233333],0.11236666666666666,4.082482904638861e-05,[1. 1. 1. 1. 1.],1.0,4487.504792690277,182.13334259986877,40.0,5.0,0.02020317017525385,6.598601957366764e-06,0.11236666666666666,4.082482904638861e-05,0.022701631580794874,1.5663638519085772e-05,0.011236666666666667,4.0824829046390306e-06,0.1,0.0
795,812,979a7077bffe,2026-04-13 02:20:40,True,[0.11233333 0.11241667 0.11241667 0.11233333 0.11233333],0.11236666666666666,4.082482904638861e-05,[1. 1. 1. 1. 1.],1.0,5378.15445652008,184.75078201293945,40.0,10.0,0.02020317017525385,6.598601957366764e-06,0.11236666666666666,4.082482904638861e-05,0.022701631580794874,1.5663638519085772e-05,0.011236666666666667,4.0824829046390306e-06,0.1,0.0
796,813,282747a1463d,2026-04-13 01:52:14,True,[0.11233333 0.11241667 0.11241667 0.11233333 0.11233333],0.11236666666666666,4.082482904638861e-05,[1. 1. 1. 1. 1.],1.0,5075.092428684235,175.6818368434906,40.0,50.0,0.02020317017525385,6.598601957366764e-06,0.11236666666666666,4.082482904638861e-05,0.022701631580794874,1.5663638519085772e-05,0.011236666666666667,4.0824829046390306e-06,0.1,0.0
797,814,79c420b83cd0,2026-04-13 02:18:40,True,[0.11233333 0.11241667 0.11241667 0.11233333 0.11233333],0.11236666666666666,4.082482904638861e-05,[1. 1. 1. 1. 1.],1.0,5436.775038051605,162.17432088851928,40.0,100.0,0.02020317017525385,6.598601957366764e-06,0.11236666666666666,4.082482904638861e-05,0.022701631580794874,1.5663638519085772e-05,0.011236666666666667,4.0824829046390306e-06,0.1,0.0
798,815,f04368aa8180,2026-04-12 18:13:11,True,[0.94583333 0.94675    0.94533333 0.94666667 0.94691667],0.9463000000000001,0.000611464544261456,[0.9556875  0.9565625  0.95658333 0.95614583 0.95695833],0.9563875,120.15945324897766,59.751791906356814,40.0,0.0003,0.9456134206911726,0.0006269070768043717,0.9463000000000001,0.000611464544261456,0.9461910477526617,0.0005897574952965348,0.9458064070203855,0.000650621536645718,0.9455953609136285,0.0006695369834606826
799,816,994acfe4d08a,2026-04-12 18:09:04,True,[0.97658333 0.97741667 0.975      0.97591667 0.97608333],0.9762000000000001,0.0007951240294584621,[0.998125   0.99816667 0.99804167 0.99814583 0.99833333],0.9981625,98.5014036655426,52.35867981910705,40.0,0.003,0.9759751916945769,0.000814620692762619,0.9762000000000001,0.0007951240294584621,0.9761833835731633,0.0007900528308498648,0.9760523254307785,0.0008219865605115417,0.9759482367809451,0.0008157492167521407
800,817,6a6866f3a27d,2026-04-12 18:11:17,True,[0.98116667 0.98225    0.98008333 0.98016667 0.98016667],0.9807666666666666,0.0008422852512328812,[1.         0.99997917 1.         0.99997917 0.99995833],0.9999833333333334,108.07787733078003,58.588028860092166,40.0,0.008,0.9805897364719218,0.0008460267818119143,0.9807666666666666,0.0008422852512328812,0.9807576642163159,0.0008416323959511034,0.9806372833985373,0.0008505865814364136,0.9805740802204351,0.0008420561973033237
801,818,514e510e0388,2026-04-12 18:01:28,True,[0.98316667 0.9845     0.98325    0.98258333 0.98275   ],0.98325,0.0006728876412728867,[1. 1. 1. 1. 1.],1.0,83.0539988040924,39.86181588172913,40.0,0.015,0.9831011523811917,0.000652790823135005,0.98325,0.0006728876412728867,0.9832420374311681,0.0006738407523786326,0.9831266072741662,0.0006615176952261064,0.9830996419646238,0.0006405045440071414
802,819,b1c95d827fc4,2026-04-12 20:01:09,True,[0.9755     0.97666667 0.97491667 0.97433333 0.97366667],0.9750166666666666,0.0010252370999486449,[1. 1. 1. 1. 1.],1.0,887.3722119808197,165.3347985267639,40.0,0.075,0.9749481070175563,0.001034827049133239,0.9750166666666666,0.0010252370999486449,0.9751258230508493,0.0010442662297330191,0.9753506335017452,0.001118265538608591,0.9749217019815315,0.0009853012548801082
803,820,baf60d5934b6,2026-04-13 00:52:17,True,[0.83058333 0.82508333 0.82141667 0.82508333 0.81558333],0.82355,0.004943458078893533,[1. 1. 1. 1. 1.],1.0,4262.84056506157,192.59676728248596,40.0,0.15,0.849144001193989,0.004071086701020097,0.82355,0.004943458078893533,0.8511484086910898,0.003988250761998739,0.9258118462367015,0.0012383392374759627,0.8207602054467715,0.0050745629831775805
804,821,b8d530f547d4,2026-04-13 02:08:07,True,[0.61375    0.62675    0.61841667 0.62033333 0.61483333],0.6188166666666667,0.00462463211750105,[1. 1. 1. 1. 1.],1.0,4970.861908960343,244.43810858726502,40.0,0.25,0.6596379632606052,0.0037336943066245583,0.6188166666666667,0.00462463211750105,0.6664850824960826,0.0037690457155616893,0.9112502996871712,0.001952381969573746,0.6089859130557567,0.004629965626494535
805,822,e6aaf8ca5d17,2026-04-13 03:18:32,True,[0.18525    0.18366667 0.18433333 0.18333333 0.18216667],0.18375000000000002,0.0010274023338281604,[1. 1. 1. 1. 1.],1.0,5915.831282329559,214.52775678634643,40.0,0.75,0.10411994174835784,0.0006975924836071048,0.18375000000000002,0.0010274023338281604,0.11518537731326754,0.0007804410999553891,0.4113414333836218,0.06325756344982676,0.17068746823536263,0.0009134298115181606
806,823,15eedf07091e,2026-04-13 03:35:42,True,[0.11233333 0.11241667 0.11241667 0.11233333 0.11233333],0.11236666666666666,4.082482904638861e-05,[1. 1. 1. 1. 1.],1.0,6166.915202236176,196.89494652748107,40.0,20.0,0.02020317017525385,6.598601957366764e-06,0.11236666666666666,4.082482904638861e-05,0.022701631580794874,1.5663638519085772e-05,0.011236666666666667,4.0824829046390306e-06,0.1,0.0
807,824,a5750f397c60,2026-04-13 03:46:57,True,[0.11233333 0.11241667 0.11241667 0.11233333 0.11233333],0.11236666666666666,4.082482904638861e-05,[1. 1. 1. 1. 1.],1.0,6324.100695705414,203.1614302635193,40.0,200.0,0.02020317017525385,6.598601957366764e-06,0.11236666666666666,4.082482904638861e-05,0.022701631580794874,1.5663638519085772e-05,0.011236666666666667,4.0824829046390306e-06,0.1,0.0
808,825,361f65449208,2026-04-12 18:45:57,True,[0.92175    0.92433333 0.92158333 0.92275    0.92175   ],0.9224333333333334,0.0010360180178613518,[0.92508333 0.924375   0.92497917 0.92475    0.92522917],0.9248833333333334,300.4617355823517,101.50407876968384,50.0,1e-05,0.9214775469399854,0.0011174772799000593,0.9224333333333334,0.0010360180178613518,0.9222137908016551,0.0010476211153022763,0.9218696139204283,0.001144503547793699,0.9215301215410939,0.0010801273477461324
809,826,502663516552,2026-04-12 18:23:23,True,[0.93958333 0.94158333 0.93733333 0.93941667 0.9395    ],0.9394833333333334,0.001345155918265397,[0.94602083 0.946      0.94625    0.94608333 0.94670833],0.9462125,166.05461325645447,74.90134024620056,50.0,0.0001,0.9387057365057194,0.001401203573389009,0.9394833333333334,0.001345155918265397,0.9393434227904642,0.0013324919179500798,0.9389381116049709,0.001434933450749971,0.9387045389708939,0.0014154847664940907
810,827,b278a303c1f0,2026-04-12 18:06:55,True,[0.96591667 0.96633333 0.96458333 0.96583333 0.9645    ],0.9654333333333334,0.0007479601890772265,[0.98258333 0.9825625  0.983375   0.98302083 0.9821875 ],0.9827458333333332,111.48576288223266,45.56912503242493,50.0,0.001,0.9650739638332194,0.0007897467117598652,0.9654333333333334,0.0007479601890772265,0.9653976783313846,0.0007537920085976803,0.9651651128513702,0.000806040393082136,0.9650481850987663,0.0007762732529118391
811,828,d09235f44270,2026-04-12 18:06:06,True,[0.97883333 0.98       0.97783333 0.97791667 0.97816667],0.9785499999999999,0.0008055363982396372,[0.999875   0.99991667 0.999875   0.999875   0.99991667],0.9998916666666666,94.49506387710571,46.92314672470093,50.0,0.005,0.9783556067815915,0.0008055555298240247,0.9785499999999999,0.0008055363982396372,0.978538460462216,0.0008009686880430778,0.9784121334726154,0.0008158980369640743,0.9783384130979151,0.0008022380179942474
812,829,2ef67340afc0,2026-04-12 18:08:22,True,[0.98233333 0.98258333 0.98091667 0.98083333 0.98125   ],0.9815833333333334,0.0007321960878829627,[1. 1. 1. 1. 1.],1.0,107.4936131477356,52.0466628074646,50.0,0.01,0.9814182739338071,0.0007321291781316202,0.9815833333333334,0.0007321960878829627,0.9815754433067594,0.0007322054812368803,0.981457243364934,0.0007314905508838108,0.9814084595831923,0.0007332015001977183
813,830,e9ccb379a9b7,2026-04-12 18:06:09,True,[0.98475    0.986      0.98483333 0.98441667 0.98425   ],0.98485,0.0006132789830991325,[1. 1. 1. 1. 1.],1.0,115.96089444160461,41.887040519714354,50.0,0.025,0.9847240073756154,0.0005960189239263004,0.98485,0.0006132789830991325,0.9848427275511659,0.000613932078060565,0.9847517232394424,0.0006085655163645516,0.9847162206404854,0.0005785900880717566
814,831,2ea14ae95738,2026-04-12 18:24:58,True,[0.98408333 0.9845     0.9835     0.9825     0.981     ],0.9831166666666666,0.0012534397117975543,[1. 1. 1. 1. 1.],1.0,260.30354022979736,55.88941030502319,50.0,0.05,0.9830143248799553,0.001240657779077537,0.9831166666666666,0.0012534397117975543,0.9831143240568687,0.0012606025064071649,0.9830273911179706,0.0012333806292949485,0.9830429826133713,0.0012251465787435029
815,832,82d45e4debb2,2026-04-12 21:40:11,True,[0.95316667 0.94925    0.94675    0.95016667 0.94666667],0.9492,0.00241212216384939,[1. 1. 1. 1. 1.],1.0,2024.9947972774505,168.539857006073,50.0,0.1,0.9508922632426179,0.0022888309196756377,0.9492,0.00241212216384939,0.9513392703862589,0.0022498293751933305,0.9578798211131684,0.0018100253680236249,0.9487305972004897,0.0024770314302963088
816,833,114631270783,2026-04-13 00:34:43,True,[0.29825    0.29291667 0.30466667 0.29816667 0.28116667],0.2950333333333333,0.007870585182253668,[1. 1. 1. 1. 1.],1.0,4134.790367937088,177.48995580673218,50.0,0.5,0.2359479130659452,0.0037751147695299445,0.2950333333333333,0.007870585182253668,0.2506575385206383,0.003942125500981509,0.6833255901133674,0.04049382460664396,0.2797688971058111,0.007489271342006892
817,834,41218f4f9574,2026-04-13 03:21:41,True,[0.17658333 0.17625    0.1755     0.17383333 0.17366667],0.17516666666666664,0.0012099127608587682,[1. 1. 1. 1. 1.],1.0,5642.786092662811,274.1607419967651,50.0,1.0,0.09756110628084083,0.0008017827321268273,0.17516666666666664,0.0012099127608587682,0.10800162839491767,0.0009201999608261826,0.19123667943413322,0.039991432905676354,0.1629715903107702,0.0010637258162991524
818,835,bda75cbbca65,2026-04-13 03:41:24,True,[0.11233333 0.11241667 0.11241667 0.11233333 0.11233333],0.11236666666666666,4.082482904638861e-05,[1. 1. 1. 1. 1.],1.0,5932.352088022232,258.49071459770204,50.0,2.0,0.02020317017525385,6.598601957366764e-06,0.11236666666666666,4.082482904638861e-05,0.022701631580794874,1.5663638519085772e-05,0.011236666666666667,4.0824829046390306e-06,0.1,0.0
819,836,29dcdaaf9799,2026-04-13 04:06:16,True,[0.11233333 0.11241667 0.11241667 0.11233333 0.11233333],0.11236666666666666,4.082482904638861e-05,[1. 1. 1. 1. 1.],1.0,6223.2511088371275,255.52082772254943,50.0,5.0,0.02020317017525385,6.598601957366764e-06,0.11236666666666666,4.082482904638861e-05,0.022701631580794874,1.5663638519085772e-05,0.011236666666666667,4.0824829046390306e-06,0.1,0.0
820,837,2a391660e113,2026-04-13 01:57:37,True,[0.11233333 0.11241667 0.11241667 0.11233333 0.11233333],0.11236666666666666,4.082482904638861e-05,[1. 1. 1. 1. 1.],1.0,5113.01744966507,170.25082263946533,50.0,10.0,0.02020317017525385,6.598601957366764e-06,0.11236666666666666,4.082482904638861e-05,0.022701631580794874,1.5663638519085772e-05,0.011236666666666667,4.0824829046390306e-06,0.1,0.0
821,838,f92357594af7,2026-04-13 02:32:27,True,[0.11233333 0.11241667 0.11241667 0.11233333 0.11233333],0.11236666666666666,4.082482904638861e-05,[1. 1. 1. 1. 1.],1.0,5548.840897369385,172.85273232460023,50.0,50.0,0.02020317017525385,6.598601957366764e-06,0.11236666666666666,4.082482904638861e-05,0.022701631580794874,1.5663638519085772e-05,0.011236666666666667,4.0824829046390306e-06,0.1,0.0
822,839,9f8abaf89473,2026-04-13 02:07:04,True,[0.11233333 0.11241667 0.11241667 0.11233333 0.11233333],0.11236666666666666,4.082482904638861e-05,[1. 1. 1. 1. 1.],1.0,5259.7886413097385,172.90052332878113,50.0,100.0,0.02020317017525385,6.598601957366764e-06,0.11236666666666666,4.082482904638861e-05,0.022701631580794874,1.5663638519085772e-05,0.011236666666666667,4.0824829046390306e-06,0.1,0.0
823,840,9f3aa799bc96,2026-04-12 18:01:40,True,[0.948      0.948      0.94633333 0.94775    0.94825   ],0.9476666666666667,0.0006851601597031355,[0.95779167 0.95883333 0.95879167 0.95839583 0.95904167],0.9585708333333333,89.79023966789245,35.70887188911438,50.0,0.0003,0.9470143713763883,0.0007025567270531522,0.9476666666666667,0.0006851601597031355,0.9475645193088151,0.0006592710800626882,0.9472052501115045,0.000708370595008309,0.9469923477709482,0.0007508308582005215
824,841,7eba6b42c94a,2026-04-12 18:00:28,True,[0.977      0.97775    0.97458333 0.97566667 0.97591667],0.9761833333333334,0.0010972187060421775,[0.99883333 0.99877083 0.9986875  0.99877083 0.99902083],0.9988166666666667,90.53556671142579,31.520688915252684,50.0,0.003,0.9759580644870601,0.0011159414614634391,0.9761833333333334,0.0010972187060421775,0.9761675727505352,0.0010934964953650708,0.9760362988262425,0.001126183059500926,0.97592564023353,0.0011154379991395026
825,842,f3cf70b5c8da,2026-04-12 18:02:15,True,[0.98125    0.98216667 0.98008333 0.98016667 0.98008333],0.9807499999999999,0.0008349983366583533,[1.         0.99997917 1.         0.99997917 1.        ],0.9999916666666667,98.62667746543885,36.3873528957367,50.0,0.008,0.9805723341177174,0.0008417973590438768,0.9807499999999999,0.0008349983366583533,0.9807405522337197,0.0008347607383012225,0.9806210462080163,0.0008468542634074566,0.9805564395198673,0.0008367201754425597
826,843,d0f7f44284f6,2026-04-12 18:03:49,True,[0.98316667 0.9845     0.98325    0.98258333 0.98275   ],0.98325,0.0006728876412728867,[1. 1. 1. 1. 1.],1.0,104.93494982719422,36.436616039276124,50.0,0.015,0.9831011523811917,0.000652790823135005,0.98325,0.0006728876412728867,0.9832420374311681,0.0006738407523786326,0.9831266072741662,0.0006615176952261064,0.9830996419646238,0.0006405045440071414
827,844,2d4e5396af37,2026-04-12 19:26:07,True,[0.9755     0.97666667 0.97491667 0.97433333 0.97366667],0.9750166666666666,0.0010252370999486449,[1. 1. 1. 1. 1.],1.0,770.7282380104065,90.36933875083923,50.0,0.075,0.9749481070175563,0.001034827049133239,0.9750166666666666,0.0010252370999486449,0.9751258230508493,0.0010442662297330191,0.9753506335017452,0.001118265538608591,0.9749217019815315,0.0009853012548801082
828,845,df64d582a1dc,2026-04-12 23:56:59,True,[0.83058333 0.82508333 0.82141667 0.82508333 0.81558333],0.82355,0.004943458078893533,[1. 1. 1. 1. 1.],1.0,3649.4160006523134,156.817036485672,50.0,0.15,0.849144001193989,0.004071086701020097,0.82355,0.004943458078893533,0.8511484086910898,0.003988250761998739,0.9258118462367015,0.0012383392374759627,0.8207602054467715,0.0050745629831775805
829,846,a45541baddbc,2026-04-13 00:33:30,True,[0.61375    0.62675    0.61841667 0.62033333 0.61483333],0.6188166666666667,0.00462463211750105,[1. 1. 1. 1. 1.],1.0,4087.469486951828,179.45649342536927,50.0,0.25,0.6596379632606052,0.0037336943066245583,0.6188166666666667,0.00462463211750105,0.6664850824960826,0.0037690457155616893,0.9112502996871712,0.001952381969573746,0.6089859130557567,0.004629965626494535
830,847,ff08476cb09b,2026-04-13 04:49:38,True,[0.18525    0.18366667 0.18433333 0.18333333 0.18216667],0.18375000000000002,0.0010274023338281604,[1. 1. 1. 1. 1.],1.0,6578.923107671738,287.3994246006012,50.0,0.75,0.10411994174835784,0.0006975924836071048,0.18375000000000002,0.0010274023338281604,0.11518537731326754,0.0007804410999553891,0.4113414333836218,0.06325756344982676,0.17068746823536263,0.0009134298115181606
831,850,fe9ec7d8c25b,2026-04-12 18:59:32,True,[0.92383333 0.92658333 0.92341667 0.92383333 0.924     ],0.9243333333333335,0.0011413929112175946,[0.92704167 0.926625   0.92645833 0.92677083 0.92691667],0.9267625,283.0683976650238,135.54253702163697,60.0,1e-05,0.923388708881754,0.0011941752587730642,0.9243333333333335,0.0011413929112175946,0.9241222096803297,0.0011358099933610178,0.9237615806673997,0.0012585151150248683,0.9234288712663966,0.0011506395839084179
832,851,2ab743292684,2026-04-12 18:05:24,True,[0.94066667 0.94183333 0.9385     0.93983333 0.94083333],0.9403333333333332,0.001115546702045424,[0.94752083 0.94741667 0.94770833 0.94727083 0.94804167],0.9475916666666666,98.01920261383057,44.080984115600586,60.0,0.0001,0.9395806444606798,0.0011374352718405741,0.9403333333333332,0.001115546702045424,0.9402006115242372,0.0010920174795812216,0.9398058159067524,0.0011547994237068547,0.939568052338867,0.0011692325741288364
833,852,c34eb0f88277,2026-04-12 17:59:19,True,[0.96691667 0.96775    0.9655     0.966      0.96491667],0.9662166666666666,0.0010091250335480407,[0.98454167 0.98483333 0.9855     0.985375   0.98422917],0.9848958333333332,74.44041919708252,32.64946665763855,60.0,0.001,0.9658772395450365,0.0010215660083803613,0.9662166666666666,0.0010091250335480407,0.9661819619264266,0.0010153782253160579,0.9659704884275235,0.0010158972279206253,0.965848220729734,0.0010172023152502597
834,853,5ba8c42b0f36,2026-04-12 18:05:10,True,[0.97875    0.98008333 0.97791667 0.978      0.97816667],0.9785833333333332,0.0008045012257431435,[0.99991667 0.99997917 0.9999375  0.99989583 0.9999375 ],0.9999333333333335,97.40834941864014,43.222112846374515,60.0,0.005,0.9783865117269649,0.000804249372478755,0.9785833333333332,0.0008045012257431435,0.9785721562935251,0.0007999417285127407,0.9784457582689068,0.0008175349900647863,0.978368217596303,0.0007977691365893405
835,854,a9651ea83b24,2026-04-12 18:06:48,True,[0.98233333 0.98258333 0.98091667 0.98083333 0.98125   ],0.9815833333333334,0.0007321960878829627,[1. 1. 1. 1. 1.],1.0,109.82437076568604,46.040348863601686,60.0,0.01,0.9814182739338071,0.0007321291781316202,0.9815833333333334,0.0007321960878829627,0.9815754433067594,0.0007322054812368803,0.981457243364934,0.0007314905508838108,0.9814084595831923,0.0007332015001977183
836,855,ac8449c0561c,2026-04-12 18:15:30,True,[0.98475    0.986      0.98483333 0.98441667 0.98425   ],0.98485,0.0006132789830991325,[1. 1. 1. 1. 1.],1.0,163.5633306503296,55.853984117507935,60.0,0.025,0.9847240073756154,0.0005960189239263004,0.98485,0.0006132789830991325,0.9848427275511659,0.000613932078060565,0.9847517232394424,0.0006085655163645516,0.9847162206404854,0.0005785900880717566
837,856,4c35328bb03e,2026-04-12 18:46:28,True,[0.98408333 0.9845     0.9835     0.9825     0.981     ],0.9831166666666666,0.0012534397117975543,[1. 1. 1. 1. 1.],1.0,422.295641374588,78.69857497215271,60.0,0.05,0.9830143248799553,0.001240657779077537,0.9831166666666666,0.0012534397117975543,0.9831143240568687,0.0012606025064071649,0.9830273911179706,0.0012333806292949485,0.9830429826133713,0.0012251465787435029
838,857,e0bce1eb8cab,2026-04-12 22:30:02,True,[0.95316667 0.94925    0.94675    0.95016667 0.94666667],0.9492,0.00241212216384939,[1. 1. 1. 1. 1.],1.0,2466.9635352134705,205.6505883216858,60.0,0.1,0.9508922632426179,0.0022888309196756377,0.9492,0.00241212216384939,0.9513392703862589,0.0022498293751933305,0.9578798211131684,0.0018100253680236249,0.9487305972004897,0.0024770314302963088
839,858,4cf87e3016ce,2026-04-13 02:37:56,True,[0.29825    0.29291667 0.30466667 0.29816667 0.28116667],0.2950333333333333,0.007870585182253668,[1. 1. 1. 1. 1.],1.0,5413.175299596786,218.12310309410094,60.0,0.5,0.2359479130659452,0.0037751147695299445,0.2950333333333333,0.007870585182253668,0.2506575385206383,0.003942125500981509,0.6833255901133674,0.04049382460664396,0.2797688971058111,0.007489271342006892
840,859,f7193e7c3b81,2026-04-13 03:15:27,True,[0.17658333 0.17625    0.1755     0.17383333 0.17366667],0.17516666666666664,0.0012099127608587682,[1. 1. 1. 1. 1.],1.0,5890.130291414261,214.28402581214905,60.0,1.0,0.09756110628084083,0.0008017827321268273,0.17516666666666664,0.0012099127608587682,0.10800162839491767,0.0009201999608261826,0.19123667943413322,0.039991432905676354,0.1629715903107702,0.0010637258162991524
841,860,118f556efd11,2026-04-13 01:24:48,True,[0.11233333 0.11241667 0.11241667 0.11233333 0.11233333],0.11236666666666666,4.082482904638861e-05,[1. 1. 1. 1. 1.],1.0,4630.228325128555,193.85010738372802,60.0,2.0,0.02020317017525385,6.598601957366764e-06,0.11236666666666666,4.082482904638861e-05,0.022701631580794874,1.5663638519085772e-05,0.011236666666666667,4.0824829046390306e-06,0.1,0.0
842,861,33f03c36a952,2026-04-13 04:34:46,True,[0.11233333 0.11241667 0.11241667 0.11233333 0.11233333],0.11236666666666666,4.082482904638861e-05,[1. 1. 1. 1. 1.],1.0,6521.20553355217,278.6521918773651,60.0,5.0,0.02020317017525385,6.598601957366764e-06,0.11236666666666666,4.082482904638861e-05,0.022701631580794874,1.5663638519085772e-05,0.011236666666666667,4.0824829046390306e-06,0.1,0.0
843,864,fc853f75143c,2026-04-13 05:25:49,True,[0.11233333 0.11241667 0.11241667 0.11233333 0.11233333],0.11236666666666666,4.082482904638861e-05,[1. 1. 1. 1. 1.],1.0,7390.265068769455,209.84727458953859,60.0,100.0,0.02020317017525385,6.598601957366764e-06,0.11236666666666666,4.082482904638861e-05,0.022701631580794874,1.5663638519085772e-05,0.011236666666666667,4.0824829046390306e-06,0.1,0.0
844,865,df054cc683ba,2026-04-12 18:01:06,True,[0.94883333 0.948      0.9475     0.94908333 0.94916667],0.9485166666666667,0.0006548960901462854,[0.95997917 0.9605625  0.96054167 0.96045833 0.96085417],0.9604791666666668,90.51050124168395,34.11067404747009,60.0,0.0003,0.9478674418631176,0.0006683986050420803,0.9485166666666667,0.0006548960901462854,0.9484185506787922,0.0006362473663102212,0.9480490597762989,0.0006819719698439356,0.947847372596951,0.0007139946032732263
845,866,eb4b8666c4d7,2026-04-12 17:58:01,True,[0.97691667 0.97766667 0.97466667 0.97583333 0.97625   ],0.9762666666666668,0.0010129714266015155,[0.99920833 0.99910417 0.999125   0.99925    0.99929167],0.9991958333333333,77.63319525718688,28.892244148254395,60.0,0.003,0.9760483723640329,0.0010331368757389291,0.9762666666666668,0.0010129714266015155,0.9762521023234239,0.001007846360493374,0.9761246859304447,0.0010459098471367432,0.9760147175892913,0.0010288791614103527
846,867,caf3638b6531,2026-04-12 18:00:49,True,[0.98133333 0.98216667 0.98008333 0.98008333 0.98008333],0.9807499999999999,0.0008579691784155772,[1.         0.99997917 1.         1.         1.        ],0.9999958333333334,87.40560464859009,32.9574716091156,60.0,0.008,0.9805718398487626,0.0008633090507329682,0.9807499999999999,0.0008579691784155772,0.9807406318319642,0.0008578856830857145,0.9806200916886528,0.0008684043640758958,0.980556122954885,0.000858403998125116
847,868,b73bc2ce234d,2026-04-12 18:03:22,True,[0.98316667 0.9845     0.98325    0.98258333 0.98275   ],0.98325,0.0006728876412728867,[1. 1. 1. 1. 1.],1.0,106.34559187889099,36.592362308502196,60.0,0.015,0.9831011523811917,0.000652790823135005,0.98325,0.0006728876412728867,0.9832420374311681,0.0006738407523786326,0.9831266072741662,0.0006615176952261064,0.9830996419646238,0.0006405045440071414
848,869,fabad3c25aa5,2026-04-12 20:08:58,True,[0.9755     0.97666667 0.97491667 0.97433333 0.97366667],0.9750166666666666,0.0010252370999486449,[1. 1. 1. 1. 1.],1.0,968.1184114456177,171.72895975112914,60.0,0.075,0.9749481070175563,0.001034827049133239,0.9750166666666666,0.0010252370999486449,0.9751258230508493,0.0010442662297330191,0.9753506335017452,0.001118265538608591,0.9749217019815315,0.0009853012548801082
849,870,62f237534a49,2026-04-12 23:44:16,True,[0.83058333 0.82508333 0.82141667 0.82508333 0.81558333],0.82355,0.004943458078893533,[1. 1. 1. 1. 1.],1.0,3479.6604176044466,179.92417764663696,60.0,0.15,0.849144001193989,0.004071086701020097,0.82355,0.004943458078893533,0.8511484086910898,0.003988250761998739,0.9258118462367015,0.0012383392374759627,0.8207602054467715,0.0050745629831775805
850,871,0d6bca1a72bc,2026-04-13 00:19:02,True,[0.61375    0.62675    0.61841667 0.62033333 0.61483333],0.6188166666666667,0.00462463211750105,[1. 1. 1. 1. 1.],1.0,3932.1261636734007,172.4373342037201,60.0,0.25,0.6596379632606052,0.0037336943066245583,0.6188166666666667,0.00462463211750105,0.6664850824960826,0.0037690457155616893,0.9112502996871712,0.001952381969573746,0.6089859130557567,0.004629965626494535
851,872,5f2cc2e83562,2026-04-13 00:31:42,True,[0.18525    0.18366667 0.18433333 0.18333333 0.18216667],0.18375000000000002,0.0010274023338281604,[1. 1. 1. 1. 1.],1.0,4184.047824525833,154.00147213935853,60.0,0.75,0.10411994174835784,0.0006975924836071048,0.18375000000000002,0.0010274023338281604,0.11518537731326754,0.0007804410999553891,0.4113414333836218,0.06325756344982676,0.17068746823536263,0.0009134298115181606
852,873,6c2b0769b538,2026-04-13 04:26:46,True,[0.11233333 0.11241667 0.11241667 0.11233333 0.11233333],0.11236666666666666,4.082482904638861e-05,[1. 1. 1. 1. 1.],1.0,6657.592033624649,218.96642060279845,60.0,20.0,0.02020317017525385,6.598601957366764e-06,0.11236666666666666,4.082482904638861e-05,0.022701631580794874,1.5663638519085772e-05,0.011236666666666667,4.0824829046390306e-06,0.1,0.0
853,874,573fd200cd09,2026-04-13 04:30:16,True,[0.11233333 0.11241667 0.11241667 0.11233333 0.11233333],0.11236666666666666,4.082482904638861e-05,[1. 1. 1. 1. 1.],1.0,6796.455005311966,208.04504137039186,60.0,200.0,0.02020317017525385,6.598601957366764e-06,0.11236666666666666,4.082482904638861e-05,0.022701631580794874,1.5663638519085772e-05,0.011236666666666667,4.0824829046390306e-06,0.1,0.0
854,875,1f98c86594a4,2026-04-12 19:03:09,True,[0.925      0.92733333 0.92525    0.92583333 0.92558333],0.9258,0.0008175165645620413,[0.92816667 0.92816667 0.92785417 0.92860417 0.92877083],0.9283125,329.7481456756592,128.65611367225648,70.0,1e-05,0.9248595569096892,0.0008709225011683013,0.9258,0.0008175165645620413,0.9255936005402401,0.0008247816291064876,0.9252028106418898,0.0009132916633920389,0.924905868613575,0.000835789518007258
855,876,c332e8733868,2026-04-12 18:16:02,True,[0.941      0.94191667 0.93941667 0.94041667 0.94125   ],0.9408,0.0008426149773176208,[0.9486875  0.94841667 0.94916667 0.94858333 0.949375  ],0.9488458333333334,129.6054624080658,63.58679375648499,70.0,0.0001,0.9400314523518409,0.0008540575169165678,0.9408,0.0008426149773176208,0.9406644823131829,0.0008167317474305332,0.9402440075003782,0.0008669986981873337,0.940027025506448,0.0008870591659573055
856,877,ee1a8f4a5ea5,2026-04-12 18:11:17,True,[0.96783333 0.96858333 0.96525    0.96708333 0.96566667],0.9668833333333333,0.0012633729105498025,[0.98616667 0.986625   0.98720833 0.98697917 0.9861875 ],0.9866333333333334,107.66573395729066,53.801407432556154,70.0,0.001,0.9665517854896393,0.001294102371008535,0.9668833333333333,0.0012633729105498025,0.9668502518965507,0.0012658060291799165,0.9666503312851404,0.0012903491812091782,0.966513732447496,0.001293915984425947
857,878,fc58c744b06c,2026-04-12 18:11:14,True,[0.97841667 0.97966667 0.97808333 0.97808333 0.97816667],0.9784833333333334,0.0006041522986797466,[0.99995833 0.99997917 1.         0.9999375  0.9999375 ],0.9999625,104.75813398361205,53.95190691947937,70.0,0.005,0.9782863243972146,0.0006028338624511324,0.9784833333333334,0.0006041522986797466,0.9784721472784674,0.0005985373656055156,0.978339664678959,0.0006183058130642777,0.9782731706500055,0.0005932369899338377
858,879,324e5a41d66c,2026-04-12 18:12:24,True,[0.98233333 0.98258333 0.98091667 0.98083333 0.98125   ],0.9815833333333334,0.0007321960878829627,[1. 1. 1. 1. 1.],1.0,120.18318367004395,58.03193259239197,70.0,0.01,0.9814182739338071,0.0007321291781316202,0.9815833333333334,0.0007321960878829627,0.9815754433067594,0.0007322054812368803,0.981457243364934,0.0007314905508838108,0.9814084595831923,0.0007332015001977183
859,880,d3d4a2d56101,2026-04-12 18:27:49,True,[0.98475    0.986      0.98483333 0.98441667 0.98425   ],0.98485,0.0006132789830991325,[1. 1. 1. 1. 1.],1.0,192.700692653656,77.24783143997192,70.0,0.025,0.9847240073756154,0.0005960189239263004,0.98485,0.0006132789830991325,0.9848427275511659,0.000613932078060565,0.9847517232394424,0.0006085655163645516,0.9847162206404854,0.0005785900880717566
860,881,66ab8fb99856,2026-04-12 18:57:22,True,[0.98408333 0.9845     0.9835     0.9825     0.981     ],0.9831166666666666,0.0012534397117975543,[1. 1. 1. 1. 1.],1.0,382.2105605125427,111.83232502937317,70.0,0.05,0.9830143248799553,0.001240657779077537,0.9831166666666666,0.0012534397117975543,0.9831143240568687,0.0012606025064071649,0.9830273911179706,0.0012333806292949485,0.9830429826133713,0.0012251465787435029
861,882,e2836b8f8fb9,2026-04-12 21:19:37,True,[0.95316667 0.94925    0.94675    0.95016667 0.94666667],0.9492,0.00241212216384939,[1. 1. 1. 1. 1.],1.0,1894.9277962207793,148.71413927078248,70.0,0.1,0.9508922632426179,0.0022888309196756377,0.9492,0.00241212216384939,0.9513392703862589,0.0022498293751933305,0.9578798211131684,0.0018100253680236249,0.9487305972004897,0.0024770314302963088
862,883,d6f23525a152,2026-04-13 00:32:32,True,[0.29825    0.29291667 0.30466667 0.29816667 0.28116667],0.2950333333333333,0.007870585182253668,[1. 1. 1. 1. 1.],1.0,4197.54685845375,150.37525095939637,70.0,0.5,0.2359479130659452,0.0037751147695299445,0.2950333333333333,0.007870585182253668,0.2506575385206383,0.003942125500981509,0.6833255901133674,0.04049382460664396,0.2797688971058111,0.007489271342006892
863,884,41da0bdf35f0,2026-04-13 05:24:08,True,[0.17658333 0.17625    0.1755     0.17383333 0.17366667],0.17516666666666664,0.0012099127608587682,[1. 1. 1. 1. 1.],1.0,6818.75648188591,324.69107432365416,70.0,1.0,0.09756110628084083,0.0008017827321268273,0.17516666666666664,0.0012099127608587682,0.10800162839491767,0.0009201999608261826,0.19123667943413322,0.039991432905676354,0.1629715903107702,0.0010637258162991524
864,885,9f96593a24cd,2026-04-13 05:31:36,True,[0.11233333 0.11241667 0.11241667 0.11233333 0.11233333],0.11236666666666666,4.082482904638861e-05,[1. 1. 1. 1. 1.],1.0,6907.0669860363005,325.4523284435272,70.0,2.0,0.02020317017525385,6.598601957366764e-06,0.11236666666666666,4.082482904638861e-05,0.022701631580794874,1.5663638519085772e-05,0.011236666666666667,4.0824829046390306e-06,0.1,0.0
865,888,4510c89b6aad,2026-04-13 04:45:51,True,[0.11233333 0.11241667 0.11241667 0.11233333 0.11233333],0.11236666666666666,4.082482904638861e-05,[1. 1. 1. 1. 1.],1.0,6877.976125717163,213.4081935405731,70.0,50.0,0.02020317017525385,6.598601957366764e-06,0.11236666666666666,4.082482904638861e-05,0.022701631580794874,1.5663638519085772e-05,0.011236666666666667,4.0824829046390306e-06,0.1,0.0
866,889,c9498ccf851d,2026-04-13 04:46:14,True,[0.11233333 0.11241667 0.11241667 0.11233333 0.11233333],0.11236666666666666,4.082482904638861e-05,[1. 1. 1. 1. 1.],1.0,6910.549438285828,210.3061565876007,70.0,100.0,0.02020317017525385,6.598601957366764e-06,0.11236666666666666,4.082482904638861e-05,0.022701631580794874,1.5663638519085772e-05,0.011236666666666667,4.0824829046390306e-06,0.1,0.0
867,890,196ddb0708eb,2026-04-12 18:18:20,True,[0.94933333 0.948      0.94825    0.94983333 0.94933333],0.94895,0.0007023769168568541,[0.961375   0.96208333 0.96229167 0.96202083 0.96225   ],0.9620041666666665,133.59970326423644,66.984823179245,70.0,0.0003,0.9483041847688878,0.0007344765652009752,0.94895,0.0007023769168568541,0.9488559283797484,0.000698803821166174,0.9484825735069691,0.0007272994532901441,0.9482835597388106,0.0007767349064429454
868,891,9707ddb38718,2026-04-12 18:13:44,True,[0.97658333 0.97808333 0.97441667 0.97558333 0.97575   ],0.9760833333333334,0.00121563883525401,[0.9994375  0.999375   0.99947917 0.99935417 0.99954167],0.9994375,112.96312437057495,58.25679931640625,70.0,0.003,0.9758655959392444,0.001232166398442374,0.9760833333333334,0.00121563883525401,0.9760682691174465,0.001211924433370361,0.9759371557068878,0.0012560954937707153,0.9758378177085186,0.0012166816001446617
869,892,2fdb1fa9e4f2,2026-04-12 18:11:42,True,[0.98133333 0.98208333 0.98008333 0.98008333 0.98008333],0.9807333333333332,0.0008306623862918042,[1. 1. 1. 1. 1.],1.0,107.79356007575988,55.80169277191162,70.0,0.008,0.980554816688121,0.0008352969699797545,0.9807333333333332,0.0008306623862918042,0.9807238974945225,0.0008306188983943948,0.9806031579261137,0.000840504952879813,0.9805390289377909,0.0008308216112281877
870,893,08b960dd0db8,2026-04-12 18:17:43,True,[0.98316667 0.9845     0.98325    0.98258333 0.98275   ],0.98325,0.0006728876412728867,[1. 1. 1. 1. 1.],1.0,133.92283449172973,64.79048938751221,70.0,0.015,0.9831011523811917,0.000652790823135005,0.98325,0.0006728876412728867,0.9832420374311681,0.0006738407523786326,0.9831266072741662,0.0006615176952261064,0.9830996419646238,0.0006405045440071414
871,894,bcf7dabab153,2026-04-12 19:32:54,True,[0.9755     0.97666667 0.97491667 0.97433333 0.97366667],0.9750166666666666,0.0010252370999486449,[1. 1. 1. 1. 1.],1.0,756.7544234752655,121.06083674430847,70.0,0.075,0.9749481070175563,0.001034827049133239,0.9750166666666666,0.0010252370999486449,0.9751258230508493,0.0010442662297330191,0.9753506335017452,0.001118265538608591,0.9749217019815315,0.0009853012548801082
872,895,6479066891af,2026-04-12 23:56:44,True,[0.83058333 0.82508333 0.82141667 0.82508333 0.81558333],0.82355,0.004943458078893533,[1. 1. 1. 1. 1.],1.0,3692.9921353816985,163.17771172523499,70.0,0.15,0.849144001193989,0.004071086701020097,0.82355,0.004943458078893533,0.8511484086910898,0.003988250761998739,0.9258118462367015,0.0012383392374759627,0.8207602054467715,0.0050745629831775805
873,896,310f5da385e3,2026-04-13 03:04:55,True,[0.61375    0.62675    0.61841667 0.62033333 0.61483333],0.6188166666666667,0.00462463211750105,[1. 1. 1. 1. 1.],1.0,5275.856925201416,307.8544711112976,70.0,0.25,0.6596379632606052,0.0037336943066245583,0.6188166666666667,0.00462463211750105,0.6664850824960826,0.0037690457155616893,0.9112502996871712,0.001952381969573746,0.6089859130557567,0.004629965626494535
874,897,44c8473c5d4d,2026-04-13 04:55:05,True,[0.18525    0.18366667 0.18433333 0.18333333 0.18216667],0.18375000000000002,0.0010274023338281604,[1. 1. 1. 1. 1.],1.0,6593.1380065917965,310.65656423568726,70.0,0.75,0.10411994174835784,0.0006975924836071048,0.18375000000000002,0.0010274023338281604,0.11518537731326754,0.0007804410999553891,0.4113414333836218,0.06325756344982676,0.17068746823536263,0.0009134298115181606
875,900,ebc0b8635d24,2026-04-12 18:19:50,True,[0.92633333 0.92841667 0.92658333 0.92641667 0.92725   ],0.9269999999999999,0.0007781745019952524,[0.9296875  0.92941667 0.92904167 0.93016667 0.92989583],0.9296416666666666,170.62747683525086,61.01971926689148,80.0,1e-05,0.9260699269068671,0.0007984261545580032,0.9269999999999999,0.0007781745019952524,0.9268019779423875,0.0007739696620878052,0.9263949374795258,0.0008493961743222641,0.9261137318362946,0.0007903059151316923
876,901,c7332b6dc043,2026-04-12 18:27:08,True,[0.942      0.94266667 0.94008333 0.941      0.94133333],0.9414166666666667,0.0008787617550975836,[0.9495     0.94947917 0.95008333 0.9495     0.949875  ],0.9496874999999999,166.29053931236268,83.67749013900757,80.0,0.0001,0.9406517834081324,0.0008974458417763549,0.9414166666666667,0.0008787617550975836,0.9412824222384455,0.0008564639734719652,0.9408575783495197,0.0009149420179340008,0.9406421924403606,0.0009087261370766173
877,902,ca0bd403c285,2026-04-12 18:17:41,True,[0.96841667 0.9685     0.96575    0.96816667 0.96675   ],0.9675166666666668,0.0010870449239413617,[0.987625   0.98810417 0.98860417 0.98845833 0.98775   ],0.9881083333333333,130.80320835113525,63.77936811447144,80.0,0.001,0.9671828573492807,0.0011302591383191634,0.9675166666666668,0.0010870449239413617,0.9674856123067338,0.0010850736381488857,0.967286016357303,0.0011521317143943686,0.9671421874066102,0.0011159585026718972
878,903,ff9f1bd2ddb1,2026-04-12 18:17:00,True,[0.9785     0.97958333 0.97775    0.978      0.97825   ],0.9784166666666667,0.000634647758822007,[0.99997917 0.99997917 1.         0.99997917 0.99995833],0.9999791666666666,124.34752764701844,59.95360774993897,80.0,0.005,0.9782212417766971,0.0006429046280692163,0.9784166666666667,0.000634647758822007,0.9784060852470091,0.0006293891026545741,0.978273911848907,0.0006532769550258835,0.9782087723971028,0.0006406231726421473
879,904,87078d024215,2026-04-12 17:59:51,True,[0.98233333 0.98258333 0.98091667 0.98083333 0.98125   ],0.9815833333333334,0.0007321960878829627,[1. 1. 1. 1. 1.],1.0,77.98521041870117,31.26220269203186,80.0,0.01,0.9814182739338071,0.0007321291781316202,0.9815833333333334,0.0007321960878829627,0.9815754433067594,0.0007322054812368803,0.981457243364934,0.0007314905508838108,0.9814084595831923,0.0007332015001977183
880,905,e5b7ab761ed0,2026-04-12 18:13:54,True,[0.98475    0.986      0.98483333 0.98441667 0.98425   ],0.98485,0.0006132789830991325,[1. 1. 1. 1. 1.],1.0,127.74386978149414,57.3840790271759,80.0,0.025,0.9847240073756154,0.0005960189239263004,0.98485,0.0006132789830991325,0.9848427275511659,0.000613932078060565,0.9847517232394424,0.0006085655163645516,0.9847162206404854,0.0005785900880717566
881,906,ecbeed02bef0,2026-04-12 18:44:04,True,[0.98408333 0.9845     0.9835     0.9825     0.981     ],0.9831166666666666,0.0012534397117975543,[1. 1. 1. 1. 1.],1.0,335.5856538772583,80.5312777519226,80.0,0.05,0.9830143248799553,0.001240657779077537,0.9831166666666666,0.0012534397117975543,0.9831143240568687,0.0012606025064071649,0.9830273911179706,0.0012333806292949485,0.9830429826133713,0.0012251465787435029
882,907,0cf564b0d26a,2026-04-12 20:31:44,True,[0.95316667 0.94925    0.94675    0.95016667 0.94666667],0.9492,0.00241212216384939,[1. 1. 1. 1. 1.],1.0,1434.3497564315796,135.8673810482025,80.0,0.1,0.9508922632426179,0.0022888309196756377,0.9492,0.00241212216384939,0.9513392703862589,0.0022498293751933305,0.9578798211131684,0.0018100253680236249,0.9487305972004897,0.0024770314302963088
883,908,ba906fd6ea9b,2026-04-13 00:52:32,True,[0.29825    0.29291667 0.30466667 0.29816667 0.28116667],0.2950333333333333,0.007870585182253668,[1. 1. 1. 1. 1.],1.0,4285.217436599732,178.91065855026244,80.0,0.5,0.2359479130659452,0.0037751147695299445,0.2950333333333333,0.007870585182253668,0.2506575385206383,0.003942125500981509,0.6833255901133674,0.04049382460664396,0.2797688971058111,0.007489271342006892
884,909,7ae841938311,2026-04-13 01:39:58,True,[0.17658333 0.17625    0.1755     0.17383333 0.17366667],0.17516666666666664,0.0012099127608587682,[1. 1. 1. 1. 1.],1.0,4728.984169340134,210.1280722618103,80.0,1.0,0.09756110628084083,0.0008017827321268273,0.17516666666666664,0.0012099127608587682,0.10800162839491767,0.0009201999608261826,0.19123667943413322,0.039991432905676354,0.1629715903107702,0.0010637258162991524
885,910,318f50ba67d9,2026-04-12 23:44:26,True,[0.11233333 0.11241667 0.11241667 0.11233333 0.11233333],0.11236666666666666,4.082482904638861e-05,[1. 1. 1. 1. 1.],1.0,3646.4224115371703,142.76916618347167,80.0,2.0,0.02020317017525385,6.598601957366764e-06,0.11236666666666666,4.082482904638861e-05,0.022701631580794874,1.5663638519085772e-05,0.011236666666666667,4.0824829046390306e-06,0.1,0.0
886,911,726ac5e5e249,2026-04-13 01:55:24,True,[0.11233333 0.11241667 0.11241667 0.11233333 0.11233333],0.11236666666666666,4.082482904638861e-05,[1. 1. 1. 1. 1.],1.0,5002.40331363678,189.38358449935913,80.0,5.0,0.02020317017525385,6.598601957366764e-06,0.11236666666666666,4.082482904638861e-05,0.022701631580794874,1.5663638519085772e-05,0.011236666666666667,4.0824829046390306e-06,0.1,0.0
887,912,f5a1025df050,2026-04-13 01:47:22,True,[0.11233333 0.11241667 0.11241667 0.11233333 0.11233333],0.11236666666666666,4.082482904638861e-05,[1. 1. 1. 1. 1.],1.0,5027.658224153519,161.52794213294982,80.0,10.0,0.02020317017525385,6.598601957366764e-06,0.11236666666666666,4.082482904638861e-05,0.022701631580794874,1.5663638519085772e-05,0.011236666666666667,4.0824829046390306e-06,0.1,0.0
888,913,01c93b214fe5,2026-04-13 02:41:01,True,[0.11233333 0.11241667 0.11241667 0.11233333 0.11233333],0.11236666666666666,4.082482904638861e-05,[1. 1. 1. 1. 1.],1.0,5644.981171321869,170.100497341156,80.0,50.0,0.02020317017525385,6.598601957366764e-06,0.11236666666666666,4.082482904638861e-05,0.022701631580794874,1.5663638519085772e-05,0.011236666666666667,4.0824829046390306e-06,0.1,0.0
889,915,33c4400a5954,2026-04-12 18:08:51,True,[0.94991667 0.94908333 0.94983333 0.95       0.94983333],0.9497333333333333,0.00033082388735466067,[0.9626875  0.96372917 0.96391667 0.9635     0.96370833],0.9635083333333332,114.77695798873901,46.03929872512818,80.0,0.0003,0.9491100323772764,0.0003529575502039486,0.9497333333333333,0.00033082388735466067,0.9496378423799386,0.0003453497682625127,0.9492852066337958,0.0003463052677635977,0.9490899879799052,0.0003627393278703552
890,916,75c455cbb1c9,2026-04-12 18:11:11,True,[0.97641667 0.97783333 0.97458333 0.97533333 0.97616667],0.9760666666666667,0.0010946841249115232,[0.99964583 0.9995     0.99958333 0.99960417 0.9996875 ],0.9996041666666666,109.89563517570495,52.68899545669556,80.0,0.003,0.975847049824894,0.0010951377555124483,0.9760666666666667,0.0010946841249115232,0.9760518841968409,0.0010904681462302725,0.9759202284160058,0.0011067642695173554,0.9758184752685901,0.0010926696129132973
891,917,2ef6e9688c49,2026-04-12 17:55:03,True,[0.98133333 0.98208333 0.98       0.98008333 0.98016667],0.9807333333333335,0.0008323327326122479,[1. 1. 1. 1. 1.],1.0,56.74352192878723,24.157501649856567,80.0,0.008,0.9805555741802617,0.000837888387717106,0.9807333333333335,0.0008323327326122479,0.9807240635580194,0.0008317049882163896,0.9806023786154802,0.0008448785595479356,0.9805413117807676,0.0008326780295120923
892,918,9b30895c4a39,2026-04-12 18:16:24,True,[0.98316667 0.9845     0.98325    0.98258333 0.98275   ],0.98325,0.0006728876412728867,[1. 1. 1. 1. 1.],1.0,140.71878423690796,61.71819891929626,80.0,0.015,0.9831011523811917,0.000652790823135005,0.98325,0.0006728876412728867,0.9832420374311681,0.0006738407523786326,0.9831266072741662,0.0006615176952261064,0.9830996419646238,0.0006405045440071414
893,919,fcc0e3865822,2026-04-12 19:14:35,True,[0.9755     0.97666667 0.97491667 0.97433333 0.97366667],0.9750166666666666,0.0010252370999486449,[1. 1. 1. 1. 1.],1.0,681.9703752040863,92.06629281044006,80.0,0.075,0.9749481070175563,0.001034827049133239,0.9750166666666666,0.0010252370999486449,0.9751258230508493,0.0010442662297330191,0.9753506335017452,0.001118265538608591,0.9749217019815315,0.0009853012548801082
894,920,dbf685c62180,2026-04-12 23:27:18,True,[0.83058333 0.82508333 0.82141667 0.82508333 0.81558333],0.82355,0.004943458078893533,[1. 1. 1. 1. 1.],1.0,3356.5314865589144,161.11482129096984,80.0,0.15,0.849144001193989,0.004071086701020097,0.82355,0.004943458078893533,0.8511484086910898,0.003988250761998739,0.9258118462367015,0.0012383392374759627,0.8207602054467715,0.0050745629831775805
895,921,2ed77228ee51,2026-04-12 23:53:59,True,[0.61375    0.62675    0.61841667 0.62033333 0.61483333],0.6188166666666667,0.00462463211750105,[1. 1. 1. 1. 1.],1.0,3613.4099872589113,175.36717443466188,80.0,0.25,0.6596379632606052,0.0037336943066245583,0.6188166666666667,0.00462463211750105,0.6664850824960826,0.0037690457155616893,0.9112502996871712,0.001952381969573746,0.6089859130557567,0.004629965626494535
896,922,a4ab2a2353ff,2026-04-13 01:36:09,True,[0.18525    0.18366667 0.18433333 0.18333333 0.18216667],0.18375000000000002,0.0010274023338281604,[1. 1. 1. 1. 1.],1.0,4759.36317653656,193.8304087162018,80.0,0.75,0.10411994174835784,0.0006975924836071048,0.18375000000000002,0.0010274023338281604,0.11518537731326754,0.0007804410999553891,0.4113414333836218,0.06325756344982676,0.17068746823536263,0.0009134298115181606
897,923,cac247400eb3,2026-04-13 02:31:06,True,[0.11233333 0.11241667 0.11241667 0.11233333 0.11233333],0.11236666666666666,4.082482904638861e-05,[1. 1. 1. 1. 1.],1.0,5453.170823144913,178.95969257354736,80.0,20.0,0.02020317017525385,6.598601957366764e-06,0.11236666666666666,4.082482904638861e-05,0.022701631580794874,1.5663638519085772e-05,0.011236666666666667,4.0824829046390306e-06,0.1,0.0
898,924,ba9ef58880f9,2026-04-13 02:42:29,True,[0.11233333 0.11241667 0.11241667 0.11233333 0.11233333],0.11236666666666666,4.082482904638861e-05,[1. 1. 1. 1. 1.],1.0,5604.054597568512,181.72979707717894,80.0,200.0,0.02020317017525385,6.598601957366764e-06,0.11236666666666666,4.082482904638861e-05,0.022701631580794874,1.5663638519085772e-05,0.011236666666666667,4.0824829046390306e-06,0.1,0.0
899,925,fb792725555f,2026-04-12 18:26:23,True,[0.92741667 0.92883333 0.92766667 0.92683333 0.92775   ],0.9277,0.0006510674994874836,[0.93089583 0.93041667 0.93016667 0.93110417 0.93127083],0.9307708333333332,207.17987923622132,69.31666646003723,90.0,1e-05,0.9267805005705497,0.0006458387741931978,0.9277,0.0006510674994874836,0.9275090892207682,0.0006408475878157409,0.9270888496135807,0.0006991748312638569,0.9268164314140742,0.0006259490531918013
900,926,e4194a50f54d,2026-04-12 18:06:45,True,[0.94175    0.94325    0.94041667 0.94158333 0.94158333],0.9417166666666666,0.0009030811456096124,[0.9505     0.950625   0.95114583 0.95052083 0.950625  ],0.9506833333333333,103.1737069606781,42.80002064704895,90.0,0.0001,0.9409526190383064,0.0009188630539836828,0.9417166666666666,0.0009030811456096124,0.9415816143215995,0.0008812028470762773,0.9411713817898111,0.0009558193261207842,0.9409356677834768,0.0009240416188986643
901,927,135971446673,2026-04-12 17:59:15,True,[0.9685     0.969      0.96666667 0.96875    0.96733333],0.9680500000000001,0.0008969082698049015,[0.9893125  0.98972917 0.98991667 0.98954167 0.98925   ],0.98955,72.19127535820007,29.000019693374632,90.0,0.001,0.9677266854333855,0.0009449901898748976,0.9680500000000001,0.0008969082698049015,0.9680200622502099,0.000892716600208978,0.9678418065874579,0.0009825649518567024,0.9676823554068601,0.0009186422940692481
902,928,5d3c6d857cc3,2026-04-12 18:12:25,True,[0.97841667 0.9795     0.97766667 0.97808333 0.97825   ],0.9783833333333334,0.0006114645442614864,[0.99997917 0.99997917 1.         0.99997917 0.99995833],0.9999791666666666,104.59291925430298,54.03126473426819,90.0,0.005,0.9781871875958398,0.0006234449661466372,0.9783833333333334,0.0006114645442614864,0.9783724668964974,0.000605762876639782,0.9782406842989362,0.0006305192548999865,0.9781747932947861,0.0006251916326419152
903,929,0a28273f0b61,2026-04-12 18:14:32,True,[0.98233333 0.98258333 0.98091667 0.98083333 0.98125   ],0.9815833333333334,0.0007321960878829627,[1. 1. 1. 1. 1.],1.0,117.21744637489319,60.14706249237061,90.0,0.01,0.9814182739338071,0.0007321291781316202,0.9815833333333334,0.0007321960878829627,0.9815754433067594,0.0007322054812368803,0.981457243364934,0.0007314905508838108,0.9814084595831923,0.0007332015001977183
904,930,d3c50a49c9d5,2026-04-12 18:22:47,True,[0.98475    0.986      0.98483333 0.98441667 0.98425   ],0.98485,0.0006132789830991325,[1. 1. 1. 1. 1.],1.0,178.32481546401976,69.00942049026489,90.0,0.025,0.9847240073756154,0.0005960189239263004,0.98485,0.0006132789830991325,0.9848427275511659,0.000613932078060565,0.9847517232394424,0.0006085655163645516,0.9847162206404854,0.0005785900880717566
905,931,a1c5bfe4055b,2026-04-12 18:53:57,True,[0.98408333 0.9845     0.9835     0.9825     0.981     ],0.9831166666666666,0.0012534397117975543,[1. 1. 1. 1. 1.],1.0,412.84431610107424,97.7547366142273,90.0,0.05,0.9830143248799553,0.001240657779077537,0.9831166666666666,0.0012534397117975543,0.9831143240568687,0.0012606025064071649,0.9830273911179706,0.0012333806292949485,0.9830429826133713,0.0012251465787435029
906,932,e1bc94ea2cb7,2026-04-12 21:23:12,True,[0.95316667 0.94925    0.94675    0.95016667 0.94666667],0.9492,0.00241212216384939,[1. 1. 1. 1. 1.],1.0,1784.6354187488555,178.3083532810211,90.0,0.1,0.9508922632426179,0.0022888309196756377,0.9492,0.00241212216384939,0.9513392703862589,0.0022498293751933305,0.9578798211131684,0.0018100253680236249,0.9487305972004897,0.0024770314302963088
907,933,9677cbacd7cf,2026-04-13 02:19:01,True,[0.29825    0.29291667 0.30466667 0.29816667 0.28116667],0.2950333333333333,0.007870585182253668,[1. 1. 1. 1. 1.],1.0,5135.457363557815,232.12496528625488,90.0,0.5,0.2359479130659452,0.0037751147695299445,0.2950333333333333,0.007870585182253668,0.2506575385206383,0.003942125500981509,0.6833255901133674,0.04049382460664396,0.2797688971058111,0.007489271342006892
908,934,ece4f6428cd0,2026-04-13 01:45:11,True,[0.17658333 0.17625    0.1755     0.17383333 0.17366667],0.17516666666666664,0.0012099127608587682,[1. 1. 1. 1. 1.],1.0,4777.752252388001,213.3625074863434,90.0,1.0,0.09756110628084083,0.0008017827321268273,0.17516666666666664,0.0012099127608587682,0.10800162839491767,0.0009201999608261826,0.19123667943413322,0.039991432905676354,0.1629715903107702,0.0010637258162991524
909,935,8ee575cefe4c,2026-04-13 04:32:12,True,[0.11233333 0.11241667 0.11241667 0.11233333 0.11233333],0.11236666666666666,4.082482904638861e-05,[1. 1. 1. 1. 1.],1.0,6390.820419788361,286.2513201236725,90.0,2.0,0.02020317017525385,6.598601957366764e-06,0.11236666666666666,4.082482904638861e-05,0.022701631580794874,1.5663638519085772e-05,0.011236666666666667,4.0824829046390306e-06,0.1,0.0
910,936,8ed155d90905,2026-04-13 05:11:55,True,[0.11233333 0.11241667 0.11241667 0.11233333 0.11233333],0.11236666666666666,4.082482904638861e-05,[1. 1. 1. 1. 1.],1.0,6889.916570138931,274.25149874687196,90.0,5.0,0.02020317017525385,6.598601957366764e-06,0.11236666666666666,4.082482904638861e-05,0.022701631580794874,1.5663638519085772e-05,0.011236666666666667,4.0824829046390306e-06,0.1,0.0
911,938,b21b3483f821,2026-04-13 03:08:16,True,[0.11233333 0.11241667 0.11241667 0.11233333 0.11233333],0.11236666666666666,4.082482904638861e-05,[1. 1. 1. 1. 1.],1.0,5908.393539333343,178.10576066970825,90.0,50.0,0.02020317017525385,6.598601957366764e-06,0.11236666666666666,4.082482904638861e-05,0.022701631580794874,1.5663638519085772e-05,0.011236666666666667,4.0824829046390306e-06,0.1,0.0
912,939,b19a98e3db8a,2026-04-13 03:21:59,True,[0.11233333 0.11241667 0.11241667 0.11233333 0.11233333],0.11236666666666666,4.082482904638861e-05,[1. 1. 1. 1. 1.],1.0,6021.302696990967,192.32597889900208,90.0,100.0,0.02020317017525385,6.598601957366764e-06,0.11236666666666666,4.082482904638861e-05,0.022701631580794874,1.5663638519085772e-05,0.011236666666666667,4.0824829046390306e-06,0.1,0.0
913,940,96a2f283d4df,2026-04-12 18:14:22,True,[0.95066667 0.95       0.94975    0.95016667 0.95025   ],0.9501666666666665,0.0003027650354097586,[0.96383333 0.96510417 0.9656875  0.96439583 0.96464583],0.9647333333333332,115.5023325920105,59.37909350395203,90.0,0.0003,0.9495599319913739,0.00032667475210443266,0.9501666666666665,0.0003027650354097586,0.9500766512490719,0.00029363650309060445,0.9497245218081309,0.0003223871766069114,0.949540726895455,0.00035250082232470123
914,941,405927dd247f,2026-04-12 18:11:31,True,[0.97666667 0.97833333 0.97425    0.97541667 0.976     ],0.9761333333333333,0.0013566707616646104,[0.99975    0.99966667 0.99970833 0.99975    0.99979167],0.9997333333333334,100.2532341003418,53.12510704994202,90.0,0.003,0.9759155055182278,0.0013696373636128646,0.9761333333333333,0.0013566707616646104,0.9761182935927601,0.0013532013754039215,0.9759917286666294,0.0013792962269922966,0.975883263282727,0.0013678461024265228
915,942,3dcfc77add31,2026-04-12 18:14:05,True,[0.98133333 0.98208333 0.98       0.98008333 0.98016667],0.9807333333333335,0.0008323327326122479,[1. 1. 1. 1. 1.],1.0,111.18746399879456,58.12715559005737,90.0,0.008,0.9805556680463079,0.0008380391389923614,0.9807333333333335,0.0008323327326122479,0.9807240102047923,0.0008316188361606469,0.9806023300454024,0.0008448001938277993,0.9805415990751726,0.0008331357324856755
916,943,40caa8eeb3d0,2026-04-12 18:17:00,True,[0.98316667 0.9845     0.98325    0.98258333 0.98275   ],0.98325,0.0006728876412728867,[1. 1. 1. 1. 1.],1.0,132.20134329795837,61.40270104408264,90.0,0.015,0.9831011523811917,0.000652790823135005,0.98325,0.0006728876412728867,0.9832420374311681,0.0006738407523786326,0.9831266072741662,0.0006615176952261064,0.9830996419646238,0.0006405045440071414
917,944,a169e352c949,2026-04-12 19:06:57,True,[0.9755     0.97666667 0.97491667 0.97433333 0.97366667],0.9750166666666666,0.0010252370999486449,[1. 1. 1. 1. 1.],1.0,594.9070770740509,83.8084840297699,90.0,0.075,0.9749481070175563,0.001034827049133239,0.9750166666666666,0.0010252370999486449,0.9751258230508493,0.0010442662297330191,0.9753506335017452,0.001118265538608591,0.9749217019815315,0.0009853012548801082
918,945,6d205128daa2,2026-04-13 01:06:17,True,[0.83058333 0.82508333 0.82141667 0.82508333 0.81558333],0.82355,0.004943458078893533,[1. 1. 1. 1. 1.],1.0,4135.806556320191,233.6705915927887,90.0,0.15,0.849144001193989,0.004071086701020097,0.82355,0.004943458078893533,0.8511484086910898,0.003988250761998739,0.9258118462367015,0.0012383392374759627,0.8207602054467715,0.0050745629831775805
919,946,39e2e4127759,2026-04-13 01:21:47,True,[0.61375    0.62675    0.61841667 0.62033333 0.61483333],0.6188166666666667,0.00462463211750105,[1. 1. 1. 1. 1.],1.0,4493.171362304687,193.2014689922333,90.0,0.25,0.6596379632606052,0.0037336943066245583,0.6188166666666667,0.00462463211750105,0.6664850824960826,0.0037690457155616893,0.9112502996871712,0.001952381969573746,0.6089859130557567,0.004629965626494535
920,947,86cbcfbea83b,2026-04-13 03:24:28,True,[0.18525    0.18366667 0.18433333 0.18333333 0.18216667],0.18375000000000002,0.0010274023338281604,[1. 1. 1. 1. 1.],1.0,5915.433507633209,210.8790563583374,90.0,0.75,0.10411994174835784,0.0006975924836071048,0.18375000000000002,0.0010274023338281604,0.11518537731326754,0.0007804410999553891,0.4113414333836218,0.06325756344982676,0.17068746823536263,0.0009134298115181606
921,950,332a7293e5a0,2026-04-12 18:21:16,True,[0.92816667 0.93008333 0.9285     0.9275     0.9285    ],0.9285499999999999,0.000849182613523814,[0.9316875  0.93164583 0.93135417 0.93214583 0.93233333],0.9318333333333333,192.75927629470826,58.11313800811767,100.0,1e-05,0.9276286063112558,0.0008487535600218125,0.9285499999999999,0.000849182613523814,0.9283604110703901,0.0008352788851252546,0.9279215567633916,0.0009069496814610111,0.9276720380829836,0.0008146210794140828
922,951,fe73c81f347e,2026-04-12 18:04:54,True,[0.943      0.94275    0.94066667 0.94183333 0.9415    ],0.94195,0.0008491826135237882,[0.9506875  0.95158333 0.95197917 0.95127083 0.95177083],0.9514583333333334,83.34618268013,39.199521160125734,100.0,0.0001,0.9411746455101259,0.0008777940902767903,0.94195,0.0008491826135237882,0.9418167733041646,0.0008324095270331515,0.9413821832791163,0.0009074870449368876,0.9411644315946506,0.0008751724554513478
923,952,717ceae3d182,2026-04-12 18:06:11,True,[0.96891667 0.96916667 0.96641667 0.96933333 0.96883333],0.9685333333333332,0.0010731573354670024,[0.99033333 0.99089583 0.99091667 0.99054167 0.99054167],0.9906458333333333,91.35241680145263,40.83075008392334,100.0,0.001,0.9682159755313038,0.0011301610575310808,0.9685333333333332,0.0010731573354670024,0.968502323924554,0.001062368548446046,0.9683379349730341,0.0011652501071508655,0.9681651561396565,0.0011230179657510258
924,953,612270e272d8,2026-04-12 18:06:45,True,[0.97833333 0.9795     0.97783333 0.978      0.97816667],0.9783666666666667,0.0005906681715556639,[1.         0.99997917 1.         0.99997917 0.99997917],0.9999875000000001,88.8598256111145,44.5034574508667,100.0,0.005,0.9781708526727579,0.0005955190594849083,0.9783666666666667,0.0005906681715556639,0.9783556043856565,0.0005850858860636794,0.9782252121200716,0.0006046645529643043,0.9781580007072718,0.0005926489973149073
925,954,c4bd293d042e,2026-04-12 18:07:59,True,[0.98233333 0.98258333 0.98091667 0.98083333 0.98125   ],0.9815833333333334,0.0007321960878829627,[1. 1. 1. 1. 1.],1.0,98.9819130897522,45.17911329269409,100.0,0.01,0.9814182739338071,0.0007321291781316202,0.9815833333333334,0.0007321960878829627,0.9815754433067594,0.0007322054812368803,0.981457243364934,0.0007314905508838108,0.9814084595831923,0.0007332015001977183
926,955,1a987fef0371,2026-04-12 18:33:20,True,[0.98475    0.986      0.98483333 0.98441667 0.98425   ],0.98485,0.0006132789830991325,[1. 1. 1. 1. 1.],1.0,202.88685469627382,84.37932324409485,100.0,0.025,0.9847240073756154,0.0005960189239263004,0.98485,0.0006132789830991325,0.9848427275511659,0.000613932078060565,0.9847517232394424,0.0006085655163645516,0.9847162206404854,0.0005785900880717566
927,956,2e95498113cd,2026-04-12 19:04:52,True,[0.98408333 0.9845     0.9835     0.9825     0.981     ],0.9831166666666666,0.0012534397117975543,[1. 1. 1. 1. 1.],1.0,413.9815048217773,119.34591464996338,100.0,0.05,0.9830143248799553,0.001240657779077537,0.9831166666666666,0.0012534397117975543,0.9831143240568687,0.0012606025064071649,0.9830273911179706,0.0012333806292949485,0.9830429826133713,0.0012251465787435029
928,957,226c18f34ab2,2026-04-12 21:08:50,True,[0.95316667 0.94925    0.94675    0.95016667 0.94666667],0.9492,0.00241212216384939,[1. 1. 1. 1. 1.],1.0,1700.9464938640594,166.01566171646118,100.0,0.1,0.9508922632426179,0.0022888309196756377,0.9492,0.00241212216384939,0.9513392703862589,0.0022498293751933305,0.9578798211131684,0.0018100253680236249,0.9487305972004897,0.0024770314302963088
929,958,e3c2897be0af,2026-04-13 01:15:18,True,[0.29825    0.29291667 0.30466667 0.29816667 0.28116667],0.2950333333333333,0.007870585182253668,[1. 1. 1. 1. 1.],1.0,4532.190389537811,180.71492686271668,100.0,0.5,0.2359479130659452,0.0037751147695299445,0.2950333333333333,0.007870585182253668,0.2506575385206383,0.003942125500981509,0.6833255901133674,0.04049382460664396,0.2797688971058111,0.007489271342006892
930,959,e7495b5de3c5,2026-04-13 00:57:09,True,[0.17658333 0.17625    0.1755     0.17383333 0.17366667],0.17516666666666664,0.0012099127608587682,[1. 1. 1. 1. 1.],1.0,4387.485837936401,174.56914854049683,100.0,1.0,0.09756110628084083,0.0008017827321268273,0.17516666666666664,0.0012099127608587682,0.10800162839491767,0.0009201999608261826,0.19123667943413322,0.039991432905676354,0.1629715903107702,0.0010637258162991524
931,960,10f77d02c5eb,2026-04-13 01:17:49,True,[0.11233333 0.11241667 0.11241667 0.11233333 0.11233333],0.11236666666666666,4.082482904638861e-05,[1. 1. 1. 1. 1.],1.0,4586.636170816421,180.47255268096924,100.0,2.0,0.02020317017525385,6.598601957366764e-06,0.11236666666666666,4.082482904638861e-05,0.022701631580794874,1.5663638519085772e-05,0.011236666666666667,4.0824829046390306e-06,0.1,0.0
932,961,fa940a72946f,2026-04-13 03:31:07,True,[0.11233333 0.11241667 0.11241667 0.11233333 0.11233333],0.11236666666666666,4.082482904638861e-05,[1. 1. 1. 1. 1.],1.0,6136.164622688293,190.2979115962982,100.0,5.0,0.02020317017525385,6.598601957366764e-06,0.11236666666666666,4.082482904638861e-05,0.022701631580794874,1.5663638519085772e-05,0.011236666666666667,4.0824829046390306e-06,0.1,0.0
933,962,8c7c81aa3bac,2026-04-13 04:53:13,True,[0.11233333 0.11241667 0.11241667 0.11233333 0.11233333],0.11236666666666666,4.082482904638861e-05,[1. 1. 1. 1. 1.],1.0,7017.0626764297485,216.13313813209533,100.0,10.0,0.02020317017525385,6.598601957366764e-06,0.11236666666666666,4.082482904638861e-05,0.022701631580794874,1.5663638519085772e-05,0.011236666666666667,4.0824829046390306e-06,0.1,0.0
934,963,94498d23a000,2026-04-13 05:38:20,True,[0.11233333 0.11241667 0.11241667 0.11233333 0.11233333],0.11236666666666666,4.082482904638861e-05,[1. 1. 1. 1. 1.],1.0,7565.069412565232,212.42410278320312,100.0,50.0,0.02020317017525385,6.598601957366764e-06,0.11236666666666666,4.082482904638861e-05,0.022701631580794874,1.5663638519085772e-05,0.011236666666666667,4.0824829046390306e-06,0.1,0.0
935,964,1e4f137bcc16,2026-04-13 04:51:28,True,[0.11233333 0.11241667 0.11241667 0.11233333 0.11233333],0.11236666666666666,4.082482904638861e-05,[1. 1. 1. 1. 1.],1.0,7049.460847282409,197.6536991596222,100.0,100.0,0.02020317017525385,6.598601957366764e-06,0.11236666666666666,4.082482904638861e-05,0.022701631580794874,1.5663638519085772e-05,0.011236666666666667,4.0824829046390306e-06,0.1,0.0
936,965,16fc63fe5c13,2026-04-12 18:15:21,True,[0.95108333 0.95083333 0.95033333 0.95041667 0.95066667],0.9506666666666668,0.0002738612787525529,[0.9651875  0.96620833 0.96664583 0.9653125  0.96558333],0.9657874999999999,125.07566556930541,58.7086540222168,100.0,0.0003,0.9500688321059332,0.00026423811444001397,0.9506666666666668,0.0002738612787525529,0.9505740416039309,0.000260185925870065,0.9502378797949422,0.00026035833497010767,0.9500459842744153,0.0002768968237545899
937,966,18b563c52dd4,2026-04-12 18:13:26,True,[0.97658333 0.97833333 0.97458333 0.97525    0.97608333],0.9761666666666666,0.001282358937444778,[0.99975    0.99975    0.99979167 0.99979167 0.999875  ],0.9997916666666666,109.68819761276245,55.25723128318786,100.0,0.003,0.9759493854435449,0.0012856605174200511,0.9761666666666666,0.001282358937444778,0.9761510136732625,0.0012788220928729663,0.9760287232122271,0.0012934727244879277,0.9759147893047704,0.0012857137203855973
938,967,342222e8a58d,2026-04-12 18:14:16,True,[0.98133333 0.98208333 0.98       0.98008333 0.98016667],0.9807333333333335,0.0008323327326122479,[1. 1. 1. 1. 1.],1.0,117.73254632949829,57.630723810195924,100.0,0.008,0.9805556680463079,0.0008380391389923614,0.9807333333333335,0.0008323327326122479,0.9807240102047923,0.0008316188361606469,0.9806023300454024,0.0008448001938277993,0.9805415990751726,0.0008331357324856755
939,968,6a365ae63be1,2026-04-12 18:17:25,True,[0.98316667 0.9845     0.98325    0.98258333 0.98275   ],0.98325,0.0006728876412728867,[1. 1. 1. 1. 1.],1.0,138.14644966125488,61.692646503448486,100.0,0.015,0.9831011523811917,0.000652790823135005,0.98325,0.0006728876412728867,0.9832420374311681,0.0006738407523786326,0.9831266072741662,0.0006615176952261064,0.9830996419646238,0.0006405045440071414
940,969,eb4fe6e157e5,2026-04-12 19:37:28,True,[0.9755     0.97666667 0.97491667 0.97433333 0.97366667],0.9750166666666666,0.0010252370999486449,[1. 1. 1. 1. 1.],1.0,817.4272387504577,119.04413495063781,100.0,0.075,0.9749481070175563,0.001034827049133239,0.9750166666666666,0.0010252370999486449,0.9751258230508493,0.0010442662297330191,0.9753506335017452,0.001118265538608591,0.9749217019815315,0.0009853012548801082
941,970,86619384d76a,2026-04-12 23:36:41,True,[0.83058333 0.82508333 0.82141667 0.82508333 0.81558333],0.82355,0.004943458078893533,[1. 1. 1. 1. 1.],1.0,3463.3498071193694,168.819234085083,100.0,0.15,0.849144001193989,0.004071086701020097,0.82355,0.004943458078893533,0.8511484086910898,0.003988250761998739,0.9258118462367015,0.0012383392374759627,0.8207602054467715,0.0050745629831775805
942,971,aad64416f580,2026-04-12 22:33:59,True,[0.61375    0.62675    0.61841667 0.62033333 0.61483333],0.6188166666666667,0.00462463211750105,[1. 1. 1. 1. 1.],1.0,2776.6151463508604,152.6756435394287,100.0,0.25,0.6596379632606052,0.0037336943066245583,0.6188166666666667,0.00462463211750105,0.6664850824960826,0.0037690457155616893,0.9112502996871712,0.001952381969573746,0.6089859130557567,0.004629965626494535
943,972,853452466195,2026-04-13 00:14:37,True,[0.18525    0.18366667 0.18433333 0.18333333 0.18216667],0.18375000000000002,0.0010274023338281604,[1. 1. 1. 1. 1.],1.0,3907.118437719345,164.56334381103517,100.0,0.75,0.10411994174835784,0.0006975924836071048,0.18375000000000002,0.0010274023338281604,0.11518537731326754,0.0007804410999553891,0.4113414333836218,0.06325756344982676,0.17068746823536263,0.0009134298115181606
944,973,915110d6caa9,2026-04-13 03:07:17,True,[0.11233333 0.11241667 0.11241667 0.11233333 0.11233333],0.11236666666666666,4.082482904638861e-05,[1. 1. 1. 1. 1.],1.0,5848.290775537491,201.34807844161986,100.0,20.0,0.02020317017525385,6.598601957366764e-06,0.11236666666666666,4.082482904638861e-05,0.022701631580794874,1.5663638519085772e-05,0.011236666666666667,4.0824829046390306e-06,0.1,0.0
945,974,6673816b9406,2026-04-13 01:00:26,True,[0.11233333 0.11241667 0.11241667 0.11233333 0.11233333],0.11236666666666666,4.082482904638861e-05,[1. 1. 1. 1. 1.],1.0,4480.3697860717775,160.39361701011657,100.0,200.0,0.02020317017525385,6.598601957366764e-06,0.11236666666666666,4.082482904638861e-05,0.022701631580794874,1.5663638519085772e-05,0.011236666666666667,4.0824829046390306e-06,0.1,0.0
946,975,6ed203310610,2026-04-12 18:13:06,True,[0.93433333 0.93641667 0.93241667 0.93433333 0.93325   ],0.93415,0.0013430893078603843,[0.93779167 0.93754167 0.93802083 0.9380625  0.93845833],0.937975,128.03936715126036,50.37748279571533,200.0,1e-05,0.9333291189043518,0.001426391753288436,0.93415,0.0013430893078603843,0.9339966797960255,0.0013373189421208949,0.9336019209470139,0.0014983575892145954,0.9333378100992477,0.0013768626784498345
947,976,1d8ea15308cd,2026-04-12 17:59:23,True,[0.94458333 0.94358333 0.9425     0.94475    0.94441667],0.9439666666666667,0.0008359957469322929,[0.9565     0.95679167 0.95727083 0.95679167 0.95689583],0.95685,66.88136830329896,29.666365385055542,200.0,0.0001,0.9432268419168531,0.0008701618773006444,0.9439666666666667,0.0008359957469322929,0.9438489745067251,0.0008124006372228879,0.9434226697191507,0.0008944092908567587,0.9432184227144594,0.0009093484573020269
948,977,6a946ab62054,2026-04-12 18:10:43,True,[0.97016667 0.97033333 0.96791667 0.96941667 0.96916667],0.9693999999999999,0.0008618455649232045,[0.99645833 0.9963125  0.996375   0.99639583 0.99652083],0.9964125000000001,107.73422937393188,48.69112577438354,200.0,0.001,0.9690909081537942,0.0009095652224423019,0.9693999999999999,0.0008618455649232045,0.9693729228766715,0.0008564850522117544,0.9692051902302307,0.0009381978031939044,0.969044828476185,0.0008992680952243803
949,978,4600a6c5dbea,2026-04-12 18:11:36,True,[0.97816667 0.97941667 0.978      0.978      0.97808333],0.9783333333333333,0.0005451809077932324,[1. 1. 1. 1. 1.],1.0,105.09254188537598,51.26426186561584,200.0,0.005,0.9781366027319113,0.00054364662321222,0.9783333333333333,0.0005451809077932324,0.9783222373189042,0.000539629733575309,0.9781901419118881,0.0005549674933291625,0.9781240707219505,0.0005359752181670567
950,979,5f742d2cdbce,2026-04-12 18:12:41,True,[0.98233333 0.98258333 0.98091667 0.98083333 0.98125   ],0.9815833333333334,0.0007321960878829627,[1. 1. 1. 1. 1.],1.0,118.3349160194397,55.14950227737427,200.0,0.01,0.9814182739338071,0.0007321291781316202,0.9815833333333334,0.0007321960878829627,0.9815754433067594,0.0007322054812368803,0.981457243364934,0.0007314905508838108,0.9814084595831923,0.0007332015001977183
951,980,5750bcfa280e,2026-04-12 18:13:35,True,[0.98475    0.986      0.98483333 0.98441667 0.98425   ],0.98485,0.0006132789830991325,[1. 1. 1. 1. 1.],1.0,141.7916199207306,50.0073429107666,200.0,0.025,0.9847240073756154,0.0005960189239263004,0.98485,0.0006132789830991325,0.9848427275511659,0.000613932078060565,0.9847517232394424,0.0006085655163645516,0.9847162206404854,0.0005785900880717566
952,981,9ae11a93fcde,2026-04-12 18:30:51,True,[0.98408333 0.9845     0.9835     0.9825     0.981     ],0.9831166666666666,0.0012534397117975543,[1. 1. 1. 1. 1.],1.0,266.53803811073305,65.95038771629333,200.0,0.05,0.9830143248799553,0.001240657779077537,0.9831166666666666,0.0012534397117975543,0.9831143240568687,0.0012606025064071649,0.9830273911179706,0.0012333806292949485,0.9830429826133713,0.0012251465787435029
953,982,d4c9c1545691,2026-04-12 19:57:31,True,[0.95316667 0.94925    0.94675    0.95016667 0.94666667],0.9492,0.00241212216384939,[1. 1. 1. 1. 1.],1.0,1152.6382551670074,94.53329648971558,200.0,0.1,0.9508922632426179,0.0022888309196756377,0.9492,0.00241212216384939,0.9513392703862589,0.0022498293751933305,0.9578798211131684,0.0018100253680236249,0.9487305972004897,0.0024770314302963088
954,983,efac69d0f68f,2026-04-13 00:27:35,True,[0.29825    0.29291667 0.30466667 0.29816667 0.28116667],0.2950333333333333,0.007870585182253668,[1. 1. 1. 1. 1.],1.0,4031.0249914646147,161.6701292037964,200.0,0.5,0.2359479130659452,0.0037751147695299445,0.2950333333333333,0.007870585182253668,0.2506575385206383,0.003942125500981509,0.6833255901133674,0.04049382460664396,0.2797688971058111,0.007489271342006892
955,984,5040812155d6,2026-04-13 00:53:29,True,[0.17658333 0.17625    0.1755     0.17383333 0.17366667],0.17516666666666664,0.0012099127608587682,[1. 1. 1. 1. 1.],1.0,4352.7855315208435,168.67407150268554,200.0,1.0,0.09756110628084083,0.0008017827321268273,0.17516666666666664,0.0012099127608587682,0.10800162839491767,0.0009201999608261826,0.19123667943413322,0.039991432905676354,0.1629715903107702,0.0010637258162991524
956,985,0fbc38ef5e11,2026-04-13 00:10:30,True,[0.11233333 0.11241667 0.11241667 0.11233333 0.11233333],0.11236666666666666,4.082482904638861e-05,[1. 1. 1. 1. 1.],1.0,3914.893571090698,151.60322132110596,200.0,2.0,0.02020317017525385,6.598601957366764e-06,0.11236666666666666,4.082482904638861e-05,0.022701631580794874,1.5663638519085772e-05,0.011236666666666667,4.0824829046390306e-06,0.1,0.0
957,986,303cecb2a703,2026-04-13 00:22:42,True,[0.11233333 0.11241667 0.11241667 0.11233333 0.11233333],0.11236666666666666,4.082482904638861e-05,[1. 1. 1. 1. 1.],1.0,4144.293532466889,134.25397453308105,200.0,5.0,0.02020317017525385,6.598601957366764e-06,0.11236666666666666,4.082482904638861e-05,0.022701631580794874,1.5663638519085772e-05,0.011236666666666667,4.0824829046390306e-06,0.1,0.0
958,987,6880370e167f,2026-04-13 02:34:11,True,[0.11233333 0.11241667 0.11241667 0.11233333 0.11233333],0.11236666666666666,4.082482904638861e-05,[1. 1. 1. 1. 1.],1.0,5481.985230875015,174.79809036254883,200.0,10.0,0.02020317017525385,6.598601957366764e-06,0.11236666666666666,4.082482904638861e-05,0.022701631580794874,1.5663638519085772e-05,0.011236666666666667,4.0824829046390306e-06,0.1,0.0
959,988,99fbcb6b98b7,2026-04-13 02:24:53,True,[0.11233333 0.11241667 0.11241667 0.11233333 0.11233333],0.11236666666666666,4.082482904638861e-05,[1. 1. 1. 1. 1.],1.0,5437.6838551998135,169.0326371192932,200.0,50.0,0.02020317017525385,6.598601957366764e-06,0.11236666666666666,4.082482904638861e-05,0.022701631580794874,1.5663638519085772e-05,0.011236666666666667,4.0824829046390306e-06,0.1,0.0
960,989,3070f55a4dc6,2026-04-13 02:17:35,True,[0.11233333 0.11241667 0.11241667 0.11233333 0.11233333],0.11236666666666666,4.082482904638861e-05,[1. 1. 1. 1. 1.],1.0,5402.55102558136,160.24719562530518,200.0,100.0,0.02020317017525385,6.598601957366764e-06,0.11236666666666666,4.082482904638861e-05,0.022701631580794874,1.5663638519085772e-05,0.011236666666666667,4.0824829046390306e-06,0.1,0.0
961,990,1077cee79096,2026-04-12 18:06:02,True,[0.955      0.9545     0.95325    0.95308333 0.95266667],0.9537000000000001,0.0008922505876216066,[0.97277083 0.97370833 0.97385417 0.97347917 0.97310417],0.9733833333333333,95.65346307754517,41.94967904090881,200.0,0.0003,0.9531454210903785,0.0008934609728272239,0.9537000000000001,0.0008922505876216066,0.9536257787158251,0.0008979227931747634,0.9532968509888686,0.0008863880330477537,0.9531196929895849,0.0008759745160700774
962,991,9d282c81af40,2026-04-12 18:06:02,True,[0.97575    0.978      0.9745     0.97525    0.97583333],0.9758666666666667,0.001167380733855821,[0.99997917 0.99997917 1.         0.99995833 0.99995833],0.9999749999999998,88.24257097244262,40.819965267181395,200.0,0.003,0.9756502898114559,0.0011780432569348915,0.9758666666666667,0.001167380733855821,0.9758521695658494,0.0011629106385801448,0.9757256643768388,0.0011810624375100597,0.9756194311192686,0.0011815124111348144
963,992,d2f5818f4618,2026-04-12 18:01:28,True,[0.98133333 0.98208333 0.98       0.98008333 0.98016667],0.9807333333333335,0.0008323327326122479,[1. 1. 1. 1. 1.],1.0,78.87551488876343,31.54886178970337,200.0,0.008,0.9805556680463079,0.0008380391389923614,0.9807333333333335,0.0008323327326122479,0.9807240102047923,0.0008316188361606469,0.9806023300454024,0.0008448001938277993,0.9805415990751726,0.0008331357324856755
964,993,961401b09229,2026-04-12 18:03:40,True,[0.98316667 0.9845     0.98325    0.98258333 0.98275   ],0.98325,0.0006728876412728867,[1. 1. 1. 1. 1.],1.0,97.03011751174927,33.96224732398987,200.0,0.015,0.9831011523811917,0.000652790823135005,0.98325,0.0006728876412728867,0.9832420374311681,0.0006738407523786326,0.9831266072741662,0.0006615176952261064,0.9830996419646238,0.0006405045440071414
965,994,641947a0b94b,2026-04-12 20:16:42,True,[0.9755     0.97666667 0.97491667 0.97433333 0.97366667],0.9750166666666666,0.0010252370999486449,[1. 1. 1. 1. 1.],1.0,956.839898300171,188.4138017654419,200.0,0.075,0.9749481070175563,0.001034827049133239,0.9750166666666666,0.0010252370999486449,0.9751258230508493,0.0010442662297330191,0.9753506335017452,0.001118265538608591,0.9749217019815315,0.0009853012548801082
966,995,fdc84d224475,2026-04-13 00:49:31,True,[0.83058333 0.82508333 0.82141667 0.82508333 0.81558333],0.82355,0.004943458078893533,[1. 1. 1. 1. 1.],1.0,4016.540261745453,224.04980139732362,200.0,0.15,0.849144001193989,0.004071086701020097,0.82355,0.004943458078893533,0.8511484086910898,0.003988250761998739,0.9258118462367015,0.0012383392374759627,0.8207602054467715,0.0050745629831775805
967,996,9f233c6034c2,2026-04-13 01:42:10,True,[0.61375    0.62675    0.61841667 0.62033333 0.61483333],0.6188166666666667,0.00462463211750105,[1. 1. 1. 1. 1.],1.0,4587.3145383358005,235.08873014450074,200.0,0.25,0.6596379632606052,0.0037336943066245583,0.6188166666666667,0.00462463211750105,0.6664850824960826,0.0037690457155616893,0.9112502996871712,0.001952381969573746,0.6089859130557567,0.004629965626494535
968,997,4530503df9d3,2026-04-13 03:20:09,True,[0.18525    0.18366667 0.18433333 0.18333333 0.18216667],0.18375000000000002,0.0010274023338281604,[1. 1. 1. 1. 1.],1.0,5770.835404920578,241.51367502212526,200.0,0.75,0.10411994174835784,0.0006975924836071048,0.18375000000000002,0.0010274023338281604,0.11518537731326754,0.0007804410999553891,0.4113414333836218,0.06325756344982676,0.17068746823536263,0.0009134298115181606
969,998,9eec1f03f521,2026-04-13 03:34:30,True,[0.11233333 0.11241667 0.11241667 0.11233333 0.11233333],0.11236666666666666,4.082482904638861e-05,[1. 1. 1. 1. 1.],1.0,6059.4047996044155,204.44334921836852,200.0,20.0,0.02020317017525385,6.598601957366764e-06,0.11236666666666666,4.082482904638861e-05,0.022701631580794874,1.5663638519085772e-05,0.011236666666666667,4.0824829046390306e-06,0.1,0.0
970,999,c144074a6e79,2026-04-13 03:35:11,True,[0.11233333 0.11241667 0.11241667 0.11233333 0.11233333],0.11236666666666666,4.082482904638861e-05,[1. 1. 1. 1. 1.],1.0,6156.596837234497,192.70639386177064,200.0,200.0,0.02020317017525385,6.598601957366764e-06,0.11236666666666666,4.082482904638861e-05,0.022701631580794874,1.5663638519085772e-05,0.011236666666666667,4.0824829046390306e-06,0.1,0.0
