timestamp,project_name,run_id,experiment_id,duration,emissions,emissions_rate,cpu_power,gpu_power,ram_power,cpu_energy,gpu_energy,ram_energy,energy_consumed,water_consumed,country_name,country_iso_code,region,cloud_provider,cloud_region,os,python_version,codecarbon_version,cpu_count,cpu_model,gpu_count,gpu_model,longitude,latitude,ram_total_size,tracking_mode,cpu_utilization_percent,gpu_utilization_percent,ram_utilization_percent,ram_used_gb,on_cloud,pue,wue
2026-07-30T23:26:08,codecarbon,d7085dba-015a-4279-b819-078e1af26cd7,5b0fa12a-3dd7-45bb-9766-cc326314d9f1,0.7776746999006718,3.049134317259331e-07,3.920835173947129e-07,12.434268312992172,0.0,10.0,2.6340025205268853e-06,0.0,2.077097500053545e-06,4.71110002058043e-06,0.0,Canada,CAN,ontario,,,Windows-10-10.0.26200-SP0,3.11.9,3.2.6,8,Intel(R) Core(TM) i7-1065G7 CPU @ 1.30GHz,0,,-75.6718,45.3316,15.595848083496094,process,0.0,0,0.0,0.0,N,1.0,0.0
2026-07-30T23:26:13,codecarbon,422ddb16-c9ec-4a5f-b1db-0617aca1362e,5b0fa12a-3dd7-45bb-9766-cc326314d9f1,0.499888899968937,1.768427422135794e-07,3.537640908301192e-07,10.50464854574532,0.0,10.0,1.4185763357232847e-06,0.0,1.3137527773829384e-06,2.732329113106223e-06,0.0,Canada,CAN,ontario,,,Windows-10-10.0.26200-SP0,3.11.9,3.2.6,8,Intel(R) Core(TM) i7-1065G7 CPU @ 1.30GHz,0,,-75.6718,45.3316,15.595848083496094,process,0.0,0,0.0,0.0,N,1.0,0.0
2026-07-30T23:26:19,codecarbon,6e11f532-9470-4f4c-8fe1-e88d030dd98f,5b0fa12a-3dd7-45bb-9766-cc326314d9f1,1.7116499999538064,6.131375384929408e-07,3.5821431864545205e-07,10.244126947009224,0.0,10.0,4.817099228528179e-06,0.0,4.656252777850669e-06,9.473352006378848e-06,0.0,Canada,CAN,ontario,,,Windows-10-10.0.26200-SP0,3.11.9,3.2.6,8,Intel(R) Core(TM) i7-1065G7 CPU @ 1.30GHz,0,,-75.6718,45.3316,15.595848083496094,process,0.0,0,65.1,10.15802764892578,N,1.0,0.0
2026-07-30T23:26:24,codecarbon,47bb5f55-0c33-41eb-8727-d94a3aba2cd5,5b0fa12a-3dd7-45bb-9766-cc326314d9f1,0.4058612000662833,1.5673562603567205e-07,3.86180364149307e-07,12.639759264940034,0.0,10.0,1.3722498594457004e-06,0.0,1.0494119442430222e-06,2.4216618036887226e-06,0.0,Canada,CAN,ontario,,,Windows-10-10.0.26200-SP0,3.11.9,3.2.6,8,Intel(R) Core(TM) i7-1065G7 CPU @ 1.30GHz,0,,-75.6718,45.3316,15.595848083496094,process,0.0,0,0.0,0.0,N,1.0,0.0
2026-07-30T23:26:30,codecarbon,cded2757-0062-439f-8e2f-81b45cb5b7fb,5b0fa12a-3dd7-45bb-9766-cc326314d9f1,1.003395500127226,3.547203197360961e-07,3.535199427255944e-07,10.231893499822476,0.0,10.0,2.797982900976714e-06,0.0,2.682664167110084e-06,5.480647068086799e-06,0.0,Canada,CAN,ontario,,,Windows-10-10.0.26200-SP0,3.11.9,3.2.6,8,Intel(R) Core(TM) i7-1065G7 CPU @ 1.30GHz,0,,-75.6718,45.3316,15.595848083496094,process,0.0,0,0.0,0.0,N,1.0,0.0
2026-07-30T23:26:35,codecarbon,37ff8283-e037-4c4a-96b9-066ebb6f22e2,5b0fa12a-3dd7-45bb-9766-cc326314d9f1,0.4208859999198466,1.442138694436272e-07,3.4264354117526174e-07,10.1059486483128,0.0,10.0,1.1396607422652246e-06,0.0,1.0885322220726977e-06,2.228192964337922e-06,0.0,Canada,CAN,ontario,,,Windows-10-10.0.26200-SP0,3.11.9,3.2.6,8,Intel(R) Core(TM) i7-1065G7 CPU @ 1.30GHz,0,,-75.6718,45.3316,15.595848083496094,process,0.0,0,0.0,0.0,N,1.0,0.0
2026-07-30T23:26:40,codecarbon,f6d4f1cc-2763-4375-9ba8-1ca287727f59,5b0fa12a-3dd7-45bb-9766-cc326314d9f1,0.4920647998806089,1.879846051593786e-07,3.820322144664481e-07,12.07844830922992,0.0,10.0,1.6085480248294393e-06,0.0,1.2959297222550958e-06,2.904477747084536e-06,0.0,Canada,CAN,ontario,,,Windows-10-10.0.26200-SP0,3.11.9,3.2.6,8,Intel(R) Core(TM) i7-1065G7 CPU @ 1.30GHz,0,,-75.6718,45.3316,15.595848083496094,process,0.0,0,0.0,0.0,N,1.0,0.0
2026-07-30T23:26:45,codecarbon,167ad0ce-fa01-4689-a05c-a1715f2732ac,5b0fa12a-3dd7-45bb-9766-cc326314d9f1,0.4082889000419527,1.4304059558126773e-07,3.503416222350643e-07,10.379810067619427,0.0,10.0,1.14335655035875e-06,0.0,1.0667086113244296e-06,2.2100651616831795e-06,0.0,Canada,CAN,ontario,,,Windows-10-10.0.26200-SP0,3.11.9,3.2.6,8,Intel(R) Core(TM) i7-1065G7 CPU @ 1.30GHz,0,,-75.6718,45.3316,15.595848083496094,process,0.0,0,0.0,0.0,N,1.0,0.0
2026-07-30T23:26:51,codecarbon,1fbab441-9a10-4913-9c4b-fa8a2ee2e414,5b0fa12a-3dd7-45bb-9766-cc326314d9f1,0.9871775000356138,3.510343306447048e-07,3.555939338488172e-07,10.402220751474731,0.0,10.0,2.7983482145230227e-06,0.0,2.6253480554765298e-06,5.423696269999552e-06,0.0,Canada,CAN,ontario,,,Windows-10-10.0.26200-SP0,3.11.9,3.2.6,8,Intel(R) Core(TM) i7-1065G7 CPU @ 1.30GHz,0,,-75.6718,45.3316,15.595848083496094,process,0.0,0,0.0,0.0,N,1.0,0.0
2026-07-30T23:26:57,codecarbon,601a7c04-8a0d-4518-9b79-a17173133a8d,5b0fa12a-3dd7-45bb-9766-cc326314d9f1,1.612149000167847,6.426241460755148e-07,3.986133701094681e-07,12.544208837997193,0.0,10.0,5.5488168364544525e-06,0.0,4.380121389274589e-06,9.928938225729042e-06,0.0,Canada,CAN,ontario,,,Windows-10-10.0.26200-SP0,3.11.9,3.2.6,8,Intel(R) Core(TM) i7-1065G7 CPU @ 1.30GHz,0,,-75.6718,45.3316,15.595848083496094,process,39.8,0,65.3,10.178054809570312,N,1.0,0.0
2026-07-30T23:27:03,codecarbon,d544e5ef-5067-4261-882d-b5bc2cc40c3f,5b0fa12a-3dd7-45bb-9766-cc326314d9f1,0.5968786999583244,2.072595363207245e-07,3.472389554782168e-07,9.9403682856689,0.0,10.0,1.6140233971585768e-06,0.0,1.5882638891020585e-06,3.202287286260635e-06,0.0,Canada,CAN,ontario,,,Windows-10-10.0.26200-SP0,3.11.9,3.2.6,8,Intel(R) Core(TM) i7-1065G7 CPU @ 1.30GHz,0,,-75.6718,45.3316,15.595848083496094,process,0.0,0,0.0,0.0,N,1.0,0.0
2026-07-30T23:27:09,codecarbon,fff122bc-2400-4abf-aab6-7eeaa3575d95,5b0fa12a-3dd7-45bb-9766-cc326314d9f1,0.657983899815008,2.328828293084828e-07,3.539339326903861e-07,10.524986020144574,0.0,10.0,1.87044847541086e-06,0.0,1.727734444042047e-06,3.598182919452906e-06,0.0,Canada,CAN,ontario,,,Windows-10-10.0.26200-SP0,3.11.9,3.2.6,8,Intel(R) Core(TM) i7-1065G7 CPU @ 1.30GHz,0,,-75.6718,45.3316,15.595848083496094,process,0.0,0,0.0,0.0,N,1.0,0.0
2026-07-30T23:27:15,codecarbon,2b12f724-a412-4483-b8a4-126b6f4142c2,5b0fa12a-3dd7-45bb-9766-cc326314d9f1,0.9661471000872552,3.814204573909437e-07,3.9478507709281193e-07,12.562160582519546,0.0,10.0,3.310476168920985e-06,0.0,2.582704444648698e-06,5.893180613569684e-06,0.0,Canada,CAN,ontario,,,Windows-10-10.0.26200-SP0,3.11.9,3.2.6,8,Intel(R) Core(TM) i7-1065G7 CPU @ 1.30GHz,0,,-75.6718,45.3316,15.595848083496094,process,0.0,0,0.0,0.0,N,1.0,0.0
2026-07-30T23:27:20,codecarbon,bd72b064-4730-4b63-8f8b-c80b08868520,5b0fa12a-3dd7-45bb-9766-cc326314d9f1,0.4465926999691874,1.5038194226566689e-07,3.367317519431967e-07,9.604718145042025,0.0,10.0,1.156080704293358e-06,0.0,1.167412778078061e-06,2.323493482371419e-06,0.0,Canada,CAN,ontario,,,Windows-10-10.0.26200-SP0,3.11.9,3.2.6,8,Intel(R) Core(TM) i7-1065G7 CPU @ 1.30GHz,0,,-75.6718,45.3316,15.595848083496094,process,0.0,0,0.0,0.0,N,1.0,0.0
2026-07-30T23:27:27,codecarbon,34677bdc-1d24-43c9-8bed-2dc4a8ec84a8,5b0fa12a-3dd7-45bb-9766-cc326314d9f1,1.1632467999588698,4.253290330169894e-07,3.656395470265022e-07,10.822799628496686,0.0,10.0,3.439832052056208e-06,0.0,3.1317630556360304e-06,6.571595107692239e-06,0.0,Canada,CAN,ontario,,,Windows-10-10.0.26200-SP0,3.11.9,3.2.6,8,Intel(R) Core(TM) i7-1065G7 CPU @ 1.30GHz,0,,-75.6718,45.3316,15.595848083496094,process,0.0,0,65.3,10.17794418334961,N,1.0,0.0
2026-07-30T23:27:33,codecarbon,19c639b8-96d5-476f-8ff6-fc349b868ce5,5b0fa12a-3dd7-45bb-9766-cc326314d9f1,0.7960399999283254,3.139111850421161e-07,3.9434096913519465e-07,12.54777312488454,0.0,10.0,2.71985112001517e-06,0.0,2.1302697222886813e-06,4.8501208423038514e-06,0.0,Canada,CAN,ontario,,,Windows-10-10.0.26200-SP0,3.11.9,3.2.6,8,Intel(R) Core(TM) i7-1065G7 CPU @ 1.30GHz,0,,-75.6718,45.3316,15.595848083496094,process,0.0,0,0.0,0.0,N,1.0,0.0
2026-07-30T23:27:38,codecarbon,cf4e3908-237d-4b53-be2c-5d648d97f2e6,5b0fa12a-3dd7-45bb-9766-cc326314d9f1,0.4370800999458879,1.5191504096220085e-07,3.47567965187636e-07,10.270371458061769,0.0,10.0,1.2120524670583858e-06,0.0,1.135128332922856e-06,2.3471807999812416e-06,0.0,Canada,CAN,ontario,,,Windows-10-10.0.26200-SP0,3.11.9,3.2.6,8,Intel(R) Core(TM) i7-1065G7 CPU @ 1.30GHz,0,,-75.6718,45.3316,15.595848083496094,process,0.0,0,0.0,0.0,N,1.0,0.0
2026-07-30T23:27:44,codecarbon,ed4d6d49-6ccd-4f96-99a6-e6307f026258,5b0fa12a-3dd7-45bb-9766-cc326314d9f1,0.4687202998902648,1.643655613721034e-07,3.506687493812068e-07,10.299916545781162,0.0,10.0,1.3055284411725103e-06,0.0,1.2340205553401677e-06,2.539548996512678e-06,0.0,Canada,CAN,ontario,,,Windows-10-10.0.26200-SP0,3.11.9,3.2.6,8,Intel(R) Core(TM) i7-1065G7 CPU @ 1.30GHz,0,,-75.6718,45.3316,15.595848083496094,process,0.0,0,0.0,0.0,N,1.0,0.0
2026-07-30T23:27:50,codecarbon,41354ddc-522f-4b2a-ade7-45e9dc8c63fb,5b0fa12a-3dd7-45bb-9766-cc326314d9f1,0.4503357999492436,1.5825096572396857e-07,3.514065853565377e-07,10.48394332426388,0.0,10.0,1.2740652893795338e-06,0.0,1.1710094443211954e-06,2.445074733700729e-06,0.0,Canada,CAN,ontario,,,Windows-10-10.0.26200-SP0,3.11.9,3.2.6,8,Intel(R) Core(TM) i7-1065G7 CPU @ 1.30GHz,0,,-75.6718,45.3316,15.595848083496094,process,0.0,0,0.0,0.0,N,1.0,0.0
2026-07-30T23:27:56,codecarbon,ffd584fd-1fc0-4369-b99c-11bba538f73f,5b0fa12a-3dd7-45bb-9766-cc326314d9f1,0.5656955000013113,2.0188757349500066e-07,3.5688382441531296e-07,10.54954758831303,0.0,10.0,1.6203354906734915e-06,0.0,1.4989516665486414e-06,3.119287157222133e-06,0.0,Canada,CAN,ontario,,,Windows-10-10.0.26200-SP0,3.11.9,3.2.6,8,Intel(R) Core(TM) i7-1065G7 CPU @ 1.30GHz,0,,-75.6718,45.3316,15.595848083496094,process,0.0,0,0.0,0.0,N,1.0,0.0
2026-07-30T23:28:04,codecarbon,fb80de9c-4a72-4d14-b3d4-a935bd1526a3,5b0fa12a-3dd7-45bb-9766-cc326314d9f1,2.5557172999251634,9.035525532066244e-07,3.535416664562557e-07,9.890612985629213,0.0,10.0,6.9687759019625655e-06,0.0,6.991666666645971e-06,1.3960442568608536e-05,0.0,Canada,CAN,ontario,,,Windows-10-10.0.26200-SP0,3.11.9,3.2.6,8,Intel(R) Core(TM) i7-1065G7 CPU @ 1.30GHz,0,,-75.6718,45.3316,15.595848083496094,process,0.0,0,65.9,10.27735710144043,N,1.0,0.0
2026-07-30T23:28:10,codecarbon,335d3da9-4148-4c1d-a8e4-dc649ccebb2c,5b0fa12a-3dd7-45bb-9766-cc326314d9f1,0.773261500056833,2.97811017498208e-07,3.851362281405702e-07,12.235083264879398,0.0,10.0,2.5654658532635034e-06,0.0,2.0358975000110352e-06,4.601363353274539e-06,0.0,Canada,CAN,ontario,,,Windows-10-10.0.26200-SP0,3.11.9,3.2.6,8,Intel(R) Core(TM) i7-1065G7 CPU @ 1.30GHz,0,,-75.6718,45.3316,15.595848083496094,process,0.0,0,0.0,0.0,N,1.0,0.0
2026-07-30T23:28:16,codecarbon,224574c7-5034-4e19-922f-974ca8009c1b,5b0fa12a-3dd7-45bb-9766-cc326314d9f1,0.394901700085029,1.388965453221887e-07,3.517243539146119e-07,10.54776690991657,0.0,10.0,1.1196384259350577e-06,0.0,1.0263986109445494e-06,2.146037036879607e-06,0.0,Canada,CAN,ontario,,,Windows-10-10.0.26200-SP0,3.11.9,3.2.6,8,Intel(R) Core(TM) i7-1065G7 CPU @ 1.30GHz,0,,-75.6718,45.3316,15.595848083496094,process,0.0,0,0.0,0.0,N,1.0,0.0
2026-07-30T23:28:22,codecarbon,03f0bf8b-47a1-469e-8514-7ed818f1c4a0,5b0fa12a-3dd7-45bb-9766-cc326314d9f1,0.2679226000327617,9.378954498119773e-08,3.500620887141626e-07,10.971748012849757,0.0,10.0,7.768875329656013e-07,0.0,6.722186109982431e-07,1.4491061439638445e-06,0.0,Canada,CAN,ontario,,,Windows-10-10.0.26200-SP0,3.11.9,3.2.6,8,Intel(R) Core(TM) i7-1065G7 CPU @ 1.30GHz,0,,-75.6718,45.3316,15.595848083496094,process,0.0,0,0.0,0.0,N,1.0,0.0
2026-07-30T23:28:27,codecarbon,5b2525f9-f87d-47ae-aee2-29fa826c3d07,5b0fa12a-3dd7-45bb-9766-cc326314d9f1,0.4291828998830169,1.64688212699628e-07,3.837250103499401e-07,12.226406855520986,0.0,10.0,1.4178291578056262e-06,0.0,1.1267050001252856e-06,2.544534157930912e-06,0.0,Canada,CAN,ontario,,,Windows-10-10.0.26200-SP0,3.11.9,3.2.6,8,Intel(R) Core(TM) i7-1065G7 CPU @ 1.30GHz,0,,-75.6718,45.3316,15.595848083496094,process,0.0,0,0.0,0.0,N,1.0,0.0
2026-07-30T23:28:34,codecarbon,e6155a3a-7441-4644-b26d-8910a3c5c6d2,5b0fa12a-3dd7-45bb-9766-cc326314d9f1,0.5588060999289155,1.92631184625149e-07,3.4471918729887377e-07,9.845619139273952,0.0,10.0,1.494831090397702e-06,0.0,1.48143916675407e-06,2.976270257151772e-06,0.0,Canada,CAN,ontario,,,Windows-10-10.0.26200-SP0,3.11.9,3.2.6,8,Intel(R) Core(TM) i7-1065G7 CPU @ 1.30GHz,0,,-75.6718,45.3316,15.595848083496094,process,0.0,0,0.0,0.0,N,1.0,0.0
2026-07-30T23:28:40,codecarbon,cb1a8113-cdc5-42b0-95c7-59d89e1b5d4b,5b0fa12a-3dd7-45bb-9766-cc326314d9f1,0.6193241998553276,2.2011231085451505e-07,3.5540725020261225e-07,10.553138071619689,0.0,10.0,1.76896888963528e-06,0.0,1.6319016667289867e-06,3.4008705563642668e-06,0.0,Canada,CAN,ontario,,,Windows-10-10.0.26200-SP0,3.11.9,3.2.6,8,Intel(R) Core(TM) i7-1065G7 CPU @ 1.30GHz,0,,-75.6718,45.3316,15.595848083496094,process,0.0,0,0.0,0.0,N,1.0,0.0
2026-07-30T23:28:47,codecarbon,fec9c099-3e83-401e-8cec-097b245cfa4e,5b0fa12a-3dd7-45bb-9766-cc326314d9f1,0.8780225999653339,3.328871638846966e-07,3.791327966932054e-07,11.852146750609682,0.0,10.0,2.8214111063784785e-06,0.0,2.3219002779417984e-06,5.143311384320277e-06,0.0,Canada,CAN,ontario,,,Windows-10-10.0.26200-SP0,3.11.9,3.2.6,8,Intel(R) Core(TM) i7-1065G7 CPU @ 1.30GHz,0,,-75.6718,45.3316,15.595848083496094,process,0.0,0,0.0,0.0,N,1.0,0.0
2026-07-30T23:28:53,codecarbon,6cefbe2e-1297-4ee5-9543-a64277ce7ae5,5b0fa12a-3dd7-45bb-9766-cc326314d9f1,0.2738413999322802,9.413463344666913e-08,3.4375603349219e-07,10.457891901598131,0.0,10.0,7.608865840810082e-07,0.0,6.935513888796171e-07,1.4544379729606252e-06,0.0,Canada,CAN,ontario,,,Windows-10-10.0.26200-SP0,3.11.9,3.2.6,8,Intel(R) Core(TM) i7-1065G7 CPU @ 1.30GHz,0,,-75.6718,45.3316,15.595848083496094,process,0.0,0,0.0,0.0,N,1.0,0.0
2026-07-30T23:28:59,codecarbon,b9070c12-5970-4097-bb4c-365ee966ff13,5b0fa12a-3dd7-45bb-9766-cc326314d9f1,0.3245137000922113,1.1566468453636129e-07,3.5642465789116105e-07,11.069360507750275,0.0,10.0,9.583305015402277e-07,0.0,8.287600002303306e-07,1.787090501770558e-06,0.0,Canada,CAN,ontario,,,Windows-10-10.0.26200-SP0,3.11.9,3.2.6,8,Intel(R) Core(TM) i7-1065G7 CPU @ 1.30GHz,0,,-75.6718,45.3316,15.595848083496094,process,0.0,0,0.0,0.0,N,1.0,0.0
2026-07-30T23:29:05,codecarbon,440a9d9e-4102-47ab-abd5-5edbea85544e,5b0fa12a-3dd7-45bb-9766-cc326314d9f1,0.2592998999170959,1.0025521477921385e-07,3.866380774202678e-07,13.263365593545537,0.0,10.0,9.036419404091978e-07,0.0,6.453627778682858e-07,1.5490047182774836e-06,0.0,Canada,CAN,ontario,,,Windows-10-10.0.26200-SP0,3.11.9,3.2.6,8,Intel(R) Core(TM) i7-1065G7 CPU @ 1.30GHz,0,,-75.6718,45.3316,15.595848083496094,process,0.0,0,0.0,0.0,N,1.0,0.0
2026-07-30T23:29:11,codecarbon,be685609-5a42-4b54-995e-eaa30a79241e,5b0fa12a-3dd7-45bb-9766-cc326314d9f1,0.4330587999429554,1.5195800303718874e-07,3.508946199851045e-07,10.417361364656252,0.0,10.0,1.2160573682175249e-06,0.0,1.131787222240948e-06,2.3478445904584726e-06,0.0,Canada,CAN,ontario,,,Windows-10-10.0.26200-SP0,3.11.9,3.2.6,8,Intel(R) Core(TM) i7-1065G7 CPU @ 1.30GHz,0,,-75.6718,45.3316,15.595848083496094,process,0.0,0,0.0,0.0,N,1.0,0.0
2026-07-30T23:29:17,codecarbon,5548808f-0698-42b5-be47-d21900e8abe6,5b0fa12a-3dd7-45bb-9766-cc326314d9f1,0.2801240000408143,8.87600066900997e-08,3.168597002654799e-07,8.84157604240669,0.0,10.0,6.579630733974578e-07,0.0,7.134336111549702e-07,1.371396684552428e-06,0.0,Canada,CAN,ontario,,,Windows-10-10.0.26200-SP0,3.11.9,3.2.6,8,Intel(R) Core(TM) i7-1065G7 CPU @ 1.30GHz,0,,-75.6718,45.3316,15.595848083496094,process,0.0,0,0.0,0.0,N,1.0,0.0
2026-07-30T23:29:25,codecarbon,b76da8e7-f981-4e4c-a6bf-67af8e3883df,5b0fa12a-3dd7-45bb-9766-cc326314d9f1,0.5540100999642164,1.9303668454087146e-07,3.484353165282361e-07,10.329385675773096,0.0,10.0,1.5420685359202491e-06,0.0,1.4404669442834951e-06,2.982535480203744e-06,0.0,Canada,CAN,ontario,,,Windows-10-10.0.26200-SP0,3.11.9,3.2.6,8,Intel(R) Core(TM) i7-1065G7 CPU @ 1.30GHz,0,,-75.6718,45.3316,15.595848083496094,process,0.0,0,0.0,0.0,N,1.0,0.0
2026-07-30T23:29:32,codecarbon,67c24ab1-c2ce-4725-b381-1343b2ff1b6a,5b0fa12a-3dd7-45bb-9766-cc326314d9f1,0.4751079999841749,1.6485256131624284e-07,3.469791317379076e-07,10.154322900526804,0.0,10.0,1.30244761176934e-06,0.0,1.244625833351165e-06,2.5470734451205047e-06,0.0,Canada,CAN,ontario,,,Windows-10-10.0.26200-SP0,3.11.9,3.2.6,8,Intel(R) Core(TM) i7-1065G7 CPU @ 1.30GHz,0,,-75.6718,45.3316,15.595848083496094,process,0.0,0,0.0,0.0,N,1.0,0.0
2026-07-30T23:29:39,codecarbon,9b659c7f-cc9c-451d-9761-5f44dd757cea,5b0fa12a-3dd7-45bb-9766-cc326314d9f1,0.304669399978593,1.0687389692371084e-07,3.507864489549004e-07,10.71926629821649,0.0,10.0,8.704202050471019e-07,0.0,7.808472223890324e-07,1.6512674274361342e-06,0.0,Canada,CAN,ontario,,,Windows-10-10.0.26200-SP0,3.11.9,3.2.6,8,Intel(R) Core(TM) i7-1065G7 CPU @ 1.30GHz,0,,-75.6718,45.3316,15.595848083496094,process,0.0,0,0.0,0.0,N,1.0,0.0
2026-07-30T23:29:46,codecarbon,8d4786e9-477f-49e7-936a-1f92cb0095bd,5b0fa12a-3dd7-45bb-9766-cc326314d9f1,0.5295846997760236,2.0000427956233125e-07,3.7766249600284657e-07,11.735061094487872,0.0,10.0,1.6870027190890318e-06,0.0,1.4031863887794316e-06,3.090189107868464e-06,0.0,Canada,CAN,ontario,,,Windows-10-10.0.26200-SP0,3.11.9,3.2.6,8,Intel(R) Core(TM) i7-1065G7 CPU @ 1.30GHz,0,,-75.6718,45.3316,15.595848083496094,process,0.0,0,0.0,0.0,N,1.0,0.0
2026-07-30T23:29:52,codecarbon,0cad5d54-61e1-4906-853c-5ff0128e75b1,5b0fa12a-3dd7-45bb-9766-cc326314d9f1,0.3961906000040471,1.3854073835643318e-07,3.496820428223637e-07,10.458589728606349,0.0,10.0,1.1127201560369048e-06,0.0,1.0278194444254042e-06,2.140539600462309e-06,0.0,Canada,CAN,ontario,,,Windows-10-10.0.26200-SP0,3.11.9,3.2.6,8,Intel(R) Core(TM) i7-1065G7 CPU @ 1.30GHz,0,,-75.6718,45.3316,15.595848083496094,process,0.0,0,0.0,0.0,N,1.0,0.0
2026-07-30T23:29:59,codecarbon,15b5ba6b-56dc-4652-aa3a-e73b8d1fe9af,5b0fa12a-3dd7-45bb-9766-cc326314d9f1,0.7090165999252349,2.415427728459586e-07,3.406729445705913e-07,9.741906218158803,0.0,10.0,1.8693224276377967e-06,0.0,1.8626619447281377e-06,3.7319843723659352e-06,0.0,Canada,CAN,ontario,,,Windows-10-10.0.26200-SP0,3.11.9,3.2.6,8,Intel(R) Core(TM) i7-1065G7 CPU @ 1.30GHz,0,,-75.6718,45.3316,15.595848083496094,process,0.0,0,0.0,0.0,N,1.0,0.0
2026-07-30T23:30:06,codecarbon,4654974d-8bbe-4cb9-818b-3038e67b4c18,5b0fa12a-3dd7-45bb-9766-cc326314d9f1,0.2859600000083446,1.0899105512631794e-07,3.811409117468788e-07,12.559764662212988,0.0,10.0,9.57820212533865e-07,0.0,7.261586110366302e-07,1.6839788235704952e-06,0.0,Canada,CAN,ontario,,,Windows-10-10.0.26200-SP0,3.11.9,3.2.6,8,Intel(R) Core(TM) i7-1065G7 CPU @ 1.30GHz,0,,-75.6718,45.3316,15.595848083496094,process,0.0,0,0.0,0.0,N,1.0,0.0
2026-07-30T23:30:12,codecarbon,543a7321-91bd-4ace-aaa3-580952e8a476,5b0fa12a-3dd7-45bb-9766-cc326314d9f1,0.3139115998055786,1.0505185172895705e-07,3.3465425232460665e-07,9.841203887991094,0.0,10.0,8.2379487589488e-07,0.0,7.993208328520673e-07,1.623115708746947e-06,0.0,Canada,CAN,ontario,,,Windows-10-10.0.26200-SP0,3.11.9,3.2.6,8,Intel(R) Core(TM) i7-1065G7 CPU @ 1.30GHz,0,,-75.6718,45.3316,15.595848083496094,process,0.0,0,0.0,0.0,N,1.0,0.0
2026-07-30T23:30:19,codecarbon,4038c71a-4543-4576-8abb-3fe6bad40019,5b0fa12a-3dd7-45bb-9766-cc326314d9f1,0.3479915000498295,1.184276685144762e-07,3.403177045919753e-07,10.078437546913507,0.0,10.0,9.373375254177984e-07,0.0,8.924427778563565e-07,1.829780303274155e-06,0.0,Canada,CAN,ontario,,,Windows-10-10.0.26200-SP0,3.11.9,3.2.6,8,Intel(R) Core(TM) i7-1065G7 CPU @ 1.30GHz,0,,-75.6718,45.3316,15.595848083496094,process,0.0,0,0.0,0.0,N,1.0,0.0
2026-07-30T23:30:25,codecarbon,80e731d4-74ad-49bf-aae4-31e4181e09fd,5b0fa12a-3dd7-45bb-9766-cc326314d9f1,0.4024699998553842,1.5033807972632485e-07,3.735385986044784e-07,11.773236137871184,0.0,10.0,1.2729343907846563e-06,0.0,1.0498813883815374e-06,2.322815779166194e-06,0.0,Canada,CAN,ontario,,,Windows-10-10.0.26200-SP0,3.11.9,3.2.6,8,Intel(R) Core(TM) i7-1065G7 CPU @ 1.30GHz,0,,-75.6718,45.3316,15.595848083496094,process,0.0,0,0.0,0.0,N,1.0,0.0
2026-07-30T23:30:31,codecarbon,80d85e3b-cd2b-4a8c-98db-f47c0fbe37de,5b0fa12a-3dd7-45bb-9766-cc326314d9f1,0.3310830001719296,1.183838845021043e-07,3.575655785426258e-07,11.10926003483389,0.0,10.0,9.821832576944728e-07,0.0,8.469205556644334e-07,1.8291038133589064e-06,0.0,Canada,CAN,ontario,,,Windows-10-10.0.26200-SP0,3.11.9,3.2.6,8,Intel(R) Core(TM) i7-1065G7 CPU @ 1.30GHz,0,,-75.6718,45.3316,15.595848083496094,process,0.0,0,0.0,0.0,N,1.0,0.0
2026-07-30T23:30:38,codecarbon,21e7aac3-786d-4b16-a69a-4444148f7aa0,5b0fa12a-3dd7-45bb-9766-cc326314d9f1,0.3798359998036176,1.2396004981182192e-07,3.263515040067598e-07,9.325421024212416,0.0,10.0,9.446926078411788e-07,0.0,9.705663885041658e-07,1.9152589963453447e-06,0.0,Canada,CAN,ontario,,,Windows-10-10.0.26200-SP0,3.11.9,3.2.6,8,Intel(R) Core(TM) i7-1065G7 CPU @ 1.30GHz,0,,-75.6718,45.3316,15.595848083496094,process,0.0,0,0.0,0.0,N,1.0,0.0
2026-07-30T23:30:45,codecarbon,eba42574-34e0-4265-bb51-847f27a5e4f1,5b0fa12a-3dd7-45bb-9766-cc326314d9f1,0.5645351000130177,2.015517105112308e-07,3.570224606168566e-07,10.761226953011196,0.0,10.0,1.6371670342207586e-06,0.0,1.4769308333699077e-06,3.114097867590666e-06,0.0,Canada,CAN,ontario,,,Windows-10-10.0.26200-SP0,3.11.9,3.2.6,8,Intel(R) Core(TM) i7-1065G7 CPU @ 1.30GHz,0,,-75.6718,45.3316,15.595848083496094,process,0.0,0,0.0,0.0,N,1.0,0.0
2026-07-30T23:30:53,codecarbon,bdf8cdb7-cfc5-4559-81e5-af689d0f0d6a,5b0fa12a-3dd7-45bb-9766-cc326314d9f1,1.1611419999971986,3.847308368082226e-07,3.313383176296705e-07,8.94083601748175,0.0,10.0,2.83082912194624e-06,0.0,3.113498889271998e-06,5.944328011218238e-06,0.0,Canada,CAN,ontario,,,Windows-10-10.0.26200-SP0,3.11.9,3.2.6,8,Intel(R) Core(TM) i7-1065G7 CPU @ 1.30GHz,0,,-75.6718,45.3316,15.595848083496094,process,0.0,0,68.3,10.651824951171877,N,1.0,0.0
2026-07-30T23:31:06,codecarbon,43d129d9-9c45-45ec-a313-deb429338e64,5b0fa12a-3dd7-45bb-9766-cc326314d9f1,3.909931099973619,1.2675589098968153e-06,3.241895771271693e-07,8.200724411022307,0.0,10.0,8.85066211760315e-06,0.0,1.0733902500295598e-05,1.9584564617898748e-05,0.0,Canada,CAN,ontario,,,Windows-10-10.0.26200-SP0,3.11.9,3.2.6,8,Intel(R) Core(TM) i7-1065G7 CPU @ 1.30GHz,0,,-75.6718,45.3316,15.595848083496094,process,0.0,0,68.76666666666667,10.72418212890625,N,1.0,0.0
2026-07-30T23:31:19,codecarbon,a976546e-08cd-4cbb-b994-2a056ed45d17,5b0fa12a-3dd7-45bb-9766-cc326314d9f1,2.5337839999701828,9.732419550441375e-07,3.841061254848837e-07,11.652749243957716,0.0,10.0,8.124683903364732e-06,0.0,6.91250277773684e-06,1.5037186681101572e-05,0.0,Canada,CAN,ontario,,,Windows-10-10.0.26200-SP0,3.11.9,3.2.6,8,Intel(R) Core(TM) i7-1065G7 CPU @ 1.30GHz,0,,-75.6718,45.3316,15.595848083496094,process,0.0,0,69.25,10.80417251586914,N,1.0,0.0
2026-07-30T23:31:28,codecarbon,961913ce-3dfd-46cf-a719-14643481d2d9,5b0fa12a-3dd7-45bb-9766-cc326314d9f1,0.5714898000005633,2.018031960839076e-07,3.531177565788728e-07,10.337996686868031,0.0,10.0,1.6036754187045895e-06,0.0,1.5143080556299538e-06,3.117983474334544e-06,0.0,Canada,CAN,ontario,,,Windows-10-10.0.26200-SP0,3.11.9,3.2.6,8,Intel(R) Core(TM) i7-1065G7 CPU @ 1.30GHz,0,,-75.6718,45.3316,15.595848083496094,process,0.0,0,0.0,0.0,N,1.0,0.0
2026-07-30T23:31:39,codecarbon,f9faedd5-5779-4675-bc32-84807e5ec7c8,5b0fa12a-3dd7-45bb-9766-cc326314d9f1,3.023123800056055,1.0565660796672793e-06,3.494948105160921e-07,9.67665800050275,0.0,10.0,8.06240758955764e-06,0.0,8.262188055474931e-06,1.6324595645032573e-05,0.0,Canada,CAN,ontario,,,Windows-10-10.0.26200-SP0,3.11.9,3.2.6,8,Intel(R) Core(TM) i7-1065G7 CPU @ 1.30GHz,0,,-75.6718,45.3316,15.595848083496094,process,50.0,0,67.8,10.5758056640625,N,1.0,0.0
2026-07-30T23:31:48,codecarbon,83dfc2d4-7f25-477f-bc66-a884643d47bd,5b0fa12a-3dd7-45bb-9766-cc326314d9f1,0.6145773001480848,2.006485910571565e-07,3.264822683961959e-07,8.989709572841692,0.0,10.0,1.492103005445336e-06,0.0,1.6080411112246414e-06,3.1001441166699774e-06,0.0,Canada,CAN,ontario,,,Windows-10-10.0.26200-SP0,3.11.9,3.2.6,8,Intel(R) Core(TM) i7-1065G7 CPU @ 1.30GHz,0,,-75.6718,45.3316,15.595848083496094,process,0.0,0,0.0,0.0,N,1.0,0.0
2026-07-30T23:31:59,codecarbon,31487a1d-3134-4546-b958-f0da88b4d565,5b0fa12a-3dd7-45bb-9766-cc326314d9f1,1.3512340998277068,4.7076481996555284e-07,3.4839619576325015e-07,9.765068730493338,0.0,10.0,3.61447373392925e-06,0.0,3.659132221946493e-06,7.273605955875743e-06,0.0,Canada,CAN,ontario,,,Windows-10-10.0.26200-SP0,3.11.9,3.2.6,8,Intel(R) Core(TM) i7-1065G7 CPU @ 1.30GHz,0,,-75.6718,45.3316,15.595848083496094,process,0.0,0,68.3,10.655353546142578,N,1.0,0.0
2026-07-30T23:32:07,codecarbon,821b55d9-652f-44e6-8c81-23ed2c95de50,5b0fa12a-3dd7-45bb-9766-cc326314d9f1,1.0675154000055045,3.656063731446657e-07,3.424834650092921e-07,9.74984811531519,0.0,10.0,2.824723287663889e-06,0.0,2.8241199997460675e-06,5.648843287409956e-06,0.0,Canada,CAN,ontario,,,Windows-10-10.0.26200-SP0,3.11.9,3.2.6,8,Intel(R) Core(TM) i7-1065G7 CPU @ 1.30GHz,0,,-75.6718,45.3316,15.595848083496094,process,0.0,0,0.0,0.0,N,1.0,0.0
2026-07-30T23:32:19,codecarbon,c69daa78-21ea-400c-9c32-9107abfa62b1,5b0fa12a-3dd7-45bb-9766-cc326314d9f1,0.9274460000451654,3.144110787256961e-07,3.390074233005314e-07,9.598138030127704,0.0,10.0,2.4117950624010485e-06,0.0,2.446049444713733e-06,4.8578445071147815e-06,0.0,Canada,CAN,ontario,,,Windows-10-10.0.26200-SP0,3.11.9,3.2.6,8,Intel(R) Core(TM) i7-1065G7 CPU @ 1.30GHz,0,,-75.6718,45.3316,15.595848083496094,process,0.0,0,0.0,0.0,N,1.0,0.0
2026-07-30T23:32:32,codecarbon,4f8cc44f-0504-48db-b15e-c71c3c5f6a6f,5b0fa12a-3dd7-45bb-9766-cc326314d9f1,1.946705900132656,7.107117699404452e-07,3.6508430466667537e-07,10.608650658790342,0.0,10.0,5.676687494205534e-06,0.0,5.304246389358822e-06,1.0980933883564356e-05,0.0,Canada,CAN,ontario,,,Windows-10-10.0.26200-SP0,3.11.9,3.2.6,8,Intel(R) Core(TM) i7-1065G7 CPU @ 1.30GHz,0,,-75.6718,45.3316,15.595848083496094,process,0.0,0,67.1,10.45932388305664,N,1.0,0.0
2026-07-30T23:32:40,codecarbon,a41502c7-cb45-47ec-9b78-8d263e769274,5b0fa12a-3dd7-45bb-9766-cc326314d9f1,0.3817081998568028,1.367708139851199e-07,3.5831248591575765e-07,11.000838162063696,0.0,10.0,1.1263804026510757e-06,0.0,9.868127778948597e-07,2.113193180545936e-06,0.0,Canada,CAN,ontario,,,Windows-10-10.0.26200-SP0,3.11.9,3.2.6,8,Intel(R) Core(TM) i7-1065G7 CPU @ 1.30GHz,0,,-75.6718,45.3316,15.595848083496094,process,0.0,0,0.0,0.0,N,1.0,0.0
2026-07-30T23:32:47,codecarbon,430e932d-d370-4dfe-995f-5113d03c5940,5b0fa12a-3dd7-45bb-9766-cc326314d9f1,0.4377500000409782,1.533386179686828e-07,3.5028810497847774e-07,10.423146261080811,0.0,10.0,1.2283017737795343e-06,0.0,1.1408741663520534e-06,2.369175940131588e-06,0.0,Canada,CAN,ontario,,,Windows-10-10.0.26200-SP0,3.11.9,3.2.6,8,Intel(R) Core(TM) i7-1065G7 CPU @ 1.30GHz,0,,-75.6718,45.3316,15.595848083496094,process,0.0,0,0.0,0.0,N,1.0,0.0
2026-07-30T23:32:56,codecarbon,d17d756e-60ad-4657-b554-424f5b6a3f72,5b0fa12a-3dd7-45bb-9766-cc326314d9f1,0.8355018000584096,2.912559360954944e-07,3.4860001028739e-07,10.08502616850228,0.0,10.0,2.2865513699926548e-06,0.0,2.21353194469379e-06,4.500083314686445e-06,0.0,Canada,CAN,ontario,,,Windows-10-10.0.26200-SP0,3.11.9,3.2.6,8,Intel(R) Core(TM) i7-1065G7 CPU @ 1.30GHz,0,,-75.6718,45.3316,15.595848083496094,process,0.0,0,0.0,0.0,N,1.0,0.0
2026-07-30T23:33:04,codecarbon,a647c127-453c-4529-a2ac-4658b3f6c5c3,5b0fa12a-3dd7-45bb-9766-cc326314d9f1,0.6712454000953585,2.625503363870419e-07,3.911391219213473e-07,12.39194869426435,0.0,10.0,2.26539692490514e-06,0.0,1.7911672223514566e-06,4.056564147256596e-06,0.0,Canada,CAN,ontario,,,Windows-10-10.0.26200-SP0,3.11.9,3.2.6,8,Intel(R) Core(TM) i7-1065G7 CPU @ 1.30GHz,0,,-75.6718,45.3316,15.595848083496094,process,0.0,0,0.0,0.0,N,1.0,0.0
2026-07-30T23:33:14,codecarbon,34f56422-1d65-43eb-b41e-2a01f0d58432,5b0fa12a-3dd7-45bb-9766-cc326314d9f1,1.0554937000852078,3.792821930506656e-07,3.593410297191229e-07,10.56896130088679,0.0,10.0,3.0374786698807823e-06,0.0,2.8226644447487266e-06,5.8601431146295085e-06,0.0,Canada,CAN,ontario,,,Windows-10-10.0.26200-SP0,3.11.9,3.2.6,8,Intel(R) Core(TM) i7-1065G7 CPU @ 1.30GHz,0,,-75.6718,45.3316,15.595848083496094,process,0.0,0,0.0,0.0,N,1.0,0.0
2026-07-30T23:33:22,codecarbon,3f0c398f-3c25-4a60-a487-3ef427da0038,5b0fa12a-3dd7-45bb-9766-cc326314d9f1,0.3119143999647349,1.0418001621706425e-07,3.340019448568031e-07,9.917707563220542,0.0,10.0,8.241703141367523e-07,0.0,7.85474999833645e-07,1.6096453139703971e-06,0.0,Canada,CAN,ontario,,,Windows-10-10.0.26200-SP0,3.11.9,3.2.6,8,Intel(R) Core(TM) i7-1065G7 CPU @ 1.30GHz,0,,-75.6718,45.3316,15.595848083496094,process,0.0,0,0.0,0.0,N,1.0,0.0
2026-07-30T23:33:31,codecarbon,be78b388-54b4-49bf-80ae-ec7d57fd12b7,5b0fa12a-3dd7-45bb-9766-cc326314d9f1,0.5017275998834521,1.477163164250841e-07,2.944153689360473e-07,9.994964986896935,0.0,10.0,1.1648473688228594e-06,0.0,1.117460555138273e-06,2.2823079239611327e-06,0.0,Canada,CAN,ontario,,,Windows-10-10.0.26200-SP0,3.11.9,3.2.6,8,Intel(R) Core(TM) i7-1065G7 CPU @ 1.30GHz,0,,-75.6718,45.3316,15.595848083496094,process,0.0,0,0.0,0.0,N,1.0,0.0
2026-07-30T23:33:41,codecarbon,b1b36369-aea6-46ac-8465-25cf1bb6cc5b,5b0fa12a-3dd7-45bb-9766-cc326314d9f1,1.87658130005002,6.336742069084596e-07,3.376747955932253e-07,9.117910309260829,0.0,10.0,4.694599773372671e-06,0.0,5.096056388639328e-06,9.790656162012e-06,0.0,Canada,CAN,ontario,,,Windows-10-10.0.26200-SP0,3.11.9,3.2.6,8,Intel(R) Core(TM) i7-1065G7 CPU @ 1.30GHz,0,,-75.6718,45.3316,15.595848083496094,process,0.0,0,67.6,10.537227630615234,N,1.0,0.0
2026-07-30T23:33:53,codecarbon,e549cd60-22d9-4a50-a149-063d878ce22e,5b0fa12a-3dd7-45bb-9766-cc326314d9f1,0.4253383998293429,1.5352109678290254e-07,3.609387180760055e-07,11.054499655837128,0.0,10.0,1.2651825722491917e-06,0.0,1.1068127777737877e-06,2.371995350022979e-06,0.0,Canada,CAN,ontario,,,Windows-10-10.0.26200-SP0,3.11.9,3.2.6,8,Intel(R) Core(TM) i7-1065G7 CPU @ 1.30GHz,0,,-75.6718,45.3316,15.595848083496094,process,0.0,0,0.0,0.0,N,1.0,0.0
2026-07-30T23:34:02,codecarbon,e39dd221-ad7b-45cb-9d20-211ca6c9287d,5b0fa12a-3dd7-45bb-9766-cc326314d9f1,0.7928722999058664,3.163296818478019e-07,3.989667464550825e-07,12.728508999360866,0.0,10.0,2.757528938849265e-06,0.0,2.1299591663086582e-06,4.887488105157923e-06,0.0,Canada,CAN,ontario,,,Windows-10-10.0.26200-SP0,3.11.9,3.2.6,8,Intel(R) Core(TM) i7-1065G7 CPU @ 1.30GHz,0,,-75.6718,45.3316,15.595848083496094,process,0.0,0,0.0,0.0,N,1.0,0.0
2026-07-30T23:34:10,codecarbon,d2174f87-1df2-481b-951b-5b421f07234f,5b0fa12a-3dd7-45bb-9766-cc326314d9f1,0.2957455997820943,1.0120488049446045e-07,3.4220248946739454e-07,10.395777544117726,0.0,10.0,8.162856931928838e-07,0.0,7.473919443630924e-07,1.5636776375559762e-06,0.0,Canada,CAN,ontario,,,Windows-10-10.0.26200-SP0,3.11.9,3.2.6,8,Intel(R) Core(TM) i7-1065G7 CPU @ 1.30GHz,0,,-75.6718,45.3316,15.595848083496094,process,0.0,0,0.0,0.0,N,1.0,0.0
2026-07-30T23:34:18,codecarbon,baf19b62-4a2a-4b48-aab6-6af5ce8eb795,5b0fa12a-3dd7-45bb-9766-cc326314d9f1,0.267586899921298,9.187177055061946e-08,3.433343357901323e-07,10.571615930073166,0.0,10.0,7.474367387932531e-07,0.0,6.720386109211379e-07,1.419475349714391e-06,0.0,Canada,CAN,ontario,,,Windows-10-10.0.26200-SP0,3.11.9,3.2.6,8,Intel(R) Core(TM) i7-1065G7 CPU @ 1.30GHz,0,,-75.6718,45.3316,15.595848083496094,process,0.0,0,0.0,0.0,N,1.0,0.0
2026-07-30T23:34:28,codecarbon,112a86d2-49bf-49e3-9a06-4aa2028a8e10,5b0fa12a-3dd7-45bb-9766-cc326314d9f1,0.3789232999552041,1.4583285253277464e-07,3.848611382567786e-07,12.491329255553222,0.0,10.0,1.271116970796373e-06,0.0,9.820902778301387e-07,2.253207248626512e-06,0.0,Canada,CAN,ontario,,,Windows-10-10.0.26200-SP0,3.11.9,3.2.6,8,Intel(R) Core(TM) i7-1065G7 CPU @ 1.30GHz,0,,-75.6718,45.3316,15.595848083496094,process,0.0,0,0.0,0.0,N,1.0,0.0
2026-07-30T23:34:37,codecarbon,4d2cca6d-31bc-40da-9d2f-f44eae133822,5b0fa12a-3dd7-45bb-9766-cc326314d9f1,0.3044213999528438,1.137619376110926e-07,3.736988846011313e-07,11.94172932632766,0.0,10.0,9.7323800301069e-07,0.0,7.844538887083117e-07,1.7576918917190016e-06,0.0,Canada,CAN,ontario,,,Windows-10-10.0.26200-SP0,3.11.9,3.2.6,8,Intel(R) Core(TM) i7-1065G7 CPU @ 1.30GHz,0,,-75.6718,45.3316,15.595848083496094,process,0.0,0,0.0,0.0,N,1.0,0.0
2026-07-30T23:34:48,codecarbon,086ee531-5f71-4dd2-9b64-20ba5a3aca6b,5b0fa12a-3dd7-45bb-9766-cc326314d9f1,0.9171525998972356,3.30047701000627e-07,3.598612717639441e-07,10.552685346267362,0.0,10.0,2.640080492814649e-06,0.0,2.459359443875857e-06,5.099439936690507e-06,0.0,Canada,CAN,ontario,,,Windows-10-10.0.26200-SP0,3.11.9,3.2.6,8,Intel(R) Core(TM) i7-1065G7 CPU @ 1.30GHz,0,,-75.6718,45.3316,15.595848083496094,process,0.0,0,0.0,0.0,N,1.0,0.0
2026-07-30T23:34:57,codecarbon,9fd85c06-8d76-4a38-984b-7f5c5e85bc51,5b0fa12a-3dd7-45bb-9766-cc326314d9f1,0.2634928999468684,9.060395483759304e-08,3.4385729124337965e-07,10.547589739236244,0.0,10.0,7.349868172265779e-07,0.0,6.649000001036459e-07,1.3998868173302237e-06,0.0,Canada,CAN,ontario,,,Windows-10-10.0.26200-SP0,3.11.9,3.2.6,8,Intel(R) Core(TM) i7-1065G7 CPU @ 1.30GHz,0,,-75.6718,45.3316,15.595848083496094,process,0.0,0,0.0,0.0,N,1.0,0.0
2026-07-30T23:35:08,codecarbon,fdd934b7-6b5e-4a6a-9878-06947a06053a,5b0fa12a-3dd7-45bb-9766-cc326314d9f1,0.4362582999747246,1.5090782665182448e-07,3.459139382805269e-07,10.13058615199383,0.0,10.0,1.1915817746505591e-06,0.0,1.140036944869078e-06,2.331618719519637e-06,0.0,Canada,CAN,ontario,,,Windows-10-10.0.26200-SP0,3.11.9,3.2.6,8,Intel(R) Core(TM) i7-1065G7 CPU @ 1.30GHz,0,,-75.6718,45.3316,15.595848083496094,process,0.0,0,0.0,0.0,N,1.0,0.0
2026-07-30T23:35:17,codecarbon,6eb0f240-205f-4fd0-893b-edee7f35fb85,5b0fa12a-3dd7-45bb-9766-cc326314d9f1,0.2888269999530166,1.0078351637725218e-07,3.489407721357304e-07,10.751716713346402,0.0,10.0,8.25082858292742e-07,0.0,7.320844445429328e-07,1.557167302835675e-06,0.0,Canada,CAN,ontario,,,Windows-10-10.0.26200-SP0,3.11.9,3.2.6,8,Intel(R) Core(TM) i7-1065G7 CPU @ 1.30GHz,0,,-75.6718,45.3316,15.595848083496094,process,0.0,0,0.0,0.0,N,1.0,0.0
2026-07-30T23:35:26,codecarbon,28c2cb2b-7d7c-4627-b2e5-a268f7d4b046,5b0fa12a-3dd7-45bb-9766-cc326314d9f1,0.2865106000099331,1.0751800681074965e-07,3.752671168432234e-07,12.3000562713723,0.0,10.0,9.359720986277504e-07,0.0,7.252472226456222e-07,1.6612193212733729e-06,0.0,Canada,CAN,ontario,,,Windows-10-10.0.26200-SP0,3.11.9,3.2.6,8,Intel(R) Core(TM) i7-1065G7 CPU @ 1.30GHz,0,,-75.6718,45.3316,15.595848083496094,process,0.0,0,0.0,0.0,N,1.0,0.0
2026-07-30T23:35:36,codecarbon,de7455f9-65fe-4c36-a6d4-27b267297167,5b0fa12a-3dd7-45bb-9766-cc326314d9f1,0.2866647001355886,9.659159448924413e-08,3.369497341094232e-07,10.094925297241485,0.0,10.0,7.682409205977621e-07,0.0,7.241586113296864e-07,1.4923995319274486e-06,0.0,Canada,CAN,ontario,,,Windows-10-10.0.26200-SP0,3.11.9,3.2.6,8,Intel(R) Core(TM) i7-1065G7 CPU @ 1.30GHz,0,,-75.6718,45.3316,15.595848083496094,process,0.0,0,0.0,0.0,N,1.0,0.0
2026-07-30T23:35:46,codecarbon,277ccb1d-7c41-4d5f-a142-d8297d2e7db3,5b0fa12a-3dd7-45bb-9766-cc326314d9f1,0.6485068998299539,1.6577080905534757e-07,2.556191909427865e-07,4.763858746260942,0.0,10.0,8.41308437827923e-07,0.0,1.7199524995198265e-06,2.5612609373477494e-06,0.0,Canada,CAN,ontario,,,Windows-10-10.0.26200-SP0,3.11.9,3.2.6,8,Intel(R) Core(TM) i7-1065G7 CPU @ 1.30GHz,0,,-75.6718,45.3316,15.595848083496094,process,0.0,0,0.0,0.0,N,1.0,0.0
2026-07-30T23:35:56,codecarbon,9c672198-7427-47e7-af31-2e2d7f74cc0d,5b0fa12a-3dd7-45bb-9766-cc326314d9f1,0.4362061000429094,1.379560049667856e-07,3.162633556780039e-07,8.395240060925934,0.0,10.0,9.886889989906483e-07,0.0,1.1428161110315058e-06,2.131505110022154e-06,0.0,Canada,CAN,ontario,,,Windows-10-10.0.26200-SP0,3.11.9,3.2.6,8,Intel(R) Core(TM) i7-1065G7 CPU @ 1.30GHz,0,,-75.6718,45.3316,15.595848083496094,process,0.0,0,0.0,0.0,N,1.0,0.0
2026-07-30T23:36:05,codecarbon,6c3e44eb-2649-4bd1-b8c1-c0bc61a21569,5b0fa12a-3dd7-45bb-9766-cc326314d9f1,0.3000540998764336,1.1602880473073689e-07,3.8669294896660004e-07,12.942024691696307,0.0,10.0,1.0323069384737297e-06,0.0,7.604094442083604e-07,1.79271638268209e-06,0.0,Canada,CAN,ontario,,,Windows-10-10.0.26200-SP0,3.11.9,3.2.6,8,Intel(R) Core(TM) i7-1065G7 CPU @ 1.30GHz,0,,-75.6718,45.3316,15.595848083496094,process,0.0,0,0.0,0.0,N,1.0,0.0
2026-07-30T23:36:16,codecarbon,86ceb748-4a90-418a-ad39-7ecbf3b80c2e,5b0fa12a-3dd7-45bb-9766-cc326314d9f1,0.2696410999633372,8.967851990028324e-08,3.325847577111825e-07,9.884330791528251,0.0,10.0,7.064671676240739e-07,0.0,6.79121110847013e-07,1.3855882784710869e-06,0.0,Canada,CAN,ontario,,,Windows-10-10.0.26200-SP0,3.11.9,3.2.6,8,Intel(R) Core(TM) i7-1065G7 CPU @ 1.30GHz,0,,-75.6718,45.3316,15.595848083496094,process,0.0,0,0.0,0.0,N,1.0,0.0
2026-07-30T23:36:27,codecarbon,5733e376-8bb6-4f05-909a-b8b0ab8d6a64,5b0fa12a-3dd7-45bb-9766-cc326314d9f1,0.2580209001898765,8.921314354227112e-08,3.457593686271908e-07,10.693954211327352,0.0,10.0,7.287579272441197e-07,0.0,6.496400003217989e-07,1.3783979275659186e-06,0.0,Canada,CAN,ontario,,,Windows-10-10.0.26200-SP0,3.11.9,3.2.6,8,Intel(R) Core(TM) i7-1065G7 CPU @ 1.30GHz,0,,-75.6718,45.3316,15.595848083496094,process,0.0,0,0.0,0.0,N,1.0,0.0
2026-07-30T23:36:38,codecarbon,ddd79742-ef11-40e0-8dde-47f4a8bc4985,5b0fa12a-3dd7-45bb-9766-cc326314d9f1,0.5999876998830587,2.1402738528300346e-07,3.567196216267745e-07,10.46078519695218,0.0,10.0,1.7081741589452723e-06,0.0,1.5986805555358942e-06,3.3068547144811667e-06,0.0,Canada,CAN,ontario,,,Windows-10-10.0.26200-SP0,3.11.9,3.2.6,8,Intel(R) Core(TM) i7-1065G7 CPU @ 1.30GHz,0,,-75.6718,45.3316,15.595848083496094,process,0.0,0,0.0,0.0,N,1.0,0.0
2026-07-30T23:36:50,codecarbon,7f92bcce-54d6-494d-93d3-ff5373074d21,5b0fa12a-3dd7-45bb-9766-cc326314d9f1,0.2971890999469906,9.81901996974087e-08,3.3039636956713e-07,9.806505510403165,0.0,10.0,7.68771465495722e-07,0.0,7.483274999281599e-07,1.5170989654238818e-06,0.0,Canada,CAN,ontario,,,Windows-10-10.0.26200-SP0,3.11.9,3.2.6,8,Intel(R) Core(TM) i7-1065G7 CPU @ 1.30GHz,0,,-75.6718,45.3316,15.595848083496094,process,0.0,0,0.0,0.0,N,1.0,0.0
2026-07-30T23:37:01,codecarbon,46c60adc-6b83-48b7-8142-4275f8dba96f,5b0fa12a-3dd7-45bb-9766-cc326314d9f1,0.2777454999741167,1.0225534493272813e-07,3.6816202221910843e-07,11.918327829861004,0.0,10.0,8.785221256110808e-07,0.0,7.013858334782223e-07,1.5799079590893032e-06,0.0,Canada,CAN,ontario,,,Windows-10-10.0.26200-SP0,3.11.9,3.2.6,8,Intel(R) Core(TM) i7-1065G7 CPU @ 1.30GHz,0,,-75.6718,45.3316,15.595848083496094,process,0.0,0,0.0,0.0,N,1.0,0.0
2026-07-30T23:37:13,codecarbon,a57be3cf-ce05-4141-a560-62d35f063bf9,5b0fa12a-3dd7-45bb-9766-cc326314d9f1,0.2871975000016391,9.455693533543133e-08,3.292401059719937e-07,9.584865563836267,0.0,10.0,7.313752966634003e-07,0.0,7.295875001646993e-07,1.4609627968280994e-06,0.0,Canada,CAN,ontario,,,Windows-10-10.0.26200-SP0,3.11.9,3.2.6,8,Intel(R) Core(TM) i7-1065G7 CPU @ 1.30GHz,0,,-75.6718,45.3316,15.595848083496094,process,0.0,0,0.0,0.0,N,1.0,0.0
2026-07-30T23:37:24,codecarbon,1a5698f0-276c-4b3d-bda3-664b9903a02e,5b0fa12a-3dd7-45bb-9766-cc326314d9f1,0.2738351000007242,9.503823097751364e-08,3.4706372914671014e-07,10.6594269764888,0.0,10.0,7.741346660940581e-07,0.0,6.942644443673393e-07,1.4683991104613974e-06,0.0,Canada,CAN,ontario,,,Windows-10-10.0.26200-SP0,3.11.9,3.2.6,8,Intel(R) Core(TM) i7-1065G7 CPU @ 1.30GHz,0,,-75.6718,45.3316,15.595848083496094,process,0.0,0,0.0,0.0,N,1.0,0.0
2026-07-30T23:37:36,codecarbon,f9dfcbbf-640a-4913-a38a-96d3c35c6000,5b0fa12a-3dd7-45bb-9766-cc326314d9f1,0.3687827000394463,1.408196473929779e-07,3.818499278244757e-07,12.319648752830547,0.0,10.0,1.2179998689820635e-06,0.0,9.577502774643817e-07,2.175750146446445e-06,0.0,Canada,CAN,ontario,,,Windows-10-10.0.26200-SP0,3.11.9,3.2.6,8,Intel(R) Core(TM) i7-1065G7 CPU @ 1.30GHz,0,,-75.6718,45.3316,15.595848083496094,process,0.0,0,0.0,0.0,N,1.0,0.0
2026-07-30T23:37:49,codecarbon,8ab782fd-a7cd-4edf-aca0-56184dc37beb,5b0fa12a-3dd7-45bb-9766-cc326314d9f1,0.472042900044471,1.613162919862027e-07,3.4174074426499186e-07,10.107987509366918,0.0,10.0,1.2765481315179502e-06,0.0,1.2158877778953565e-06,2.4924359094133065e-06,0.0,Canada,CAN,ontario,,,Windows-10-10.0.26200-SP0,3.11.9,3.2.6,8,Intel(R) Core(TM) i7-1065G7 CPU @ 1.30GHz,0,,-75.6718,45.3316,15.595848083496094,process,0.0,0,0.0,0.0,N,1.0,0.0
2026-07-30T23:38:03,codecarbon,58f2a0e2-fe02-494c-9fba-cb425dc05fa1,5b0fa12a-3dd7-45bb-9766-cc326314d9f1,0.3731596001889556,1.352175687001974e-07,3.6235854211369e-07,11.348099927966162,0.0,10.0,1.1289748631534249e-06,0.0,9.602197226033442e-07,2.0891945857567693e-06,0.0,Canada,CAN,ontario,,,Windows-10-10.0.26200-SP0,3.11.9,3.2.6,8,Intel(R) Core(TM) i7-1065G7 CPU @ 1.30GHz,0,,-75.6718,45.3316,15.595848083496094,process,0.0,0,0.0,0.0,N,1.0,0.0
2026-07-30T23:38:17,codecarbon,de1ce4eb-4f7f-4a29-a059-5f27b26e813b,5b0fa12a-3dd7-45bb-9766-cc326314d9f1,0.4024223999585956,1.3497949870376218e-07,3.354174586644529e-07,9.719698706544154,0.0,10.0,1.0483532026981555e-06,0.0,1.0371630552173077e-06,2.0855162579154632e-06,0.0,Canada,CAN,ontario,,,Windows-10-10.0.26200-SP0,3.11.9,3.2.6,8,Intel(R) Core(TM) i7-1065G7 CPU @ 1.30GHz,0,,-75.6718,45.3316,15.595848083496094,process,0.0,0,0.0,0.0,N,1.0,0.0
2026-07-30T23:38:29,codecarbon,a9b86d3e-e2b8-4b5e-9ab3-5365c1ed9035,5b0fa12a-3dd7-45bb-9766-cc326314d9f1,0.3631573000457138,1.4052107519710557e-07,3.869427247625669e-07,12.501675904465785,0.0,10.0,1.2231389670588351e-06,0.0,9.479980553603834e-07,2.1711370224192187e-06,0.0,Canada,CAN,ontario,,,Windows-10-10.0.26200-SP0,3.11.9,3.2.6,8,Intel(R) Core(TM) i7-1065G7 CPU @ 1.30GHz,0,,-75.6718,45.3316,15.595848083496094,process,0.0,0,0.0,0.0,N,1.0,0.0
2026-07-30T23:38:42,codecarbon,27172b29-d95b-462e-b7ea-3e5a69068e03,5b0fa12a-3dd7-45bb-9766-cc326314d9f1,0.37968480004929,1.4861341255711286e-07,3.914125941776445e-07,12.833275238609666,0.0,10.0,1.309115277510428e-06,0.0,9.870533333418685e-07,2.296168610852297e-06,0.0,Canada,CAN,ontario,,,Windows-10-10.0.26200-SP0,3.11.9,3.2.6,8,Intel(R) Core(TM) i7-1065G7 CPU @ 1.30GHz,0,,-75.6718,45.3316,15.595848083496094,process,0.0,0,0.0,0.0,N,1.0,0.0
2026-07-30T23:38:57,codecarbon,98c7a3f4-2f1d-4577-b0b2-4843655c3340,5b0fa12a-3dd7-45bb-9766-cc326314d9f1,0.3842192001175135,1.5040685447188354e-07,3.914610577136217e-07,12.800936777414488,0.0,10.0,1.3246064465940988e-06,0.0,9.992719446826312e-07,2.32387839127673e-06,0.0,Canada,CAN,ontario,,,Windows-10-10.0.26200-SP0,3.11.9,3.2.6,8,Intel(R) Core(TM) i7-1065G7 CPU @ 1.30GHz,0,,-75.6718,45.3316,15.595848083496094,process,0.0,0,0.0,0.0,N,1.0,0.0
2026-07-30T23:39:11,codecarbon,3aefaf35-f672-4c43-b506-1ecc44c9df1a,5b0fa12a-3dd7-45bb-9766-cc326314d9f1,0.2735017999075353,1.0486489607253461e-07,3.8341574391096153e-07,12.865996185387884,0.0,10.0,9.320710178023092e-07,0.0,6.881561110882711e-07,1.62022712889058e-06,0.0,Canada,CAN,ontario,,,Windows-10-10.0.26200-SP0,3.11.9,3.2.6,8,Intel(R) Core(TM) i7-1065G7 CPU @ 1.30GHz,0,,-75.6718,45.3316,15.595848083496094,process,0.0,0,0.0,0.0,N,1.0,0.0
2026-07-30T23:39:25,codecarbon,9f3caad5-58eb-42a2-9e56-402a4faf57c2,5b0fa12a-3dd7-45bb-9766-cc326314d9f1,0.6574655000586063,2.3898494595488245e-07,3.634942760244901e-07,10.931226372741596,0.0,10.0,1.9503196520919724e-06,0.0,1.7421447219223612e-06,3.692464374014334e-06,0.0,Canada,CAN,ontario,,,Windows-10-10.0.26200-SP0,3.11.9,3.2.6,8,Intel(R) Core(TM) i7-1065G7 CPU @ 1.30GHz,0,,-75.6718,45.3316,15.595848083496094,process,0.0,0,0.0,0.0,N,1.0,0.0
2026-07-30T23:39:39,codecarbon,10b7a2ac-253e-4a50-9bff-427e428e3f58,5b0fa12a-3dd7-45bb-9766-cc326314d9f1,0.6715095001272857,2.6468188159604984e-07,3.941595488163294e-07,12.675564305081604,0.0,10.0,2.3100103313644137e-06,0.0,1.7794875001224378e-06,4.089497831486852e-06,0.0,Canada,CAN,ontario,,,Windows-10-10.0.26200-SP0,3.11.9,3.2.6,8,Intel(R) Core(TM) i7-1065G7 CPU @ 1.30GHz,0,,-75.6718,45.3316,15.595848083496094,process,0.0,0,0.0,0.0,N,1.0,0.0
2026-07-30T23:39:55,codecarbon,c40d7b5d-64cd-469e-a3c7-1df5fe1c8544,5b0fa12a-3dd7-45bb-9766-cc326314d9f1,1.3623704998753965,5.389432607135692e-07,3.955922862120557e-07,12.40663985306414,0.0,10.0,4.633435068488002e-06,0.0,3.6935697219127583e-06,8.32700479040076e-06,0.0,Canada,CAN,ontario,,,Windows-10-10.0.26200-SP0,3.11.9,3.2.6,8,Intel(R) Core(TM) i7-1065G7 CPU @ 1.30GHz,0,,-75.6718,45.3316,15.595848083496094,process,0.0,0,67.2,10.47469711303711,N,1.0,0.0
2026-07-30T23:40:10,codecarbon,b508c20c-6149-4d7b-9744-0a00beb55d7f,5b0fa12a-3dd7-45bb-9766-cc326314d9f1,0.7095584000926465,2.57232665315708e-07,3.625250089099379e-07,10.721777988295491,0.0,10.0,2.0747042477825683e-06,0.0,1.8996986114264776e-06,3.974402859209046e-06,0.0,Canada,CAN,ontario,,,Windows-10-10.0.26200-SP0,3.11.9,3.2.6,8,Intel(R) Core(TM) i7-1065G7 CPU @ 1.30GHz,0,,-75.6718,45.3316,15.595848083496094,process,0.0,0,0.0,0.0,N,1.0,0.0
2026-07-30T23:40:25,codecarbon,cb9f9c55-4861-4268-8df6-959e25dc3610,5b0fa12a-3dd7-45bb-9766-cc326314d9f1,0.381939300103113,1.4724317260650508e-07,3.855145897967385e-07,12.504469783234835,0.0,10.0,1.2835497833970729e-06,0.0,9.91447777616688e-07,2.274997561013761e-06,0.0,Canada,CAN,ontario,,,Windows-10-10.0.26200-SP0,3.11.9,3.2.6,8,Intel(R) Core(TM) i7-1065G7 CPU @ 1.30GHz,0,,-75.6718,45.3316,15.595848083496094,process,0.0,0,0.0,0.0,N,1.0,0.0
2026-07-30T23:40:40,codecarbon,0511f68c-a665-4f65-91c1-3163b1fb2289,5b0fa12a-3dd7-45bb-9766-cc326314d9f1,0.3820219000335783,1.4692992240184658e-07,3.846112549802302e-07,12.465714340060492,0.0,10.0,1.2792298745404277e-06,0.0,9.90927778184414e-07,2.2701576527248417e-06,0.0,Canada,CAN,ontario,,,Windows-10-10.0.26200-SP0,3.11.9,3.2.6,8,Intel(R) Core(TM) i7-1065G7 CPU @ 1.30GHz,0,,-75.6718,45.3316,15.595848083496094,process,0.0,0,0.0,0.0,N,1.0,0.0
2026-07-30T23:40:55,codecarbon,791484b7-5387-4310-b07a-83fedc371b7a,5b0fa12a-3dd7-45bb-9766-cc326314d9f1,0.2734978999942541,1.0483864995761712e-07,3.8332524659172763e-07,12.832879347793805,0.0,10.0,9.302368878694542e-07,0.0,6.895847224061274e-07,1.6198216102755815e-06,0.0,Canada,CAN,ontario,,,Windows-10-10.0.26200-SP0,3.11.9,3.2.6,8,Intel(R) Core(TM) i7-1065G7 CPU @ 1.30GHz,0,,-75.6718,45.3316,15.595848083496094,process,0.0,0,0.0,0.0,N,1.0,0.0
2026-07-30T23:41:09,codecarbon,60ce7d0f-7ad3-41ab-b986-dbab179f7098,5b0fa12a-3dd7-45bb-9766-cc326314d9f1,0.2569774000439793,9.693252647237128e-08,3.772025339807399e-07,12.526031810433318,0.0,10.0,8.569990855699607e-07,0.0,6.406680551461048e-07,1.4976671407160654e-06,0.0,Canada,CAN,ontario,,,Windows-10-10.0.26200-SP0,3.11.9,3.2.6,8,Intel(R) Core(TM) i7-1065G7 CPU @ 1.30GHz,0,,-75.6718,45.3316,15.595848083496094,process,0.0,0,0.0,0.0,N,1.0,0.0
2026-07-30T23:41:25,codecarbon,0e66361b-d1fa-454d-ad86-375f7dc48d99,5b0fa12a-3dd7-45bb-9766-cc326314d9f1,0.5843444999773055,2.280651865361177e-07,3.902923473139134e-07,12.374637741521196,0.0,10.0,1.9676932096921505e-06,0.0,1.556054166414671e-06,3.5237473761068216e-06,0.0,Canada,CAN,ontario,,,Windows-10-10.0.26200-SP0,3.11.9,3.2.6,8,Intel(R) Core(TM) i7-1065G7 CPU @ 1.30GHz,0,,-75.6718,45.3316,15.595848083496094,process,0.0,0,0.0,0.0,N,1.0,0.0
2026-07-30T23:41:41,codecarbon,2c35aad4-544e-4543-b743-ed6e2694aaf5,5b0fa12a-3dd7-45bb-9766-cc326314d9f1,0.2583834999240935,9.386265558894557e-08,3.632687676129475e-07,11.648069333746037,0.0,10.0,7.970579705838186e-07,0.0,6.531777772276352e-07,1.4502357478114538e-06,0.0,Canada,CAN,ontario,,,Windows-10-10.0.26200-SP0,3.11.9,3.2.6,8,Intel(R) Core(TM) i7-1065G7 CPU @ 1.30GHz,0,,-75.6718,45.3316,15.595848083496094,process,0.0,0,0.0,0.0,N,1.0,0.0
2026-07-30T23:41:56,codecarbon,dd30e43c-9a29-40f5-8d36-8e52fe31d0c0,5b0fa12a-3dd7-45bb-9766-cc326314d9f1,0.2771852000150829,1.0448748300828961e-07,3.769590981141993e-07,12.45685206867138,0.0,10.0,9.190025315210096e-07,0.0,6.953933334443718e-07,1.6143958649653816e-06,0.0,Canada,CAN,ontario,,,Windows-10-10.0.26200-SP0,3.11.9,3.2.6,8,Intel(R) Core(TM) i7-1065G7 CPU @ 1.30GHz,0,,-75.6718,45.3316,15.595848083496094,process,0.0,0,0.0,0.0,N,1.0,0.0
2026-07-30T23:42:11,codecarbon,e7d81c9c-8a73-4abd-a577-eb3b4f42a65c,5b0fa12a-3dd7-45bb-9766-cc326314d9f1,0.282837700098753,1.0488615559232562e-07,3.708351310865014e-07,12.054583451083875,0.0,10.0,9.048933794475644e-07,0.0,7.156622220969035e-07,1.6205556015444677e-06,0.0,Canada,CAN,ontario,,,Windows-10-10.0.26200-SP0,3.11.9,3.2.6,8,Intel(R) Core(TM) i7-1065G7 CPU @ 1.30GHz,0,,-75.6718,45.3316,15.595848083496094,process,0.0,0,0.0,0.0,N,1.0,0.0
2026-07-30T23:42:28,codecarbon,2d4eb377-64ad-4cad-8ec3-31ce7a9ea437,5b0fa12a-3dd7-45bb-9766-cc326314d9f1,1.1592642001342028,4.5337822715961793e-07,3.910913725336575e-07,12.247248225173166,0.0,10.0,3.880638238392564e-06,0.0,3.124334167094074e-06,7.004972405486638e-06,0.0,Canada,CAN,ontario,,,Windows-10-10.0.26200-SP0,3.11.9,3.2.6,8,Intel(R) Core(TM) i7-1065G7 CPU @ 1.30GHz,0,,-75.6718,45.3316,15.595848083496094,process,0.0,0,65.8,10.255023956298828,N,1.0,0.0
2026-07-30T23:42:43,codecarbon,a0be31d6-ad1e-4e67-8468-8b7b663f56fa,5b0fa12a-3dd7-45bb-9766-cc326314d9f1,0.2715978999622166,8.96992186810997e-08,3.302647726421235e-07,9.68974020760452,0.0,10.0,6.974144759684707e-07,0.0,6.884936113945312e-07,1.3859080873630018e-06,0.0,Canada,CAN,ontario,,,Windows-10-10.0.26200-SP0,3.11.9,3.2.6,8,Intel(R) Core(TM) i7-1065G7 CPU @ 1.30GHz,0,,-75.6718,45.3316,15.595848083496094,process,0.0,0,0.0,0.0,N,1.0,0.0
2026-07-30T23:42:59,codecarbon,b947fa28-27db-432e-bda6-a64940b119aa,5b0fa12a-3dd7-45bb-9766-cc326314d9f1,0.2500694999471307,9.220358017444909e-08,3.687118188901191e-07,12.05874976829388,0.0,10.0,7.970006232123303e-07,0.0,6.276013892299185e-07,1.4246020124422488e-06,0.0,Canada,CAN,ontario,,,Windows-10-10.0.26200-SP0,3.11.9,3.2.6,8,Intel(R) Core(TM) i7-1065G7 CPU @ 1.30GHz,0,,-75.6718,45.3316,15.595848083496094,process,0.0,0,0.0,0.0,N,1.0,0.0
2026-07-30T23:43:15,codecarbon,ac6f2636-ef1a-42ff-b056-067354e2b73f,5b0fa12a-3dd7-45bb-9766-cc326314d9f1,0.2649586000479758,1.0141674255467848e-07,3.82764486739872e-07,12.95002190694865,0.0,10.0,9.085015920831668e-07,0.0,6.584494445835137e-07,1.5669510366666806e-06,0.0,Canada,CAN,ontario,,,Windows-10-10.0.26200-SP0,3.11.9,3.2.6,8,Intel(R) Core(TM) i7-1065G7 CPU @ 1.30GHz,0,,-75.6718,45.3316,15.595848083496094,process,0.0,0,0.0,0.0,N,1.0,0.0
2026-07-30T23:43:32,codecarbon,c18d0035-5074-4fcc-9911-e0cd4dce9682,5b0fa12a-3dd7-45bb-9766-cc326314d9f1,0.3836667998693883,1.4843865631429056e-07,3.868947127164078e-07,12.522794366947988,0.0,10.0,1.2919871303025068e-06,0.0,1.0014813891353294e-06,2.2934685194378364e-06,0.0,Canada,CAN,ontario,,,Windows-10-10.0.26200-SP0,3.11.9,3.2.6,8,Intel(R) Core(TM) i7-1065G7 CPU @ 1.30GHz,0,,-75.6718,45.3316,15.595848083496094,process,0.0,0,0.0,0.0,N,1.0,0.0
2026-07-30T23:43:50,codecarbon,7c9f7234-7e8d-4798-8fe3-7679f551894f,5b0fa12a-3dd7-45bb-9766-cc326314d9f1,0.2591387000866234,1.0033463326954152e-07,3.871850604946394e-07,13.118001714059378,0.0,10.0,8.996853941151237e-07,0.0,6.505463886747345e-07,1.550231782789858e-06,0.0,Canada,CAN,ontario,,,Windows-10-10.0.26200-SP0,3.11.9,3.2.6,8,Intel(R) Core(TM) i7-1065G7 CPU @ 1.30GHz,0,,-75.6718,45.3316,15.595848083496094,process,0.0,0,0.0,0.0,N,1.0,0.0
2026-07-30T23:44:06,codecarbon,4d475d1e-27bd-4c65-99c5-836401fa5e9d,5b0fa12a-3dd7-45bb-9766-cc326314d9f1,0.4015248999930918,1.5753183276128397e-07,3.923339069731274e-07,12.70751056682845,0.0,10.0,1.3791203537903765e-06,0.0,1.0548433334204473e-06,2.4339636872108235e-06,0.0,Canada,CAN,ontario,,,Windows-10-10.0.26200-SP0,3.11.9,3.2.6,8,Intel(R) Core(TM) i7-1065G7 CPU @ 1.30GHz,0,,-75.6718,45.3316,15.595848083496094,process,0.0,0,0.0,0.0,N,1.0,0.0
2026-07-30T23:44:26,codecarbon,9fc11351-5f71-4c19-8d08-3b304dc348de,5b0fa12a-3dd7-45bb-9766-cc326314d9f1,0.4671190998051315,1.640566988682536e-07,3.512095714705164e-07,10.410488216842278,0.0,10.0,1.31170965886565e-06,0.0,1.2230672220337309e-06,2.534776880899381e-06,0.0,Canada,CAN,ontario,,,Windows-10-10.0.26200-SP0,3.11.9,3.2.6,8,Intel(R) Core(TM) i7-1065G7 CPU @ 1.30GHz,0,,-75.6718,45.3316,15.595848083496094,process,0.0,0,0.0,0.0,N,1.0,0.0
2026-07-30T23:44:43,codecarbon,a4d618fb-6e1f-4409-acf6-6e28e06563fc,5b0fa12a-3dd7-45bb-9766-cc326314d9f1,0.8026837999932468,3.195766406280426e-07,3.981351568709015e-07,12.708411549529783,0.0,10.0,2.7860858921755425e-06,0.0,2.151569722789443e-06,4.937655614964985e-06,0.0,Canada,CAN,ontario,,,Windows-10-10.0.26200-SP0,3.11.9,3.2.6,8,Intel(R) Core(TM) i7-1065G7 CPU @ 1.30GHz,0,,-75.6718,45.3316,15.595848083496094,process,0.0,0,0.0,0.0,N,1.0,0.0
2026-07-30T23:45:02,codecarbon,51ba0def-b375-4e93-b578-78515e79c03b,5b0fa12a-3dd7-45bb-9766-cc326314d9f1,0.4175398999359458,1.5678067358678666e-07,3.754866866875193e-07,11.872627641513343,0.0,10.0,1.3346208716711086e-06,0.0,1.0877369443834242e-06,2.422357816054533e-06,0.0,Canada,CAN,ontario,,,Windows-10-10.0.26200-SP0,3.11.9,3.2.6,8,Intel(R) Core(TM) i7-1065G7 CPU @ 1.30GHz,0,,-75.6718,45.3316,15.595848083496094,process,0.0,0,0.0,0.0,N,1.0,0.0
2026-07-30T23:45:18,codecarbon,13bf497b-b681-43b1-8050-38a98d9e7466,5b0fa12a-3dd7-45bb-9766-cc326314d9f1,0.3742978998925537,1.453989979112106e-07,3.8845795809420513e-07,12.813459298981387,0.0,10.0,1.2862744840036594e-06,0.0,9.602294439294686e-07,2.246503927933128e-06,0.0,Canada,CAN,ontario,,,Windows-10-10.0.26200-SP0,3.11.9,3.2.6,8,Intel(R) Core(TM) i7-1065G7 CPU @ 1.30GHz,0,,-75.6718,45.3316,15.595848083496094,process,0.0,0,0.0,0.0,N,1.0,0.0
2026-07-30T23:45:40,codecarbon,52f03e37-afde-4d1e-9095-d7143868ea16,5b0fa12a-3dd7-45bb-9766-cc326314d9f1,0.277750400127843,1.0623821235138037e-07,3.824952630220551e-07,12.711818607451008,0.0,10.0,9.359623765809712e-07,0.0,7.054833333111472e-07,1.6414457098921184e-06,0.0,Canada,CAN,ontario,,,Windows-10-10.0.26200-SP0,3.11.9,3.2.6,8,Intel(R) Core(TM) i7-1065G7 CPU @ 1.30GHz,0,,-75.6718,45.3316,15.595848083496094,process,0.0,0,0.0,0.0,N,1.0,0.0
2026-07-30T23:45:58,codecarbon,30a2274b-20c5-4e5d-8deb-907fdcd73bca,5b0fa12a-3dd7-45bb-9766-cc326314d9f1,0.817364800022915,3.220541911787573e-07,3.940152440742841e-07,12.415134630122644,0.0,10.0,2.778003627686918e-06,0.0,2.1979316668067545e-06,4.975935294493672e-06,0.0,Canada,CAN,ontario,,,Windows-10-10.0.26200-SP0,3.11.9,3.2.6,8,Intel(R) Core(TM) i7-1065G7 CPU @ 1.30GHz,0,,-75.6718,45.3316,15.595848083496094,process,0.0,0,0.0,0.0,N,1.0,0.0
2026-07-30T23:46:24,codecarbon,5535f6d9-2c40-4d18-b116-c0818e6b79b7,5b0fa12a-3dd7-45bb-9766-cc326314d9f1,0.7862539000343531,3.104734883659094e-07,3.94876881821946e-07,12.53903218662748,0.0,10.0,2.6858815926853023e-06,0.0,2.1111247220283583e-06,4.797006314713661e-06,0.0,Canada,CAN,ontario,,,Windows-10-10.0.26200-SP0,3.11.9,3.2.6,8,Intel(R) Core(TM) i7-1065G7 CPU @ 1.30GHz,0,,-75.6718,45.3316,15.595848083496094,process,0.0,0,0.0,0.0,N,1.0,0.0
2026-07-30T23:46:45,codecarbon,46159187-c899-46b8-b6fd-cf18bd0f8177,5b0fa12a-3dd7-45bb-9766-cc326314d9f1,0.2771549001336097,1.0617792549208941e-07,3.8309957875867813e-07,13.02949135820682,0.0,10.0,9.527775741601464e-07,0.0,6.877366666837285e-07,1.640514240843875e-06,0.0,Canada,CAN,ontario,,,Windows-10-10.0.26200-SP0,3.11.9,3.2.6,8,Intel(R) Core(TM) i7-1065G7 CPU @ 1.30GHz,0,,-75.6718,45.3316,15.595848083496094,process,0.0,0,0.0,0.0,N,1.0,0.0
2026-07-30T23:47:11,codecarbon,79c08a30-c5e1-49d6-9fbb-0339aaace573,5b0fa12a-3dd7-45bb-9766-cc326314d9f1,1.8820601000916213,7.548308879589665e-07,4.010663038455681e-07,12.581216997347235,0.0,10.0,6.518965275820088e-06,0.0,5.143636111299404e-06,1.1662601387119492e-05,0.0,Canada,CAN,ontario,,,Windows-10-10.0.26200-SP0,3.11.9,3.2.6,8,Intel(R) Core(TM) i7-1065G7 CPU @ 1.30GHz,0,,-75.6718,45.3316,15.595848083496094,process,0.0,0,66.2,10.328453063964844,N,1.0,0.0
2026-07-30T23:47:36,codecarbon,0732ac17-252e-4c2f-bb7f-2c85f6011bdd,5b0fa12a-3dd7-45bb-9766-cc326314d9f1,1.458063599886373,5.815520778006468e-07,3.9885233939450053e-07,12.456712743994515,0.0,10.0,5.001739715741225e-06,0.0,3.983597500094523e-06,8.985337215835748e-06,0.0,Canada,CAN,ontario,,,Windows-10-10.0.26200-SP0,3.11.9,3.2.6,8,Intel(R) Core(TM) i7-1065G7 CPU @ 1.30GHz,0,,-75.6718,45.3316,15.595848083496094,process,0.0,0,66.3,10.338302612304688,N,1.0,0.0
2026-07-30T23:48:00,codecarbon,24ab34d2-05b9-4196-91a9-b9ba9410771a,5b0fa12a-3dd7-45bb-9766-cc326314d9f1,0.391200799960643,1.456933165962367e-07,3.724259168460144e-07,11.938538555301946,0.0,10.0,1.2448257772172224e-06,0.0,1.0062255553849456e-06,2.251051332602168e-06,0.0,Canada,CAN,ontario,,,Windows-10-10.0.26200-SP0,3.11.9,3.2.6,8,Intel(R) Core(TM) i7-1065G7 CPU @ 1.30GHz,0,,-75.6718,45.3316,15.595848083496094,process,0.0,0,0.0,0.0,N,1.0,0.0
2026-07-30T23:48:24,codecarbon,933d545c-f6a4-473c-b49e-835ec2f32410,5b0fa12a-3dd7-45bb-9766-cc326314d9f1,1.052669299999252,4.154147206497493e-07,3.946298430571163e-07,12.39650639299909,0.0,10.0,3.5723628851403875e-06,0.0,2.846049999869946e-06,6.418412885010334e-06,0.0,Canada,CAN,ontario,,,Windows-10-10.0.26200-SP0,3.11.9,3.2.6,8,Intel(R) Core(TM) i7-1065G7 CPU @ 1.30GHz,0,,-75.6718,45.3316,15.595848083496094,process,0.0,0,0.0,0.0,N,1.0,0.0
2026-07-30T23:48:51,codecarbon,d4ebe5eb-92da-4110-a144-167372a14dbc,5b0fa12a-3dd7-45bb-9766-cc326314d9f1,0.2814303000923246,1.038773123901754e-07,3.691049341741025e-07,11.993995826624657,0.0,10.0,8.948883536487972e-07,0.0,7.100800000545052e-07,1.6049683537033022e-06,0.0,Canada,CAN,ontario,,,Windows-10-10.0.26200-SP0,3.11.9,3.2.6,8,Intel(R) Core(TM) i7-1065G7 CPU @ 1.30GHz,0,,-75.6718,45.3316,15.595848083496094,process,0.0,0,0.0,0.0,N,1.0,0.0
2026-07-30T23:49:15,codecarbon,98f59616-a857-4bfe-9942-364eae56bc8b,5b0fa12a-3dd7-45bb-9766-cc326314d9f1,0.2555681997910142,9.650894331155314e-08,3.776250072993096e-07,12.579041278050248,0.0,10.0,8.4898779842152e-07,0.0,6.421347219859147e-07,1.4911225204074349e-06,0.0,Canada,CAN,ontario,,,Windows-10-10.0.26200-SP0,3.11.9,3.2.6,8,Intel(R) Core(TM) i7-1065G7 CPU @ 1.30GHz,0,,-75.6718,45.3316,15.595848083496094,process,0.0,0,0.0,0.0,N,1.0,0.0
2026-07-30T23:49:41,codecarbon,a695dd43-f20f-42c2-89e8-b57e87db8427,5b0fa12a-3dd7-45bb-9766-cc326314d9f1,0.2537461000028997,9.510233614076813e-08,3.747932919547584e-07,12.379152232827265,0.0,10.0,8.300448525695799e-07,0.0,6.393447220842872e-07,1.469389574653867e-06,0.0,Canada,CAN,ontario,,,Windows-10-10.0.26200-SP0,3.11.9,3.2.6,8,Intel(R) Core(TM) i7-1065G7 CPU @ 1.30GHz,0,,-75.6718,45.3316,15.595848083496094,process,0.0,0,0.0,0.0,N,1.0,0.0
2026-07-30T23:50:04,codecarbon,8ed4ab9d-743f-4991-98f4-6fe4afcaac11,5b0fa12a-3dd7-45bb-9766-cc326314d9f1,0.2676651000510901,1.0342023365780397e-07,3.863792240305658e-07,12.895860723957894,0.0,10.0,9.178578725546964e-07,0.0,6.800483336620446e-07,1.5979062062167412e-06,0.0,Canada,CAN,ontario,,,Windows-10-10.0.26200-SP0,3.11.9,3.2.6,8,Intel(R) Core(TM) i7-1065G7 CPU @ 1.30GHz,0,,-75.6718,45.3316,15.595848083496094,process,0.0,0,0.0,0.0,N,1.0,0.0
2026-07-30T23:50:32,codecarbon,dcd50777-0b54-45ca-8273-24d0cec19887,5b0fa12a-3dd7-45bb-9766-cc326314d9f1,0.256216200068593,9.485154717429633e-08,3.702012095601414e-07,12.017661525775567,0.0,10.0,8.182011200466603e-07,0.0,6.473136108575595e-07,1.4655147309042198e-06,0.0,Canada,CAN,ontario,,,Windows-10-10.0.26200-SP0,3.11.9,3.2.6,8,Intel(R) Core(TM) i7-1065G7 CPU @ 1.30GHz,0,,-75.6718,45.3316,15.595848083496094,process,0.0,0,0.0,0.0,N,1.0,0.0
2026-07-30T23:50:54,codecarbon,440f7189-1b3e-41bb-ab2d-b241f1ea7db5,5b0fa12a-3dd7-45bb-9766-cc326314d9f1,0.2569407999981195,9.557650900598649e-08,3.71978716524141e-07,12.13548956859468,0.0,10.0,8.285363923649748e-07,0.0,6.481794446396331e-07,1.4767158370046078e-06,0.0,Canada,CAN,ontario,,,Windows-10-10.0.26200-SP0,3.11.9,3.2.6,8,Intel(R) Core(TM) i7-1065G7 CPU @ 1.30GHz,0,,-75.6718,45.3316,15.595848083496094,process,0.0,0,0.0,0.0,N,1.0,0.0
2026-07-30T23:51:19,codecarbon,ddd25690-8170-4fea-a403-9be859aacb99,5b0fa12a-3dd7-45bb-9766-cc326314d9f1,0.2657566999550909,9.917329231869773e-08,3.731732533383227e-07,12.304576353804936,0.0,10.0,8.651450172526581e-07,0.0,6.671433337032795e-07,1.5322883509559377e-06,0.0,Canada,CAN,ontario,,,Windows-10-10.0.26200-SP0,3.11.9,3.2.6,8,Intel(R) Core(TM) i7-1065G7 CPU @ 1.30GHz,0,,-75.6718,45.3316,15.595848083496094,process,0.0,0,0.0,0.0,N,1.0,0.0
2026-07-30T23:51:48,codecarbon,bf53ffef-9790-4597-8387-e4d3e82ff018,5b0fa12a-3dd7-45bb-9766-cc326314d9f1,0.3780203000642359,1.4305487824359425e-07,3.7843173559537763e-07,12.09013538950699,0.0,10.0,1.2292480596986795e-06,0.0,9.810377779002818e-07,2.2102858375989616e-06,0.0,Canada,CAN,ontario,,,Windows-10-10.0.26200-SP0,3.11.9,3.2.6,8,Intel(R) Core(TM) i7-1065G7 CPU @ 1.30GHz,0,,-75.6718,45.3316,15.595848083496094,process,0.0,0,0.0,0.0,N,1.0,0.0
2026-07-30T23:52:30,codecarbon,330e519f-ad1b-411c-a9a1-d6bda25485c4,5b0fa12a-3dd7-45bb-9766-cc326314d9f1,0.2717291000299155,1.0557046970113376e-07,3.885136692739613e-07,12.935801415236083,0.0,10.0,9.37607008576373e-07,0.0,6.93521666754451e-07,1.631128675330824e-06,0.0,Canada,CAN,ontario,,,Windows-10-10.0.26200-SP0,3.11.9,3.2.6,8,Intel(R) Core(TM) i7-1065G7 CPU @ 1.30GHz,0,,-75.6718,45.3316,15.595848083496094,process,0.0,0,0.0,0.0,N,1.0,0.0
2026-07-30T23:53:08,codecarbon,32e575d7-a5ce-4382-95e1-96e045526827,5b0fa12a-3dd7-45bb-9766-cc326314d9f1,0.2905249001923948,1.033565642150946e-07,3.55758023311078e-07,11.263782162703455,0.0,10.0,8.661735850088049e-07,0.0,7.307488891658271e-07,1.5969224741746318e-06,0.0,Canada,CAN,ontario,,,Windows-10-10.0.26200-SP0,3.11.9,3.2.6,8,Intel(R) Core(TM) i7-1065G7 CPU @ 1.30GHz,0,,-75.6718,45.3316,15.595848083496094,process,0.0,0,0.0,0.0,N,1.0,0.0
2026-07-30T23:53:41,codecarbon,fe277d5e-7b07-496b-a89e-207f5119f616,5b0fa12a-3dd7-45bb-9766-cc326314d9f1,0.360385499894619,1.386797689389096e-07,3.848095136443093e-07,12.69397330955533,0.0,10.0,1.2165004866152068e-06,0.0,9.26187221840438e-07,2.142687708455645e-06,0.0,Canada,CAN,ontario,,,Windows-10-10.0.26200-SP0,3.11.9,3.2.6,8,Intel(R) Core(TM) i7-1065G7 CPU @ 1.30GHz,0,,-75.6718,45.3316,15.595848083496094,process,0.0,0,0.0,0.0,N,1.0,0.0
2026-07-30T23:54:22,codecarbon,82694912-c8fb-46fc-8b26-1b7d9d5065e0,5b0fa12a-3dd7-45bb-9766-cc326314d9f1,0.380272300215438,1.422699361196322e-07,3.741264773664321e-07,11.850083371723205,0.0,10.0,1.2119541102024387e-06,0.0,9.862038888968528e-07,2.1981579990992915e-06,0.0,Canada,CAN,ontario,,,Windows-10-10.0.26200-SP0,3.11.9,3.2.6,8,Intel(R) Core(TM) i7-1065G7 CPU @ 1.30GHz,0,,-75.6718,45.3316,15.595848083496094,process,0.0,0,0.0,0.0,N,1.0,0.0
2026-07-30T23:54:58,codecarbon,5588cb35-b6e6-4930-8ee8-ff7050ad81dc,5b0fa12a-3dd7-45bb-9766-cc326314d9f1,0.5747119002044201,2.245515175964709e-07,3.907201460707527e-07,12.35806029456446,0.0,10.0,1.934657085626617e-06,0.0,1.534801944702243e-06,3.46945903032886e-06,0.0,Canada,CAN,ontario,,,Windows-10-10.0.26200-SP0,3.11.9,3.2.6,8,Intel(R) Core(TM) i7-1065G7 CPU @ 1.30GHz,0,,-75.6718,45.3316,15.595848083496094,process,0.0,0,0.0,0.0,N,1.0,0.0
2026-07-30T23:55:37,codecarbon,c6de7553-9a3f-4010-a6b3-014ab699b19d,5b0fa12a-3dd7-45bb-9766-cc326314d9f1,0.4001050998922437,1.533246957201569e-07,3.832110507000544e-07,12.45287146223136,0.0,10.0,1.3361152771812054e-06,0.0,1.0328455556494494e-06,2.368960832830654e-06,0.0,Canada,CAN,ontario,,,Windows-10-10.0.26200-SP0,3.11.9,3.2.6,8,Intel(R) Core(TM) i7-1065G7 CPU @ 1.30GHz,0,,-75.6718,45.3316,15.595848083496094,process,0.0,0,0.0,0.0,N,1.0,0.0
2026-07-30T23:56:17,codecarbon,988402d1-a23e-418c-adbe-9ec2382121e1,5b0fa12a-3dd7-45bb-9766-cc326314d9f1,2.638881100108847,9.26075926299746e-07,3.509350710274698e-07,9.731081385669162,0.0,10.0,7.0816236439706654e-06,0.0,7.226818889224281e-06,1.4308442533194946e-05,0.0,Canada,CAN,ontario,,,Windows-10-10.0.26200-SP0,3.11.9,3.2.6,8,Intel(R) Core(TM) i7-1065G7 CPU @ 1.30GHz,0,,-75.6718,45.3316,15.595848083496094,process,21.25,0,67.1,10.464685440063477,N,1.0,0.0
2026-07-30T23:56:52,codecarbon,b9e82ac4-200a-4b2d-8ca3-d3cbec0eb508,5b0fa12a-3dd7-45bb-9766-cc326314d9f1,0.8146282997913659,3.211907575100171e-07,3.942789092795783e-07,12.421677210191463,0.0,10.0,2.767434436172551e-06,0.0,2.1951602771878244e-06,4.962594713360376e-06,0.0,Canada,CAN,ontario,,,Windows-10-10.0.26200-SP0,3.11.9,3.2.6,8,Intel(R) Core(TM) i7-1065G7 CPU @ 1.30GHz,0,,-75.6718,45.3316,15.595848083496094,process,0.0,0,0.0,0.0,N,1.0,0.0
2026-07-30T23:57:26,codecarbon,20f2aeaf-09a4-4089-b494-c5fe2471996d,5b0fa12a-3dd7-45bb-9766-cc326314d9f1,0.3629330000840127,1.4030910696807798e-07,3.865978209079881e-07,12.637343028268877,0.0,10.0,1.2304408713899062e-06,0.0,9.374211115452152e-07,2.1678619829351214e-06,0.0,Canada,CAN,ontario,,,Windows-10-10.0.26200-SP0,3.11.9,3.2.6,8,Intel(R) Core(TM) i7-1065G7 CPU @ 1.30GHz,0,,-75.6718,45.3316,15.595848083496094,process,0.0,0,0.0,0.0,N,1.0,0.0
2026-07-30T23:58:02,codecarbon,badba5e9-5253-4a43-a794-78562dcfeb09,5b0fa12a-3dd7-45bb-9766-cc326314d9f1,0.3818257001694292,1.4835304428166588e-07,3.8853603677237147e-07,12.579643514545332,0.0,10.0,1.2945152049813202e-06,0.0,9.976305559070577e-07,2.292145760888378e-06,0.0,Canada,CAN,ontario,,,Windows-10-10.0.26200-SP0,3.11.9,3.2.6,8,Intel(R) Core(TM) i7-1065G7 CPU @ 1.30GHz,0,,-75.6718,45.3316,15.595848083496094,process,0.0,0,0.0,0.0,N,1.0,0.0
2026-07-30T23:58:39,codecarbon,0646c1d0-f653-41b0-bb2b-0a09c05be899,5b0fa12a-3dd7-45bb-9766-cc326314d9f1,0.3693222999572754,1.3878038273711328e-07,3.757703847105033e-07,11.978526802300015,0.0,10.0,1.1873055872061582e-06,0.0,9.56936666302176e-07,2.144242253508334e-06,0.0,Canada,CAN,ontario,,,Windows-10-10.0.26200-SP0,3.11.9,3.2.6,8,Intel(R) Core(TM) i7-1065G7 CPU @ 1.30GHz,0,,-75.6718,45.3316,15.595848083496094,process,0.0,0,0.0,0.0,N,1.0,0.0
2026-07-30T23:59:23,codecarbon,d80a74bb-3c5d-43b3-acbd-c6b8a1d9904e,5b0fa12a-3dd7-45bb-9766-cc326314d9f1,0.7123932000249624,2.675094500814933e-07,3.75508146445137e-07,11.600690713474064,0.0,10.0,2.244082725411786e-06,0.0,1.8891027779318392e-06,4.133185503343625e-06,0.0,Canada,CAN,ontario,,,Windows-10-10.0.26200-SP0,3.11.9,3.2.6,8,Intel(R) Core(TM) i7-1065G7 CPU @ 1.30GHz,0,,-75.6718,45.3316,15.595848083496094,process,0.0,0,0.0,0.0,N,1.0,0.0
2026-07-31T00:00:03,codecarbon,c08a6053-e1af-457e-a836-173bf5e7117d,5b0fa12a-3dd7-45bb-9766-cc326314d9f1,0.9151222000364214,3.674435178635781e-07,4.015239908385504e-07,12.81711065150114,0.0,10.0,3.211606913920212e-06,0.0,2.465621389112332e-06,5.677228303032543e-06,0.0,Canada,CAN,ontario,,,Windows-10-10.0.26200-SP0,3.11.9,3.2.6,8,Intel(R) Core(TM) i7-1065G7 CPU @ 1.30GHz,0,,-75.6718,45.3316,15.595848083496094,process,0.0,0,0.0,0.0,N,1.0,0.0
2026-07-31T00:00:42,codecarbon,51831115-2db7-4e1a-a401-c0e414bb3807,5b0fa12a-3dd7-45bb-9766-cc326314d9f1,0.8742305000778288,3.489964205573646e-07,3.992041235421266e-07,12.69288224882067,0.0,10.0,3.036649027846172e-06,0.0,2.355560278131937e-06,5.392209305978109e-06,0.0,Canada,CAN,ontario,,,Windows-10-10.0.26200-SP0,3.11.9,3.2.6,8,Intel(R) Core(TM) i7-1065G7 CPU @ 1.30GHz,0,,-75.6718,45.3316,15.595848083496094,process,0.0,0,0.0,0.0,N,1.0,0.0
2026-07-31T00:01:11,codecarbon,35e3e536-5f38-4534-a605-ab10befbb40a,5b0fa12a-3dd7-45bb-9766-cc326314d9f1,0.6170856000389904,2.4361489223844624e-07,3.94782980226817e-07,12.742876229499302,0.0,10.0,2.1335790577502204e-06,0.0,1.6304208334380145e-06,3.763999891188235e-06,0.0,Canada,CAN,ontario,,,Windows-10-10.0.26200-SP0,3.11.9,3.2.6,8,Intel(R) Core(TM) i7-1065G7 CPU @ 1.30GHz,0,,-75.6718,45.3316,15.595848083496094,process,0.0,0,0.0,0.0,N,1.0,0.0
2026-07-31T00:01:52,codecarbon,60c77136-c546-45fc-9dda-3e235c333d44,5b0fa12a-3dd7-45bb-9766-cc326314d9f1,2.2061123000457883,8.821660029330815e-07,3.998735707673503e-07,12.510017147270654,0.0,10.0,7.607285826989243e-06,0.0,6.02272138866182e-06,1.3630007215651064e-05,0.0,Canada,CAN,ontario,,,Windows-10-10.0.26200-SP0,3.11.9,3.2.6,8,Intel(R) Core(TM) i7-1065G7 CPU @ 1.30GHz,0,,-75.6718,45.3316,15.595848083496094,process,20.05,0,68.15,10.625667572021484,N,1.0,0.0
2026-07-31T00:02:31,codecarbon,1dc67000-5ffc-445f-a29b-76c37c913159,5b0fa12a-3dd7-45bb-9766-cc326314d9f1,0.3903973000124097,1.5059213674701378e-07,3.857407229564007e-07,12.618919175387992,0.0,10.0,1.3230800049002588e-06,0.0,1.0036611114628612e-06,2.32674111636312e-06,0.0,Canada,CAN,ontario,,,Windows-10-10.0.26200-SP0,3.11.9,3.2.6,8,Intel(R) Core(TM) i7-1065G7 CPU @ 1.30GHz,0,,-75.6718,45.3316,15.595848083496094,process,0.0,0,0.0,0.0,N,1.0,0.0
2026-07-31T00:03:08,codecarbon,753ae87b-0bcb-409b-91c7-7fb67ad7cb8e,5b0fa12a-3dd7-45bb-9766-cc326314d9f1,0.3393953000195324,1.270660407642482e-07,3.743895120437303e-07,12.3120628404632,0.0,10.0,1.1076376332051135e-06,0.0,8.556108333222154e-07,1.9632484665273288e-06,0.0,Canada,CAN,ontario,,,Windows-10-10.0.26200-SP0,3.11.9,3.2.6,8,Intel(R) Core(TM) i7-1065G7 CPU @ 1.30GHz,0,,-75.6718,45.3316,15.595848083496094,process,0.0,0,0.0,0.0,N,1.0,0.0
2026-07-31T00:03:51,codecarbon,04c81ec7-d3d0-4c67-94ee-f92019108b0d,5b0fa12a-3dd7-45bb-9766-cc326314d9f1,1.095614599995315,4.3352197767714694e-07,3.956883904969875e-07,12.3403608847857,0.0,10.0,3.717367807169632e-06,0.0,2.980813333609452e-06,6.698181140779084e-06,0.0,Canada,CAN,ontario,,,Windows-10-10.0.26200-SP0,3.11.9,3.2.6,8,Intel(R) Core(TM) i7-1065G7 CPU @ 1.30GHz,0,,-75.6718,45.3316,15.595848083496094,process,40.4,0,67.0,10.45028305053711,N,1.0,0.0
2026-07-31T00:04:33,codecarbon,b5e1432b-cd8a-4a71-94b6-3139eb81480e,5b0fa12a-3dd7-45bb-9766-cc326314d9f1,0.4212499000132084,1.635164774478633e-07,3.8816977153641154e-07,12.543873002455348,0.0,10.0,1.424797905533211e-06,0.0,1.101632222222785e-06,2.526430127755996e-06,0.0,Canada,CAN,ontario,,,Windows-10-10.0.26200-SP0,3.11.9,3.2.6,8,Intel(R) Core(TM) i7-1065G7 CPU @ 1.30GHz,0,,-75.6718,45.3316,15.595848083496094,process,0.0,0,0.0,0.0,N,1.0,0.0
2026-07-31T00:05:17,codecarbon,f6bf648e-2335-4c1b-8642-b3d2c308c1fd,5b0fa12a-3dd7-45bb-9766-cc326314d9f1,0.4021953002084046,1.4624215729958198e-07,3.63609811511482e-07,11.119852121411023,0.0,10.0,1.2059393139399442e-06,0.0,1.0535919450275185e-06,2.259531258967462e-06,0.0,Canada,CAN,ontario,,,Windows-10-10.0.26200-SP0,3.11.9,3.2.6,8,Intel(R) Core(TM) i7-1065G7 CPU @ 1.30GHz,0,,-75.6718,45.3316,15.595848083496094,process,0.0,0,0.0,0.0,N,1.0,0.0
2026-07-31T00:06:04,codecarbon,bff11a5e-2085-45e2-a3df-8dd3fdc43983,5b0fa12a-3dd7-45bb-9766-cc326314d9f1,0.5381527000572532,1.874892258950883e-07,3.483941005501628e-07,10.143626054703116,0.0,10.0,1.477515499402831e-06,0.0,1.4193083334248514e-06,2.8968238328276825e-06,0.0,Canada,CAN,ontario,,,Windows-10-10.0.26200-SP0,3.11.9,3.2.6,8,Intel(R) Core(TM) i7-1065G7 CPU @ 1.30GHz,0,,-75.6718,45.3316,15.595848083496094,process,0.0,0,0.0,0.0,N,1.0,0.0
2026-07-31T00:06:54,codecarbon,5d6c8b40-46a9-4e85-bac2-e1bab9b033a4,5b0fa12a-3dd7-45bb-9766-cc326314d9f1,0.6085016999859363,2.3536957900586745e-07,3.868018429715271e-07,12.177781099263877,0.0,10.0,2.016915564908607e-06,0.0,1.619689166545868e-06,3.636604731454475e-06,0.0,Canada,CAN,ontario,,,Windows-10-10.0.26200-SP0,3.11.9,3.2.6,8,Intel(R) Core(TM) i7-1065G7 CPU @ 1.30GHz,0,,-75.6718,45.3316,15.595848083496094,process,0.0,0,0.0,0.0,N,1.0,0.0
2026-07-31T00:07:38,codecarbon,17d27d57-4339-484b-b19b-6e7275c4cb2f,5b0fa12a-3dd7-45bb-9766-cc326314d9f1,0.5761600001715124,2.244889824179645e-07,3.896295861412424e-07,12.514996693185642,0.0,10.0,1.9487511563196573e-06,0.0,1.519741667046522e-06,3.46849282336618e-06,0.0,Canada,CAN,ontario,,,Windows-10-10.0.26200-SP0,3.11.9,3.2.6,8,Intel(R) Core(TM) i7-1065G7 CPU @ 1.30GHz,0,,-75.6718,45.3316,15.595848083496094,process,0.0,0,0.0,0.0,N,1.0,0.0
2026-07-31T00:08:26,codecarbon,b922ca05-e455-4308-913f-02bfec232553,5b0fa12a-3dd7-45bb-9766-cc326314d9f1,0.4031111998483538,1.5527474800226608e-07,3.851908556762472e-07,12.467454383527842,0.0,10.0,1.3517033953891632e-06,0.0,1.047386944345716e-06,2.39909033973488e-06,0.0,Canada,CAN,ontario,,,Windows-10-10.0.26200-SP0,3.11.9,3.2.6,8,Intel(R) Core(TM) i7-1065G7 CPU @ 1.30GHz,0,,-75.6718,45.3316,15.595848083496094,process,0.0,0,0.0,0.0,N,1.0,0.0
2026-07-31T00:09:13,codecarbon,9f9371b0-c7e2-4a82-ab24-219aafb55808,5b0fa12a-3dd7-45bb-9766-cc326314d9f1,0.5354014001786709,1.993463592742229e-07,3.7233066482026043e-07,11.402446125344325,0.0,10.0,1.658646056737246e-06,0.0,1.421377778105024e-06,3.08002383484227e-06,0.0,Canada,CAN,ontario,,,Windows-10-10.0.26200-SP0,3.11.9,3.2.6,8,Intel(R) Core(TM) i7-1065G7 CPU @ 1.30GHz,0,,-75.6718,45.3316,15.595848083496094,process,0.0,0,0.0,0.0,N,1.0,0.0
2026-07-31T00:10:04,codecarbon,98ffc071-10e6-4238-9c98-ccad9ef845e4,5b0fa12a-3dd7-45bb-9766-cc326314d9f1,0.4738867001142353,1.83263085502855e-07,3.867234202999949e-07,12.44585709258774,0.0,10.0,1.594342642493272e-06,0.0,1.23718472249392e-06,2.831527364987192e-06,0.0,Canada,CAN,ontario,,,Windows-10-10.0.26200-SP0,3.11.9,3.2.6,8,Intel(R) Core(TM) i7-1065G7 CPU @ 1.30GHz,0,,-75.6718,45.3316,15.595848083496094,process,0.0,0,0.0,0.0,N,1.0,0.0
2026-07-31T00:10:50,codecarbon,a3ba4e7a-080f-4ee6-9cca-77a51720276c,5b0fa12a-3dd7-45bb-9766-cc326314d9f1,0.2522650000173598,8.973090169652056e-08,3.557009560991245e-07,11.4819321073323,0.0,10.0,7.642992759472178e-07,0.0,6.220983334868733e-07,1.3863976094340911e-06,0.0,Canada,CAN,ontario,,,Windows-10-10.0.26200-SP0,3.11.9,3.2.6,8,Intel(R) Core(TM) i7-1065G7 CPU @ 1.30GHz,0,,-75.6718,45.3316,15.595848083496094,process,0.0,0,0.0,0.0,N,1.0,0.0
2026-07-31T00:11:42,codecarbon,bbdf3dcd-6dcc-4fbe-9026-fedddd74a09b,5b0fa12a-3dd7-45bb-9766-cc326314d9f1,0.8875388000160456,3.496917173617696e-07,3.940016113723114e-07,12.435282683666577,0.0,10.0,3.0149867913446136e-06,0.0,2.3879652778204115e-06,5.402952069165025e-06,0.0,Canada,CAN,ontario,,,Windows-10-10.0.26200-SP0,3.11.9,3.2.6,8,Intel(R) Core(TM) i7-1065G7 CPU @ 1.30GHz,0,,-75.6718,45.3316,15.595848083496094,process,0.0,0,0.0,0.0,N,1.0,0.0
2026-07-31T00:12:36,codecarbon,9596b6ff-4435-4d8d-abb7-cac328726df2,5b0fa12a-3dd7-45bb-9766-cc326314d9f1,0.4210764998570084,1.642225073799135e-07,3.900063466749656e-07,12.884188527081086,0.0,10.0,1.4518984466740505e-06,0.0,1.0854402776911026e-06,2.537338724365153e-06,0.0,Canada,CAN,ontario,,,Windows-10-10.0.26200-SP0,3.11.9,3.2.6,8,Intel(R) Core(TM) i7-1065G7 CPU @ 1.30GHz,0,,-75.6718,45.3316,15.595848083496094,process,0.0,0,0.0,0.0,N,1.0,0.0
2026-07-31T00:13:19,codecarbon,fbb6cdc3-a16d-485e-b25e-4ead6862cbac,5b0fa12a-3dd7-45bb-9766-cc326314d9f1,0.6749849999323487,2.689632324573337e-07,3.984729030782772e-07,12.734101584778593,0.0,10.0,2.3461195570097925e-06,0.0,1.8095277780149543e-06,4.155647335024747e-06,0.0,Canada,CAN,ontario,,,Windows-10-10.0.26200-SP0,3.11.9,3.2.6,8,Intel(R) Core(TM) i7-1065G7 CPU @ 1.30GHz,0,,-75.6718,45.3316,15.595848083496094,process,0.0,0,0.0,0.0,N,1.0,0.0
2026-07-31T00:14:09,codecarbon,46d2c983-db15-4dbf-bbfc-2529ae563086,5b0fa12a-3dd7-45bb-9766-cc326314d9f1,0.3868221999146044,1.4708165340942804e-07,3.802306419897774e-07,12.2026984445272,0.0,10.0,1.268486434723461e-06,0.0,1.0040155553724618e-06,2.2725019900959227e-06,0.0,Canada,CAN,ontario,,,Windows-10-10.0.26200-SP0,3.11.9,3.2.6,8,Intel(R) Core(TM) i7-1065G7 CPU @ 1.30GHz,0,,-75.6718,45.3316,15.595848083496094,process,0.0,0,0.0,0.0,N,1.0,0.0
2026-07-31T00:15:00,codecarbon,b9a61fb2-c324-44da-a774-feef202b67e2,5b0fa12a-3dd7-45bb-9766-cc326314d9f1,0.4497778001241386,1.714713432039287e-07,3.812356749412769e-07,12.365607628748252,0.0,10.0,1.488634361734771e-06,0.0,1.1607033336379876e-06,2.6493376953727587e-06,0.0,Canada,CAN,ontario,,,Windows-10-10.0.26200-SP0,3.11.9,3.2.6,8,Intel(R) Core(TM) i7-1065G7 CPU @ 1.30GHz,0,,-75.6718,45.3316,15.595848083496094,process,0.0,0,0.0,0.0,N,1.0,0.0
2026-07-31T00:15:56,codecarbon,92fd960e-d15d-40b8-ae16-2baf5ebc900d,5b0fa12a-3dd7-45bb-9766-cc326314d9f1,1.586620599962771,6.250373846139389e-07,3.939425623420023e-07,12.162119097210269,0.0,10.0,5.316868335231551e-06,0.0,4.340343611289023e-06,9.657211946520572e-06,0.0,Canada,CAN,ontario,,,Windows-10-10.0.26200-SP0,3.11.9,3.2.6,8,Intel(R) Core(TM) i7-1065G7 CPU @ 1.30GHz,0,,-75.6718,45.3316,15.595848083496094,process,0.0,0,67.1,10.46187973022461,N,1.0,0.0
2026-07-31T00:16:47,codecarbon,844c6c1b-eb79-42c2-97ba-4ff43a7bde71,5b0fa12a-3dd7-45bb-9766-cc326314d9f1,0.3697553998790681,1.4309578568614898e-07,3.870012060214665e-07,12.600888461080949,0.0,10.0,1.2498898271174366e-06,0.0,9.610280556242089e-07,2.2109178827416453e-06,0.0,Canada,CAN,ontario,,,Windows-10-10.0.26200-SP0,3.11.9,3.2.6,8,Intel(R) Core(TM) i7-1065G7 CPU @ 1.30GHz,0,,-75.6718,45.3316,15.595848083496094,process,0.0,0,0.0,0.0,N,1.0,0.0
2026-07-31T00:17:37,codecarbon,82f8ca08-837f-41ba-ae59-5bf58ef2b70d,5b0fa12a-3dd7-45bb-9766-cc326314d9f1,0.3359764998313039,1.2136915654466814e-07,3.612429934998681e-07,11.246852360060243,0.0,10.0,1.0101019913554004e-06,0.0,8.651261107944367e-07,1.875228102149837e-06,0.0,Canada,CAN,ontario,,,Windows-10-10.0.26200-SP0,3.11.9,3.2.6,8,Intel(R) Core(TM) i7-1065G7 CPU @ 1.30GHz,0,,-75.6718,45.3316,15.595848083496094,process,0.0,0,0.0,0.0,N,1.0,0.0
2026-07-31T00:18:36,codecarbon,3d0c838c-314b-45dd-9cfa-d2033e253571,5b0fa12a-3dd7-45bb-9766-cc326314d9f1,0.3771664998494088,1.4235768699101098e-07,3.774399026632802e-07,12.004978520094753,0.0,10.0,1.2192729711378373e-06,0.0,9.802408328848996e-07,2.199513804022737e-06,0.0,Canada,CAN,ontario,,,Windows-10-10.0.26200-SP0,3.11.9,3.2.6,8,Intel(R) Core(TM) i7-1065G7 CPU @ 1.30GHz,0,,-75.6718,45.3316,15.595848083496094,process,0.0,0,0.0,0.0,N,1.0,0.0
2026-07-31T00:19:33,codecarbon,2394e417-b2ce-4200-9699-07c19e6f76bb,5b0fa12a-3dd7-45bb-9766-cc326314d9f1,0.4944722999352962,1.9313773255690608e-07,3.905936340259686e-07,12.807244927727757,0.0,10.0,1.6957286786178571e-06,0.0,1.2883680555710775e-06,2.984096734188935e-06,0.0,Canada,CAN,ontario,,,Windows-10-10.0.26200-SP0,3.11.9,3.2.6,8,Intel(R) Core(TM) i7-1065G7 CPU @ 1.30GHz,0,,-75.6718,45.3316,15.595848083496094,process,0.0,0,0.0,0.0,N,1.0,0.0
2026-07-31T00:20:26,codecarbon,d8d5827a-6033-4bcf-9942-aac59725ad12,5b0fa12a-3dd7-45bb-9766-cc326314d9f1,0.2897614000830799,1.0730999512550669e-07,3.703391655849914e-07,11.96382275320325,0.0,10.0,9.21745412621354e-07,0.0,7.362600002023909e-07,1.6580054128237448e-06,0.0,Canada,CAN,ontario,,,Windows-10-10.0.26200-SP0,3.11.9,3.2.6,8,Intel(R) Core(TM) i7-1065G7 CPU @ 1.30GHz,0,,-75.6718,45.3316,15.595848083496094,process,0.0,0,0.0,0.0,N,1.0,0.0
2026-07-31T00:21:25,codecarbon,1ac377e4-228d-443c-ab8e-6541fef86529,5b0fa12a-3dd7-45bb-9766-cc326314d9f1,0.6653990999329835,2.5938478431794305e-07,3.898183576504196e-07,12.308346816227845,0.0,10.0,2.2313049769174845e-06,0.0,1.7763494442786192e-06,4.007654421196104e-06,0.0,Canada,CAN,ontario,,,Windows-10-10.0.26200-SP0,3.11.9,3.2.6,8,Intel(R) Core(TM) i7-1065G7 CPU @ 1.30GHz,0,,-75.6718,45.3316,15.595848083496094,process,0.0,0,0.0,0.0,N,1.0,0.0
2026-07-31T00:22:09,codecarbon,225ab8a5-bbf5-4011-ae01-92bc89ed500a,5b0fa12a-3dd7-45bb-9766-cc326314d9f1,0.5121529998723418,1.871614602088954e-07,3.654405231552815e-07,11.154225784783144,0.0,10.0,1.5476943737927943e-06,0.0,1.3440652776302564e-06,2.891759651423051e-06,0.0,Canada,CAN,ontario,,,Windows-10-10.0.26200-SP0,3.11.9,3.2.6,8,Intel(R) Core(TM) i7-1065G7 CPU @ 1.30GHz,0,,-75.6718,45.3316,15.595848083496094,process,0.0,0,0.0,0.0,N,1.0,0.0
2026-07-31T00:23:07,codecarbon,a8fc6946-498f-452c-85e0-9956ec7c3504,5b0fa12a-3dd7-45bb-9766-cc326314d9f1,0.7674221000634134,3.019427848462629e-07,3.934507291636674e-07,12.412565594983583,0.0,10.0,2.603413921555416e-06,0.0,2.061787777994242e-06,4.665201699549658e-06,0.0,Canada,CAN,ontario,,,Windows-10-10.0.26200-SP0,3.11.9,3.2.6,8,Intel(R) Core(TM) i7-1065G7 CPU @ 1.30GHz,0,,-75.6718,45.3316,15.595848083496094,process,0.0,0,0.0,0.0,N,1.0,0.0
2026-07-31T00:24:01,codecarbon,c20c75b9-32e4-4788-8626-df8f84a7a974,5b0fa12a-3dd7-45bb-9766-cc326314d9f1,0.3701202999800443,1.407454983443958e-07,3.8026959978143393e-07,12.254404591494067,0.0,10.0,1.217047553450209e-06,0.0,9.57556944599168e-07,2.1746044980493773e-06,0.0,Canada,CAN,ontario,,,Windows-10-10.0.26200-SP0,3.11.9,3.2.6,8,Intel(R) Core(TM) i7-1065G7 CPU @ 1.30GHz,0,,-75.6718,45.3316,15.595848083496094,process,0.0,0,0.0,0.0,N,1.0,0.0
2026-07-31T00:25:02,codecarbon,1e38e044-d71f-4ef8-b48e-51483c17af0e,5b0fa12a-3dd7-45bb-9766-cc326314d9f1,0.7329055999871343,2.911385821641151e-07,3.972388560944627e-07,12.659681633312688,0.0,10.0,2.533008179583185e-06,0.0,1.965261944698998e-06,4.498270124282183e-06,0.0,Canada,CAN,ontario,,,Windows-10-10.0.26200-SP0,3.11.9,3.2.6,8,Intel(R) Core(TM) i7-1065G7 CPU @ 1.30GHz,0,,-75.6718,45.3316,15.595848083496094,process,0.0,0,0.0,0.0,N,1.0,0.0
2026-07-31T00:25:53,codecarbon,96c6c143-cef8-41cc-b7fd-ea05bb1e7523,5b0fa12a-3dd7-45bb-9766-cc326314d9f1,0.3939378999639302,1.400150838423715e-07,3.554242530489998e-07,10.78969840840917,0.0,10.0,1.1431008111959731e-06,0.0,1.0202183336433437e-06,2.163319144839317e-06,0.0,Canada,CAN,ontario,,,Windows-10-10.0.26200-SP0,3.11.9,3.2.6,8,Intel(R) Core(TM) i7-1065G7 CPU @ 1.30GHz,0,,-75.6718,45.3316,15.595848083496094,process,0.0,0,0.0,0.0,N,1.0,0.0
2026-07-31T00:26:51,codecarbon,a334b683-a23f-473e-9419-d4968c28c804,5b0fa12a-3dd7-45bb-9766-cc326314d9f1,0.3518316999543458,1.3311093171018198e-07,3.7833694839735764e-07,12.24756590305711,0.0,10.0,1.154426304235828e-06,0.0,9.022194445909312e-07,2.056645748826759e-06,0.0,Canada,CAN,ontario,,,Windows-10-10.0.26200-SP0,3.11.9,3.2.6,8,Intel(R) Core(TM) i7-1065G7 CPU @ 1.30GHz,0,,-75.6718,45.3316,15.595848083496094,process,0.0,0,0.0,0.0,N,1.0,0.0
2026-07-31T00:27:25,codecarbon,5f102242-4f02-40a2-beef-985f051e7873,5b0fa12a-3dd7-45bb-9766-cc326314d9f1,0.3771225998643785,1.369530121953927e-07,3.6315249270302e-07,11.255750506598131,0.0,10.0,1.139663810532853e-06,0.0,9.763444444009413e-07,2.1160082549337943e-06,0.0,Canada,CAN,ontario,,,Windows-10-10.0.26200-SP0,3.11.9,3.2.6,8,Intel(R) Core(TM) i7-1065G7 CPU @ 1.30GHz,0,,-75.6718,45.3316,15.595848083496094,process,0.0,0,0.0,0.0,N,1.0,0.0
2026-07-31T00:28:20,codecarbon,1b556380-46e5-44f7-b967-b17a1bf8eb81,5b0fa12a-3dd7-45bb-9766-cc326314d9f1,0.3504392998293042,1.3549546383964046e-07,3.866446026619704e-07,12.830861265703458,0.0,10.0,1.194972681238089e-06,0.0,8.985155553091317e-07,2.0934882365472206e-06,0.0,Canada,CAN,ontario,,,Windows-10-10.0.26200-SP0,3.11.9,3.2.6,8,Intel(R) Core(TM) i7-1065G7 CPU @ 1.30GHz,0,,-75.6718,45.3316,15.595848083496094,process,0.0,0,0.0,0.0,N,1.0,0.0
2026-07-31T00:29:17,codecarbon,a3707785-7542-4c1c-a9a3-f98c159fdf99,5b0fa12a-3dd7-45bb-9766-cc326314d9f1,0.410441700136289,1.4820767634071153e-07,3.610931255072243e-07,11.160202060689652,0.0,10.0,1.23114668082351e-06,0.0,1.0587530559860169e-06,2.289899736809527e-06,0.0,Canada,CAN,ontario,,,Windows-10-10.0.26200-SP0,3.11.9,3.2.6,8,Intel(R) Core(TM) i7-1065G7 CPU @ 1.30GHz,0,,-75.6718,45.3316,15.595848083496094,process,0.0,0,0.0,0.0,N,1.0,0.0
2026-07-31T00:30:14,codecarbon,fbe85c3f-4cea-4ab4-a0b2-3809d618ab49,5b0fa12a-3dd7-45bb-9766-cc326314d9f1,0.3075711999554187,1.1779918996758661e-07,3.829981155084129e-07,12.706327421910796,0.0,10.0,1.0395815899000085e-06,0.0,7.804883333543936e-07,1.820069923254402e-06,0.0,Canada,CAN,ontario,,,Windows-10-10.0.26200-SP0,3.11.9,3.2.6,8,Intel(R) Core(TM) i7-1065G7 CPU @ 1.30GHz,0,,-75.6718,45.3316,15.595848083496094,process,0.0,0,0.0,0.0,N,1.0,0.0
2026-07-31T00:31:07,codecarbon,8fcf78cd-4e65-4fdf-a7fb-d9cf61cf904b,5b0fa12a-3dd7-45bb-9766-cc326314d9f1,0.3551167000550776,1.3660463282995926e-07,3.846753273185187e-07,12.660350247341617,0.0,10.0,1.2035678016080572e-06,0.0,9.070577779008696e-07,2.110625579508927e-06,0.0,Canada,CAN,ontario,,,Windows-10-10.0.26200-SP0,3.11.9,3.2.6,8,Intel(R) Core(TM) i7-1065G7 CPU @ 1.30GHz,0,,-75.6718,45.3316,15.595848083496094,process,0.0,0,0.0,0.0,N,1.0,0.0
2026-07-31T00:32:08,codecarbon,190ad82d-929b-41ae-bd89-6c6e117c3604,5b0fa12a-3dd7-45bb-9766-cc326314d9f1,0.6514067000243813,2.578618261813418e-07,3.958538132501406e-07,12.68568004042988,0.0,10.0,2.250831837475624e-06,0.0,1.7332919439973515e-06,3.984123781472976e-06,0.0,Canada,CAN,ontario,,,Windows-10-10.0.26200-SP0,3.11.9,3.2.6,8,Intel(R) Core(TM) i7-1065G7 CPU @ 1.30GHz,0,,-75.6718,45.3316,15.595848083496094,process,0.0,0,0.0,0.0,N,1.0,0.0
2026-07-31T00:33:02,codecarbon,2f706bf6-99ae-430c-a3d1-62feda201c45,5b0fa12a-3dd7-45bb-9766-cc326314d9f1,0.8007002000231296,3.0604274826185015e-07,3.822188982255901e-07,11.765029453493549,0.0,10.0,2.575315599657778e-06,0.0,2.1532330558531813e-06,4.72854865551096e-06,0.0,Canada,CAN,ontario,,,Windows-10-10.0.26200-SP0,3.11.9,3.2.6,8,Intel(R) Core(TM) i7-1065G7 CPU @ 1.30GHz,0,,-75.6718,45.3316,15.595848083496094,process,0.0,0,0.0,0.0,N,1.0,0.0
2026-07-31T00:34:00,codecarbon,a2a92a12-85dd-45c2-b154-1cc0df528776,5b0fa12a-3dd7-45bb-9766-cc326314d9f1,0.2726390999741852,1.0306441238258801e-07,3.780250609408064e-07,12.506693430966484,0.0,10.0,9.024746598883412e-07,0.0,6.899338888211383e-07,1.5924085487094791e-06,0.0,Canada,CAN,ontario,,,Windows-10-10.0.26200-SP0,3.11.9,3.2.6,8,Intel(R) Core(TM) i7-1065G7 CPU @ 1.30GHz,0,,-75.6718,45.3316,15.595848083496094,process,0.0,0,0.0,0.0,N,1.0,0.0
2026-07-31T00:34:57,codecarbon,797fe552-a42f-4455-bd28-015025adb793,5b0fa12a-3dd7-45bb-9766-cc326314d9f1,0.3758010999299586,1.435833145858701e-07,3.820726299434224e-07,12.375455953963405,0.0,10.0,1.2469530044475342e-06,0.0,9.714974995909466e-07,2.2184505040384808e-06,0.0,Canada,CAN,ontario,,,Windows-10-10.0.26200-SP0,3.11.9,3.2.6,8,Intel(R) Core(TM) i7-1065G7 CPU @ 1.30GHz,0,,-75.6718,45.3316,15.595848083496094,process,0.0,0,0.0,0.0,N,1.0,0.0
2026-07-31T00:35:58,codecarbon,672f27f4-bd26-4b9c-876b-8c73cb123710,5b0fa12a-3dd7-45bb-9766-cc326314d9f1,0.325414199847728,1.1858950852681309e-07,3.644263482733851e-07,11.584033641964368,0.0,10.0,1.0062277754384804e-06,0.0,8.260530555465569e-07,1.8322808309850368e-06,0.0,Canada,CAN,ontario,,,Windows-10-10.0.26200-SP0,3.11.9,3.2.6,8,Intel(R) Core(TM) i7-1065G7 CPU @ 1.30GHz,0,,-75.6718,45.3316,15.595848083496094,process,0.0,0,0.0,0.0,N,1.0,0.0
2026-07-31T00:36:59,codecarbon,0caac169-6782-4da2-9e79-378aabbb8682,5b0fa12a-3dd7-45bb-9766-cc326314d9f1,0.5725553999654949,2.1890153803932218e-07,3.823237682371249e-07,12.076952581741896,0.0,10.0,1.8692683718429168e-06,0.0,1.5128949999861004e-06,3.382163371829017e-06,0.0,Canada,CAN,ontario,,,Windows-10-10.0.26200-SP0,3.11.9,3.2.6,8,Intel(R) Core(TM) i7-1065G7 CPU @ 1.30GHz,0,,-75.6718,45.3316,15.595848083496094,process,0.0,0,0.0,0.0,N,1.0,0.0
2026-07-31T00:37:54,codecarbon,f9eabc0a-5fed-42a1-b50e-499c58999ad0,5b0fa12a-3dd7-45bb-9766-cc326314d9f1,0.359908000100404,1.398179053861356e-07,3.884823492312769e-07,12.778560415303213,0.0,10.0,1.2325070608890778e-06,0.0,9.277655555504478e-07,2.160272616439525e-06,0.0,Canada,CAN,ontario,,,Windows-10-10.0.26200-SP0,3.11.9,3.2.6,8,Intel(R) Core(TM) i7-1065G7 CPU @ 1.30GHz,0,,-75.6718,45.3316,15.595848083496094,process,0.0,0,0.0,0.0,N,1.0,0.0
2026-07-31T00:38:51,codecarbon,7568e540-e655-4aba-b06a-d8a388ac44cb,5b0fa12a-3dd7-45bb-9766-cc326314d9f1,0.6539030999410897,2.415248786215628e-07,3.6935882188556964e-07,11.169670357191626,0.0,10.0,1.988059840534041e-06,0.0,1.743648055061284e-06,3.731707895595325e-06,0.0,Canada,CAN,ontario,,,Windows-10-10.0.26200-SP0,3.11.9,3.2.6,8,Intel(R) Core(TM) i7-1065G7 CPU @ 1.30GHz,0,,-75.6718,45.3316,15.595848083496094,process,0.0,0,0.0,0.0,N,1.0,0.0
2026-07-31T00:39:48,codecarbon,bc44073d-01dc-4c73-9e99-30ae0d832431,5b0fa12a-3dd7-45bb-9766-cc326314d9f1,0.7770883999764919,3.0756083971896385e-07,3.9578616760753093e-07,12.555097057051166,0.0,10.0,2.6651266018965026e-06,0.0,2.0868775001468344e-06,4.752004102043337e-06,0.0,Canada,CAN,ontario,,,Windows-10-10.0.26200-SP0,3.11.9,3.2.6,8,Intel(R) Core(TM) i7-1065G7 CPU @ 1.30GHz,0,,-75.6718,45.3316,15.595848083496094,process,0.0,0,0.0,0.0,N,1.0,0.0
2026-07-31T00:40:47,codecarbon,51779e89-6451-4010-a27d-61baf6bbe6d8,5b0fa12a-3dd7-45bb-9766-cc326314d9f1,0.714772199979052,2.806884406791553e-07,3.926963593259245e-07,12.501610290342242,0.0,10.0,2.4357012347290343e-06,0.0,1.9011077775050784e-06,4.336809012234113e-06,0.0,Canada,CAN,ontario,,,Windows-10-10.0.26200-SP0,3.11.9,3.2.6,8,Intel(R) Core(TM) i7-1065G7 CPU @ 1.30GHz,0,,-75.6718,45.3316,15.595848083496094,process,0.0,0,0.0,0.0,N,1.0,0.0
2026-07-31T00:41:43,codecarbon,125c43b6-a397-44b7-8cfb-bb6091063266,5b0fa12a-3dd7-45bb-9766-cc326314d9f1,0.5609925000462681,2.186172779376824e-07,3.896973273611534e-07,12.396957292625846,0.0,10.0,1.888082767179688e-06,0.0,1.4896886112789315e-06,3.3777713784586194e-06,0.0,Canada,CAN,ontario,,,Windows-10-10.0.26200-SP0,3.11.9,3.2.6,8,Intel(R) Core(TM) i7-1065G7 CPU @ 1.30GHz,0,,-75.6718,45.3316,15.595848083496094,process,0.0,0,0.0,0.0,N,1.0,0.0
2026-07-31T00:42:44,codecarbon,c2f58bdb-d8fa-488f-b435-f10a9a77de25,5b0fa12a-3dd7-45bb-9766-cc326314d9f1,0.4340701999608427,1.687163666534474e-07,3.8868451846882653e-07,12.614882245299816,0.0,10.0,1.476121335679712e-06,0.0,1.1306502778703968e-06,2.6067716135501085e-06,0.0,Canada,CAN,ontario,,,Windows-10-10.0.26200-SP0,3.11.9,3.2.6,8,Intel(R) Core(TM) i7-1065G7 CPU @ 1.30GHz,0,,-75.6718,45.3316,15.595848083496094,process,0.0,0,0.0,0.0,N,1.0,0.0
2026-07-31T00:43:44,codecarbon,bd6f9461-e9b2-41a3-bbd0-6b54dc71daee,5b0fa12a-3dd7-45bb-9766-cc326314d9f1,0.5247156999539584,2.057487056221833e-07,3.9211463586898e-07,12.493075554456992,0.0,10.0,1.7826584673030412e-06,0.0,1.3962855556100192e-06,3.1789440229130604e-06,0.0,Canada,CAN,ontario,,,Windows-10-10.0.26200-SP0,3.11.9,3.2.6,8,Intel(R) Core(TM) i7-1065G7 CPU @ 1.30GHz,0,,-75.6718,45.3316,15.595848083496094,process,0.0,0,0.0,0.0,N,1.0,0.0
2026-07-31T00:44:39,codecarbon,20fc0bed-65f3-4b77-bbde-b2cab227189a,5b0fa12a-3dd7-45bb-9766-cc326314d9f1,0.3867937999311834,1.489245328180754e-07,3.85023060981255e-07,12.572613540016384,0.0,10.0,1.3065508884319805e-06,0.0,9.944247217693676e-07,2.300975610201348e-06,0.0,Canada,CAN,ontario,,,Windows-10-10.0.26200-SP0,3.11.9,3.2.6,8,Intel(R) Core(TM) i7-1065G7 CPU @ 1.30GHz,0,,-75.6718,45.3316,15.595848083496094,process,0.0,0,0.0,0.0,N,1.0,0.0
2026-07-31T00:45:36,codecarbon,6aacbf08-565b-433b-a2d2-1958c3d6ec29,5b0fa12a-3dd7-45bb-9766-cc326314d9f1,0.381408599903807,1.417743836261562e-07,3.717126033915133e-07,11.707421877497778,0.0,10.0,1.2033275198231068e-06,0.0,9.871738885218898e-07,2.190501408344997e-06,0.0,Canada,CAN,ontario,,,Windows-10-10.0.26200-SP0,3.11.9,3.2.6,8,Intel(R) Core(TM) i7-1065G7 CPU @ 1.30GHz,0,,-75.6718,45.3316,15.595848083496094,process,0.0,0,0.0,0.0,N,1.0,0.0
2026-07-31T00:46:35,codecarbon,b69fb134-abc5-4830-8606-e7b6a06031e7,5b0fa12a-3dd7-45bb-9766-cc326314d9f1,0.3511351000051945,1.296686304536533e-07,3.692841600048956e-07,11.683364263503924,0.0,10.0,1.0986214668105554e-06,0.0,9.048386108285438e-07,2.0034600776391e-06,0.0,Canada,CAN,ontario,,,Windows-10-10.0.26200-SP0,3.11.9,3.2.6,8,Intel(R) Core(TM) i7-1065G7 CPU @ 1.30GHz,0,,-75.6718,45.3316,15.595848083496094,process,0.0,0,0.0,0.0,N,1.0,0.0
2026-07-31T00:47:35,codecarbon,f48d1cbb-c4c2-430a-9739-e10f74a66b95,5b0fa12a-3dd7-45bb-9766-cc326314d9f1,0.4138591000810265,1.5721083836211398e-07,3.798656072352517e-07,12.197781318054927,0.0,10.0,1.3590835710283032e-06,0.0,1.0699205553262598e-06,2.429004126354563e-06,0.0,Canada,CAN,ontario,,,Windows-10-10.0.26200-SP0,3.11.9,3.2.6,8,Intel(R) Core(TM) i7-1065G7 CPU @ 1.30GHz,0,,-75.6718,45.3316,15.595848083496094,process,0.0,0,0.0,0.0,N,1.0,0.0
2026-07-31T00:48:56,codecarbon,e21f4f2e-ff0b-4640-ba26-2016418c2b83,5b0fa12a-3dd7-45bb-9766-cc326314d9f1,0.502212299965322,1.5399362539300525e-07,3.066305333494193e-07,8.012861187954423,0.0,10.0,1.080492041023664e-06,0.0,1.2988041665974177e-06,2.379296207621081e-06,0.0,Canada,CAN,ontario,,,Windows-10-10.0.26200-SP0,3.11.9,3.2.6,8,Intel(R) Core(TM) i7-1065G7 CPU @ 1.30GHz,0,,-75.6718,45.3316,15.595848083496094,process,0.0,0,0.0,0.0,N,1.0,0.0
2026-07-31T00:50:07,codecarbon,2562badf-e702-4e79-9715-1d9efddec9ac,5b0fa12a-3dd7-45bb-9766-cc326314d9f1,0.3630967000499367,1.393562911089453e-07,3.837993875730063e-07,12.422800233708392,0.0,10.0,1.2106070587539102e-06,0.0,9.425333332425604e-07,2.1531403919964706e-06,0.0,Canada,CAN,ontario,,,Windows-10-10.0.26200-SP0,3.11.9,3.2.6,8,Intel(R) Core(TM) i7-1065G7 CPU @ 1.30GHz,0,,-75.6718,45.3316,15.595848083496094,process,0.0,0,0.0,0.0,N,1.0,0.0
2026-07-31T00:51:20,codecarbon,40f916ab-684e-4ba8-95ee-eac1ef14d10a,5b0fa12a-3dd7-45bb-9766-cc326314d9f1,0.274491999996826,1.0117406504303438e-07,3.685865709900626e-07,12.002268920891543,0.0,10.0,8.723445752676981e-07,0.0,6.908569446144004e-07,1.5632015198820989e-06,0.0,Canada,CAN,ontario,,,Windows-10-10.0.26200-SP0,3.11.9,3.2.6,8,Intel(R) Core(TM) i7-1065G7 CPU @ 1.30GHz,0,,-75.6718,45.3316,15.595848083496094,process,0.0,0,0.0,0.0,N,1.0,0.0
2026-07-31T00:52:23,codecarbon,6acdd95e-b3bd-460f-8360-7f562089018d,5b0fa12a-3dd7-45bb-9766-cc326314d9f1,0.4155778000131249,1.4112843361286285e-07,3.395956993092645e-07,9.93222030696504,0.0,10.0,1.1048916390725006e-06,0.0,1.0756294443530755e-06,2.180521083425576e-06,0.0,Canada,CAN,ontario,,,Windows-10-10.0.26200-SP0,3.11.9,3.2.6,8,Intel(R) Core(TM) i7-1065G7 CPU @ 1.30GHz,0,,-75.6718,45.3316,15.595848083496094,process,0.0,0,0.0,0.0,N,1.0,0.0
2026-07-31T00:53:31,codecarbon,91be4885-7815-4cdc-a9a4-a379889f2249,5b0fa12a-3dd7-45bb-9766-cc326314d9f1,0.2617736998945474,9.888473799952537e-08,3.777489413159533e-07,12.50513574428134,0.0,10.0,8.661105650244319e-07,0.0,6.617194442595873e-07,1.5278300092840192e-06,0.0,Canada,CAN,ontario,,,Windows-10-10.0.26200-SP0,3.11.9,3.2.6,8,Intel(R) Core(TM) i7-1065G7 CPU @ 1.30GHz,0,,-75.6718,45.3316,15.595848083496094,process,0.0,0,0.0,0.0,N,1.0,0.0
2026-07-31T00:54:52,codecarbon,3091160c-ce31-4cbf-9013-4457b2fba0ee,5b0fa12a-3dd7-45bb-9766-cc326314d9f1,0.5922797999810427,2.3119714479636658e-07,3.9035122387048585e-07,12.459891233373964,0.0,10.0,2.001507779888567e-06,0.0,1.5706302772741766e-06,3.572138057162744e-06,0.0,Canada,CAN,ontario,,,Windows-10-10.0.26200-SP0,3.11.9,3.2.6,8,Intel(R) Core(TM) i7-1065G7 CPU @ 1.30GHz,0,,-75.6718,45.3316,15.595848083496094,process,0.0,0,0.0,0.0,N,1.0,0.0
2026-07-31T00:55:59,codecarbon,39aba11f-ed9f-4510-858c-e5206799278e,5b0fa12a-3dd7-45bb-9766-cc326314d9f1,1.4670791998505592,5.891556456467526e-07,4.0158407651527305e-07,12.664731493381916,0.0,10.0,5.107635903592669e-06,0.0,3.995181111127345e-06,9.102817014720011e-06,0.0,Canada,CAN,ontario,,,Windows-10-10.0.26200-SP0,3.11.9,3.2.6,8,Intel(R) Core(TM) i7-1065G7 CPU @ 1.30GHz,0,,-75.6718,45.3316,15.595848083496094,process,0.0,0,67.7,10.565589904785156,N,1.0,0.0
2026-07-31T00:57:08,codecarbon,fbe82ddd-71ce-4c3f-80a7-97723d4273a9,5b0fa12a-3dd7-45bb-9766-cc326314d9f1,0.3748393999412656,1.4275385438016896e-07,3.808400461705397e-07,12.29788013363117,0.0,10.0,1.2372278893682463e-06,0.0,9.684069444321923e-07,2.2056348338004387e-06,0.0,Canada,CAN,ontario,,,Windows-10-10.0.26200-SP0,3.11.9,3.2.6,8,Intel(R) Core(TM) i7-1065G7 CPU @ 1.30GHz,0,,-75.6718,45.3316,15.595848083496094,process,0.0,0,0.0,0.0,N,1.0,0.0
2026-07-31T00:58:26,codecarbon,2b6d6535-3724-4ff1-99bb-e9b8c21c1072,5b0fa12a-3dd7-45bb-9766-cc326314d9f1,2.0412091999314725,7.305040995660226e-07,3.578781143993213e-07,10.173043244684626,0.0,10.0,5.71326699167209e-06,0.0,5.573470555504577e-06,1.1286737547176666e-05,0.0,Canada,CAN,ontario,,,Windows-10-10.0.26200-SP0,3.11.9,3.2.6,8,Intel(R) Core(TM) i7-1065G7 CPU @ 1.30GHz,0,,-75.6718,45.3316,15.595848083496094,process,37.5,0,67.9,10.58844757080078,N,1.0,0.0
2026-07-31T00:59:34,codecarbon,c2e8ba58-4346-47c7-9e1f-50e7d60d3b93,5b0fa12a-3dd7-45bb-9766-cc326314d9f1,0.283787399996072,1.0419087503865881e-07,3.671441192952924e-07,11.994906119641712,0.0,10.0,9.017967003659876e-07,0.0,7.080163890754597e-07,1.6098130894414475e-06,0.0,Canada,CAN,ontario,,,Windows-10-10.0.26200-SP0,3.11.9,3.2.6,8,Intel(R) Core(TM) i7-1065G7 CPU @ 1.30GHz,0,,-75.6718,45.3316,15.595848083496094,process,0.0,0,0.0,0.0,N,1.0,0.0
2026-07-31T01:00:40,codecarbon,372b4b2e-1ca7-4663-bdf6-2de7e0335008,5b0fa12a-3dd7-45bb-9766-cc326314d9f1,0.7605474998708814,2.9746617749768986e-07,3.911211036104791e-07,12.325644244683604,0.0,10.0,2.5581689741973496e-06,0.0,2.0378663890167246e-06,4.596035363214074e-06,0.0,Canada,CAN,ontario,,,Windows-10-10.0.26200-SP0,3.11.9,3.2.6,8,Intel(R) Core(TM) i7-1065G7 CPU @ 1.30GHz,0,,-75.6718,45.3316,15.595848083496094,process,0.0,0,0.0,0.0,N,1.0,0.0
2026-07-31T01:01:57,codecarbon,5243ccc9-9d93-45a9-a670-1d29b8a8bdf3,5b0fa12a-3dd7-45bb-9766-cc326314d9f1,0.2619509999640286,9.85651794096205e-08,3.762733466303071e-07,12.580002624014504,0.0,10.0,8.707206882440387e-07,0.0,6.52171944319788e-07,1.5228926325638269e-06,0.0,Canada,CAN,ontario,,,Windows-10-10.0.26200-SP0,3.11.9,3.2.6,8,Intel(R) Core(TM) i7-1065G7 CPU @ 1.30GHz,0,,-75.6718,45.3316,15.595848083496094,process,0.0,0,0.0,0.0,N,1.0,0.0
2026-07-31T01:03:08,codecarbon,c5ea9d8c-b49d-4e59-a8d2-1658898001a5,5b0fa12a-3dd7-45bb-9766-cc326314d9f1,0.2708688999991864,1.0104200364104873e-07,3.730291799514534e-07,12.145734491093007,0.0,10.0,8.734544229108574e-07,0.0,6.877066671020455e-07,1.561161090012903e-06,0.0,Canada,CAN,ontario,,,Windows-10-10.0.26200-SP0,3.11.9,3.2.6,8,Intel(R) Core(TM) i7-1065G7 CPU @ 1.30GHz,0,,-75.6718,45.3316,15.595848083496094,process,0.0,0,0.0,0.0,N,1.0,0.0
2026-07-31T01:04:36,codecarbon,b7e5a3ec-58cc-452b-b035-48eda93fbf6b,5b0fa12a-3dd7-45bb-9766-cc326314d9f1,0.6870901000220329,2.659660391881663e-07,3.870904837366127e-07,12.070138314192508,0.0,10.0,2.267191077905029e-06,0.0,1.8421477780470417e-06,4.109338855952071e-06,0.0,Canada,CAN,ontario,,,Windows-10-10.0.26200-SP0,3.11.9,3.2.6,8,Intel(R) Core(TM) i7-1065G7 CPU @ 1.30GHz,0,,-75.6718,45.3316,15.595848083496094,process,0.0,0,0.0,0.0,N,1.0,0.0
2026-07-31T01:05:47,codecarbon,fd60d3dc-cdd6-420f-a425-a5fbe13d0e24,5b0fa12a-3dd7-45bb-9766-cc326314d9f1,0.3720909999683499,1.3463269449629557e-07,3.6182733392569946e-07,11.19990100452465,0.0,10.0,1.1178306974910769e-06,0.0,9.623272221587185e-07,2.080157919649796e-06,0.0,Canada,CAN,ontario,,,Windows-10-10.0.26200-SP0,3.11.9,3.2.6,8,Intel(R) Core(TM) i7-1065G7 CPU @ 1.30GHz,0,,-75.6718,45.3316,15.595848083496094,process,0.0,0,0.0,0.0,N,1.0,0.0
2026-07-31T01:07:01,codecarbon,54106f24-3656-4b69-94ec-39d5b765cd44,5b0fa12a-3dd7-45bb-9766-cc326314d9f1,1.8352619998622688,7.316877798207535e-07,3.986830108593022e-07,12.436074290377704,0.0,10.0,6.287524746264545e-06,0.0,5.017501388728205e-06,1.1305026134992753e-05,0.0,Canada,CAN,ontario,,,Windows-10-10.0.26200-SP0,3.11.9,3.2.6,8,Intel(R) Core(TM) i7-1065G7 CPU @ 1.30GHz,0,,-75.6718,45.3316,15.595848083496094,process,0.0,0,67.6,10.540119171142578,N,1.0,0.0
2026-07-31T01:08:26,codecarbon,35eda78c-1d77-4f5c-83fd-385430b7c80c,5b0fa12a-3dd7-45bb-9766-cc326314d9f1,0.292583400150761,1.0795562583049497e-07,3.689738576244178e-07,11.72815199406052,0.0,10.0,9.166316372665242e-07,0.0,7.513491669669748e-07,1.667980804233499e-06,0.0,Canada,CAN,ontario,,,Windows-10-10.0.26200-SP0,3.11.9,3.2.6,8,Intel(R) Core(TM) i7-1065G7 CPU @ 1.30GHz,0,,-75.6718,45.3316,15.595848083496094,process,0.0,0,0.0,0.0,N,1.0,0.0
2026-07-31T01:09:43,codecarbon,cf9bb6fd-2298-4b48-894f-cb075d76b739,5b0fa12a-3dd7-45bb-9766-cc326314d9f1,1.6355310999788344,6.401736133803756e-07,3.914163499481362e-07,12.094162524912976,0.0,10.0,5.437052377132349e-06,0.0,4.454023611550737e-06,9.891075988683086e-06,0.0,Canada,CAN,ontario,,,Windows-10-10.0.26200-SP0,3.11.9,3.2.6,8,Intel(R) Core(TM) i7-1065G7 CPU @ 1.30GHz,0,,-75.6718,45.3316,15.595848083496094,process,0.0,0,67.0,10.453960418701172,N,1.0,0.0
2026-07-31T01:11:08,codecarbon,5435f3b7-374b-4fa6-9b29-6e666f355a2d,5b0fa12a-3dd7-45bb-9766-cc326314d9f1,0.301765400217846,1.109036604086268e-07,3.6751615767932586e-07,11.752270207738873,0.0,10.0,9.429953063121268e-07,0.0,7.705344449883948e-07,1.7135297513005216e-06,0.0,Canada,CAN,ontario,,,Windows-10-10.0.26200-SP0,3.11.9,3.2.6,8,Intel(R) Core(TM) i7-1065G7 CPU @ 1.30GHz,0,,-75.6718,45.3316,15.595848083496094,process,0.0,0,0.0,0.0,N,1.0,0.0
2026-07-31T01:12:39,codecarbon,5454ee1c-1e46-4b80-9fda-d7fe38b525b4,5b0fa12a-3dd7-45bb-9766-cc326314d9f1,0.3309851000085473,1.2601103087783973e-07,3.807151164042902e-07,12.405586582152011,0.0,10.0,1.0978995815497286e-06,0.0,8.490483334753663e-07,1.946947915025095e-06,0.0,Canada,CAN,ontario,,,Windows-10-10.0.26200-SP0,3.11.9,3.2.6,8,Intel(R) Core(TM) i7-1065G7 CPU @ 1.30GHz,0,,-75.6718,45.3316,15.595848083496094,process,0.0,0,0.0,0.0,N,1.0,0.0
2026-07-31T01:14:04,codecarbon,f44546fe-94c2-4bbb-a680-cc17bb726c30,5b0fa12a-3dd7-45bb-9766-cc326314d9f1,0.4357758001424372,1.5795050917640128e-07,3.624581932378386e-07,11.150929807008618,0.0,10.0,1.310131106369168e-06,0.0,1.130301388911903e-06,2.440432495281071e-06,0.0,Canada,CAN,ontario,,,Windows-10-10.0.26200-SP0,3.11.9,3.2.6,8,Intel(R) Core(TM) i7-1065G7 CPU @ 1.30GHz,0,,-75.6718,45.3316,15.595848083496094,process,0.0,0,0.0,0.0,N,1.0,0.0
2026-07-31T01:15:16,codecarbon,e7cb25df-1aa6-4fdf-bc27-6f39a1693b4d,5b0fa12a-3dd7-45bb-9766-cc326314d9f1,0.3831735998392105,1.4588765048916173e-07,3.807351303700984e-07,12.199846013343317,0.0,10.0,1.2596869665512064e-06,0.0,9.943669441983932e-07,2.2540539107496e-06,0.0,Canada,CAN,ontario,,,Windows-10-10.0.26200-SP0,3.11.9,3.2.6,8,Intel(R) Core(TM) i7-1065G7 CPU @ 1.30GHz,0,,-75.6718,45.3316,15.595848083496094,process,0.0,0,0.0,0.0,N,1.0,0.0
2026-07-31T01:16:43,codecarbon,06ad5219-1d01-4ad9-b851-47be86754461,5b0fa12a-3dd7-45bb-9766-cc326314d9f1,0.4309650999493897,1.651831324780777e-07,3.83286564265821e-07,12.280217768971992,0.0,10.0,1.426708195274136e-06,0.0,1.1254727775748405e-06,2.5521809728489764e-06,0.0,Canada,CAN,ontario,,,Windows-10-10.0.26200-SP0,3.11.9,3.2.6,8,Intel(R) Core(TM) i7-1065G7 CPU @ 1.30GHz,0,,-75.6718,45.3316,15.595848083496094,process,0.0,0,0.0,0.0,N,1.0,0.0
2026-07-31T01:18:18,codecarbon,70d35fa4-0e37-49f6-b98e-b0530e82ed87,5b0fa12a-3dd7-45bb-9766-cc326314d9f1,0.5650142999365926,2.112664917898456e-07,3.7391353070808025e-07,11.409431149415912,0.0,10.0,1.7557197119521135e-06,0.0,1.508477500303545e-06,3.2641972122556588e-06,0.0,Canada,CAN,ontario,,,Windows-10-10.0.26200-SP0,3.11.9,3.2.6,8,Intel(R) Core(TM) i7-1065G7 CPU @ 1.30GHz,0,,-75.6718,45.3316,15.595848083496094,process,0.0,0,0.0,0.0,N,1.0,0.0
2026-07-31T01:19:43,codecarbon,289fe499-537c-47c0-ad9c-ce710b987307,5b0fa12a-3dd7-45bb-9766-cc326314d9f1,1.5922112001571804,6.329480083167091e-07,3.975276698557488e-07,12.459506875355654,0.0,10.0,5.451241224830153e-06,0.0,4.328194722378006e-06,9.779435947208158e-06,0.0,Canada,CAN,ontario,,,Windows-10-10.0.26200-SP0,3.11.9,3.2.6,8,Intel(R) Core(TM) i7-1065G7 CPU @ 1.30GHz,0,,-75.6718,45.3316,15.595848083496094,process,36.8,0,67.2,10.48703384399414,N,1.0,0.0
2026-07-31T01:21:09,codecarbon,2f3403a4-5b7e-43ff-b0f8-e13ec58ef3f5,5b0fa12a-3dd7-45bb-9766-cc326314d9f1,1.0488689998164773,4.144442953064459e-07,3.951344690127767e-07,12.44275965105998,0.0,10.0,3.572118939165149e-06,0.0,2.831300277547497e-06,6.403419216712646e-06,0.0,Canada,CAN,ontario,,,Windows-10-10.0.26200-SP0,3.11.9,3.2.6,8,Intel(R) Core(TM) i7-1065G7 CPU @ 1.30GHz,0,,-75.6718,45.3316,15.595848083496094,process,0.0,0,0.0,0.0,N,1.0,0.0
2026-07-31T01:22:40,codecarbon,6c8f0aa0-6139-42dc-988b-c32ce08df523,5b0fa12a-3dd7-45bb-9766-cc326314d9f1,0.2659492001403123,9.773023675113825e-08,3.674770847198514e-07,12.147165760176517,0.0,10.0,8.465997544692866e-07,0.0,6.633925005897053e-07,1.509992255058992e-06,0.0,Canada,CAN,ontario,,,Windows-10-10.0.26200-SP0,3.11.9,3.2.6,8,Intel(R) Core(TM) i7-1065G7 CPU @ 1.30GHz,0,,-75.6718,45.3316,15.595848083496094,process,0.0,0,0.0,0.0,N,1.0,0.0
2026-07-31T01:24:11,codecarbon,bfbad50f-abf7-4453-86e7-92f184c96d23,5b0fa12a-3dd7-45bb-9766-cc326314d9f1,0.2505882000550627,9.285909089320268e-08,3.70564499337153e-07,12.194472094331054,0.0,10.0,8.055986675483843e-07,0.0,6.291313885918094e-07,1.4347300561401937e-06,0.0,Canada,CAN,ontario,,,Windows-10-10.0.26200-SP0,3.11.9,3.2.6,8,Intel(R) Core(TM) i7-1065G7 CPU @ 1.30GHz,0,,-75.6718,45.3316,15.595848083496094,process,0.0,0,0.0,0.0,N,1.0,0.0
2026-07-31T01:25:52,codecarbon,2f701903-14f8-4d16-82d6-0ae3413def9f,5b0fa12a-3dd7-45bb-9766-cc326314d9f1,0.2976134000346064,1.1250439927303245e-07,3.780219548580489e-07,12.41581102656771,0.0,10.0,9.83590206275227e-07,0.0,7.546719448227022e-07,1.7382621510979293e-06,0.0,Canada,CAN,ontario,,,Windows-10-10.0.26200-SP0,3.11.9,3.2.6,8,Intel(R) Core(TM) i7-1065G7 CPU @ 1.30GHz,0,,-75.6718,45.3316,15.595848083496094,process,0.0,0,0.0,0.0,N,1.0,0.0
2026-07-31T01:27:30,codecarbon,6f3959ff-5fca-4bc8-84c2-22a0eb6ede3b,5b0fa12a-3dd7-45bb-9766-cc326314d9f1,0.2727417000569403,1.0410267217268833e-07,3.8168960650665003e-07,12.815594734122488,0.0,10.0,9.241122450362536e-07,0.0,6.843380558873631e-07,1.6084503009236166e-06,0.0,Canada,CAN,ontario,,,Windows-10-10.0.26200-SP0,3.11.9,3.2.6,8,Intel(R) Core(TM) i7-1065G7 CPU @ 1.30GHz,0,,-75.6718,45.3316,15.595848083496094,process,0.0,0,0.0,0.0,N,1.0,0.0
2026-07-31T01:29:01,codecarbon,293e0104-aa9b-4198-9f98-d81f173ee123,5b0fa12a-3dd7-45bb-9766-cc326314d9f1,0.3755145999602973,1.401061527915756e-07,3.731044087404026e-07,11.912930363015924,0.0,10.0,1.2004051047507783e-06,0.0,9.6432111135477e-07,2.1647262161055484e-06,0.0,Canada,CAN,ontario,,,Windows-10-10.0.26200-SP0,3.11.9,3.2.6,8,Intel(R) Core(TM) i7-1065G7 CPU @ 1.30GHz,0,,-75.6718,45.3316,15.595848083496094,process,0.0,0,0.0,0.0,N,1.0,0.0
2026-07-31T01:30:30,codecarbon,2338010b-76de-48a3-85bb-70aec4c599d4,5b0fa12a-3dd7-45bb-9766-cc326314d9f1,1.087894900003448,4.412261194588423e-07,4.055778912626981e-07,12.912906524165766,0.0,10.0,3.858033201663827e-06,0.0,2.959181667150309e-06,6.817214868814137e-06,0.0,Canada,CAN,ontario,,,Windows-10-10.0.26200-SP0,3.11.9,3.2.6,8,Intel(R) Core(TM) i7-1065G7 CPU @ 1.30GHz,0,,-75.6718,45.3316,15.595848083496094,process,0.0,0,67.8,10.576461791992188,N,1.0,0.0
2026-07-31T01:32:07,codecarbon,a6fc6be5-3a75-41a8-b0d2-f5f5015dbf05,5b0fa12a-3dd7-45bb-9766-cc326314d9f1,0.3223461001180112,1.2426003736869402e-07,3.854863990077817e-07,12.77799686277396,0.0,10.0,1.097557876990447e-06,0.0,8.223361115799182e-07,1.919893988570365e-06,0.0,Canada,CAN,ontario,,,Windows-10-10.0.26200-SP0,3.11.9,3.2.6,8,Intel(R) Core(TM) i7-1065G7 CPU @ 1.30GHz,0,,-75.6718,45.3316,15.595848083496094,process,0.0,0,0.0,0.0,N,1.0,0.0
2026-07-31T01:33:48,codecarbon,6381aadf-5d61-4a66-af54-03438fe52b8c,5b0fa12a-3dd7-45bb-9766-cc326314d9f1,0.2732156000565737,1.0179802720785712e-07,3.725922940958649e-07,12.20351940997135,0.0,10.0,8.819246190373558e-07,0.0,6.90917499984304e-07,1.57284211902166e-06,0.0,Canada,CAN,ontario,,,Windows-10-10.0.26200-SP0,3.11.9,3.2.6,8,Intel(R) Core(TM) i7-1065G7 CPU @ 1.30GHz,0,,-75.6718,45.3316,15.595848083496094,process,0.0,0,0.0,0.0,N,1.0,0.0
2026-07-31T01:35:30,codecarbon,f19ffe31-919d-458f-926d-52ce83ffbe03,5b0fa12a-3dd7-45bb-9766-cc326314d9f1,0.2667596000246703,9.93328227344826e-08,3.723683148621312e-07,12.199636359389052,0.0,10.0,8.605054167092845e-07,0.0,6.74247777270567e-07,1.5347531939798516e-06,0.0,Canada,CAN,ontario,,,Windows-10-10.0.26200-SP0,3.11.9,3.2.6,8,Intel(R) Core(TM) i7-1065G7 CPU @ 1.30GHz,0,,-75.6718,45.3316,15.595848083496094,process,0.0,0,0.0,0.0,N,1.0,0.0
2026-07-31T01:36:37,codecarbon,30057317-d2d8-4107-9596-641ab12ca99f,5b0fa12a-3dd7-45bb-9766-cc326314d9f1,0.2831872999668121,9.99821664027708e-08,3.5306020578778825e-07,11.348376464427831,0.0,10.0,8.44195952726639e-07,0.0,7.005900002291633e-07,1.5447859529558024e-06,0.0,Canada,CAN,ontario,,,Windows-10-10.0.26200-SP0,3.11.9,3.2.6,8,Intel(R) Core(TM) i7-1065G7 CPU @ 1.30GHz,0,,-75.6718,45.3316,15.595848083496094,process,0.0,0,0.0,0.0,N,1.0,0.0
2026-07-31T01:38:00,codecarbon,9a5e8349-e56b-4177-b823-382254025bc6,5b0fa12a-3dd7-45bb-9766-cc326314d9f1,0.2845213999971747,1.0391665971371e-07,3.652331941103266e-07,11.83148333181942,0.0,10.0,8.895112936931385e-07,0.0,7.160650003546227e-07,1.6055762940477611e-06,0.0,Canada,CAN,ontario,,,Windows-10-10.0.26200-SP0,3.11.9,3.2.6,8,Intel(R) Core(TM) i7-1065G7 CPU @ 1.30GHz,0,,-75.6718,45.3316,15.595848083496094,process,0.0,0,0.0,0.0,N,1.0,0.0
2026-07-31T01:39:28,codecarbon,fa4e68be-f073-495c-9bf5-1149db1e3530,5b0fa12a-3dd7-45bb-9766-cc326314d9f1,0.268153800163418,9.473388493740156e-08,3.532819034437286e-07,11.279352451948483,0.0,10.0,7.993031654274084e-07,0.0,6.643936115627488e-07,1.4636967769901572e-06,0.0,Canada,CAN,ontario,,,Windows-10-10.0.26200-SP0,3.11.9,3.2.6,8,Intel(R) Core(TM) i7-1065G7 CPU @ 1.30GHz,0,,-75.6718,45.3316,15.595848083496094,process,0.0,0,0.0,0.0,N,1.0,0.0
2026-07-31T01:40:51,codecarbon,64f7dd61-ccb4-492b-bb73-7d32d83058f8,5b0fa12a-3dd7-45bb-9766-cc326314d9f1,0.2720023998990655,1.0091650672251745e-07,3.710132953237379e-07,12.294443198935737,0.0,10.0,8.793545855278905e-07,0.0,6.798674999218848e-07,1.5592220854497751e-06,0.0,Canada,CAN,ontario,,,Windows-10-10.0.26200-SP0,3.11.9,3.2.6,8,Intel(R) Core(TM) i7-1065G7 CPU @ 1.30GHz,0,,-75.6718,45.3316,15.595848083496094,process,0.0,0,0.0,0.0,N,1.0,0.0
2026-07-31T01:42:11,codecarbon,7e213077-43ef-4db6-b04d-f61ea133a354,5b0fa12a-3dd7-45bb-9766-cc326314d9f1,0.2698701999615878,1.0036875270146985e-07,3.71914915821591e-07,12.204171894519025,0.0,10.0,8.717975606154985e-07,0.0,6.789613883787146e-07,1.5507589489942132e-06,0.0,Canada,CAN,ontario,,,Windows-10-10.0.26200-SP0,3.11.9,3.2.6,8,Intel(R) Core(TM) i7-1065G7 CPU @ 1.30GHz,0,,-75.6718,45.3316,15.595848083496094,process,0.0,0,0.0,0.0,N,1.0,0.0
2026-07-31T01:43:48,codecarbon,c72a4c79-d016-44cc-9b33-d5b373eb09a6,5b0fa12a-3dd7-45bb-9766-cc326314d9f1,0.2597181999590248,9.894467218038308e-08,3.8096934368093334e-07,12.768883520027815,0.0,10.0,8.768949177035969e-07,0.0,6.518611115299992e-07,1.5287560292335962e-06,0.0,Canada,CAN,ontario,,,Windows-10-10.0.26200-SP0,3.11.9,3.2.6,8,Intel(R) Core(TM) i7-1065G7 CPU @ 1.30GHz,0,,-75.6718,45.3316,15.595848083496094,process,0.0,0,0.0,0.0,N,1.0,0.0
2026-07-31T01:44:35,codecarbon,5e345ad6-5f3c-4e03-8e8d-d0a087007a38,5b0fa12a-3dd7-45bb-9766-cc326314d9f1,0.2918052999302745,1.1050223686639326e-07,3.786848179001453e-07,12.819997003873564,0.0,10.0,9.841391777710087e-07,0.0,7.231883329546286e-07,1.7073275107256372e-06,0.0,Canada,CAN,ontario,,,Windows-10-10.0.26200-SP0,3.11.9,3.2.6,8,Intel(R) Core(TM) i7-1065G7 CPU @ 1.30GHz,0,,-75.6718,45.3316,15.595848083496094,process,0.0,0,0.0,0.0,N,1.0,0.0
2026-07-31T01:46:06,codecarbon,406b4e30-6f61-4779-aa3b-1805818dae7b,5b0fa12a-3dd7-45bb-9766-cc326314d9f1,0.2528985999524593,9.148885864264277e-08,3.617610325238697e-07,11.918817756522705,0.0,10.0,7.862360695546603e-07,0.0,6.273230557174732e-07,1.4135591252721336e-06,0.0,Canada,CAN,ontario,,,Windows-10-10.0.26200-SP0,3.11.9,3.2.6,8,Intel(R) Core(TM) i7-1065G7 CPU @ 1.30GHz,0,,-75.6718,45.3316,15.595848083496094,process,0.0,0,0.0,0.0,N,1.0,0.0
2026-07-31T01:47:33,codecarbon,6fc7d6cf-0275-43fd-901d-723176158a79,5b0fa12a-3dd7-45bb-9766-cc326314d9f1,0.350279799895361,1.3614113866042857e-07,3.88663972918501e-07,12.878256356584638,0.0,10.0,1.2084973649091155e-06,0.0,8.949669446640959e-07,2.103464309573211e-06,0.0,Canada,CAN,ontario,,,Windows-10-10.0.26200-SP0,3.11.9,3.2.6,8,Intel(R) Core(TM) i7-1065G7 CPU @ 1.30GHz,0,,-75.6718,45.3316,15.595848083496094,process,0.0,0,0.0,0.0,N,1.0,0.0
2026-07-31T01:49:09,codecarbon,56e6d9a6-e781-4888-be3d-e6583c3aea88,5b0fa12a-3dd7-45bb-9766-cc326314d9f1,0.276985100004822,1.031953710551801e-07,3.7256650647772593e-07,12.17271190426373,0.0,10.0,8.943774962553095e-07,0.0,7.000544444761343e-07,1.5944319407314436e-06,0.0,Canada,CAN,ontario,,,Windows-10-10.0.26200-SP0,3.11.9,3.2.6,8,Intel(R) Core(TM) i7-1065G7 CPU @ 1.30GHz,0,,-75.6718,45.3316,15.595848083496094,process,0.0,0,0.0,0.0,N,1.0,0.0
2026-07-31T01:50:37,codecarbon,bb4bf290-7117-452f-86ce-77f9104e473b,5b0fa12a-3dd7-45bb-9766-cc326314d9f1,0.7495211998466402,3.0073945389067585e-07,4.012420915541952e-07,12.871054758348578,0.0,10.0,2.634690607945964e-06,0.0,2.011918888375577e-06,4.646609496321541e-06,0.0,Canada,CAN,ontario,,,Windows-10-10.0.26200-SP0,3.11.9,3.2.6,8,Intel(R) Core(TM) i7-1065G7 CPU @ 1.30GHz,0,,-75.6718,45.3316,15.595848083496094,process,0.0,0,0.0,0.0,N,1.0,0.0
2026-07-31T01:52:05,codecarbon,ccf215e1-68a8-4f7f-8ee5-3c71b5344c4b,5b0fa12a-3dd7-45bb-9766-cc326314d9f1,0.6066233997698873,2.3674325160292242e-07,3.902639622749914e-07,12.386820963226706,0.0,10.0,2.043852984750689e-06,0.0,1.6139758330407656e-06,3.657828817791455e-06,0.0,Canada,CAN,ontario,,,Windows-10-10.0.26200-SP0,3.11.9,3.2.6,8,Intel(R) Core(TM) i7-1065G7 CPU @ 1.30GHz,0,,-75.6718,45.3316,15.595848083496094,process,0.0,0,0.0,0.0,N,1.0,0.0
2026-07-31T01:53:43,codecarbon,45f21e8a-ec3e-4d53-aefc-83c3937dfca1,5b0fa12a-3dd7-45bb-9766-cc326314d9f1,0.363627899903804,1.3844191998715468e-07,3.807241414197833e-07,12.1424222029933,0.0,10.0,1.189832240903956e-06,0.0,9.491805549866208e-07,2.139012795890577e-06,0.0,Canada,CAN,ontario,,,Windows-10-10.0.26200-SP0,3.11.9,3.2.6,8,Intel(R) Core(TM) i7-1065G7 CPU @ 1.30GHz,0,,-75.6718,45.3316,15.595848083496094,process,0.0,0,0.0,0.0,N,1.0,0.0
2026-07-31T01:55:03,codecarbon,3b51b751-7892-44ea-9d21-61a3001a6676,5b0fa12a-3dd7-45bb-9766-cc326314d9f1,0.8993897999171168,3.588078941283569e-07,3.989459232931292e-07,12.650329824410893,0.0,10.0,3.116148717235596e-06,0.0,2.4276538887837283e-06,5.543802606019324e-06,0.0,Canada,CAN,ontario,,,Windows-10-10.0.26200-SP0,3.11.9,3.2.6,8,Intel(R) Core(TM) i7-1065G7 CPU @ 1.30GHz,0,,-75.6718,45.3316,15.595848083496094,process,0.0,0,0.0,0.0,N,1.0,0.0
2026-07-31T01:56:34,codecarbon,6ee4e2bb-c35f-4561-80bb-d56a0ce30948,5b0fa12a-3dd7-45bb-9766-cc326314d9f1,0.4969943000469357,1.955488923903776e-07,3.934630485136552e-07,12.690084718275012,0.0,10.0,1.7069975807829312e-06,0.0,1.3143530555276409e-06,3.021350636310572e-06,0.0,Canada,CAN,ontario,,,Windows-10-10.0.26200-SP0,3.11.9,3.2.6,8,Intel(R) Core(TM) i7-1065G7 CPU @ 1.30GHz,0,,-75.6718,45.3316,15.595848083496094,process,0.0,0,0.0,0.0,N,1.0,0.0
2026-07-31T01:58:10,codecarbon,a3880166-4cc9-4710-b9cf-d952f787e6a0,5b0fa12a-3dd7-45bb-9766-cc326314d9f1,0.2852668999694288,1.1003200009718914e-07,3.857159737389124e-07,12.90945679875525,0.0,10.0,9.780473411937756e-07,0.0,7.220147222849644e-07,1.70006206347874e-06,0.0,Canada,CAN,ontario,,,Windows-10-10.0.26200-SP0,3.11.9,3.2.6,8,Intel(R) Core(TM) i7-1065G7 CPU @ 1.30GHz,0,,-75.6718,45.3316,15.595848083496094,process,0.0,0,0.0,0.0,N,1.0,0.0
2026-07-31T01:59:48,codecarbon,d6d5ca02-b4fd-42f0-9d1e-12e6084bbceb,5b0fa12a-3dd7-45bb-9766-cc326314d9f1,0.3084762000944465,1.1439368683398473e-07,3.708347250094518e-07,12.101664372785644,0.0,10.0,9.921505834886978e-07,0.0,7.753022222055329e-07,1.7674528056942306e-06,0.0,Canada,CAN,ontario,,,Windows-10-10.0.26200-SP0,3.11.9,3.2.6,8,Intel(R) Core(TM) i7-1065G7 CPU @ 1.30GHz,0,,-75.6718,45.3316,15.595848083496094,process,0.0,0,0.0,0.0,N,1.0,0.0
2026-07-31T02:01:36,codecarbon,25afbe4f-631b-4433-815c-f62f1337e625,5b0fa12a-3dd7-45bb-9766-cc326314d9f1,0.3243299000896513,1.198066906537292e-07,3.6939761218627147e-07,12.09541946254117,0.0,10.0,1.0374345433348758e-06,0.0,8.136524999928143e-07,1.85108704332769e-06,0.0,Canada,CAN,ontario,,,Windows-10-10.0.26200-SP0,3.11.9,3.2.6,8,Intel(R) Core(TM) i7-1065G7 CPU @ 1.30GHz,0,,-75.6718,45.3316,15.595848083496094,process,0.0,0,0.0,0.0,N,1.0,0.0
2026-07-31T02:03:23,codecarbon,d013e04f-449a-42b8-bb90-58cdf3101c4e,5b0fa12a-3dd7-45bb-9766-cc326314d9f1,0.4129084998276084,1.5929207076399752e-07,3.8578055629879946e-07,12.613886091434445,0.0,10.0,1.3924721133533258e-06,0.0,1.0686883334225665e-06,2.4611604467758925e-06,0.0,Canada,CAN,ontario,,,Windows-10-10.0.26200-SP0,3.11.9,3.2.6,8,Intel(R) Core(TM) i7-1065G7 CPU @ 1.30GHz,0,,-75.6718,45.3316,15.595848083496094,process,0.0,0,0.0,0.0,N,1.0,0.0
2026-07-31T02:05:03,codecarbon,20fd3adf-a77d-4bd5-bd84-629b55086e05,5b0fa12a-3dd7-45bb-9766-cc326314d9f1,0.2807410999666899,1.0428948614333925e-07,3.714792246511581e-07,12.34376613598256,0.0,10.0,9.093172477311164e-07,0.0,7.020194439165708e-07,1.6113366916476873e-06,0.0,Canada,CAN,ontario,,,Windows-10-10.0.26200-SP0,3.11.9,3.2.6,8,Intel(R) Core(TM) i7-1065G7 CPU @ 1.30GHz,0,,-75.6718,45.3316,15.595848083496094,process,0.0,0,0.0,0.0,N,1.0,0.0
2026-07-31T02:06:32,codecarbon,771b356f-e9ec-4974-9874-e9911d9948ce,5b0fa12a-3dd7-45bb-9766-cc326314d9f1,0.2822155999019742,1.0561329604025776e-07,3.742291215543786e-07,12.568909666298438,0.0,10.0,9.333948133615596e-07,0.0,6.98395555243931e-07,1.631790368605491e-06,0.0,Canada,CAN,ontario,,,Windows-10-10.0.26200-SP0,3.11.9,3.2.6,8,Intel(R) Core(TM) i7-1065G7 CPU @ 1.30GHz,0,,-75.6718,45.3316,15.595848083496094,process,0.0,0,0.0,0.0,N,1.0,0.0
2026-07-31T02:08:02,codecarbon,734c4435-c7a4-44d6-b6e8-0b08c9015d4d,5b0fa12a-3dd7-45bb-9766-cc326314d9f1,0.3361228001303971,1.2788861156252308e-07,3.8048181055527714e-07,12.385089930917704,0.0,10.0,1.110876857542112e-06,0.0,8.650808336420191e-07,1.975957691184131e-06,0.0,Canada,CAN,ontario,,,Windows-10-10.0.26200-SP0,3.11.9,3.2.6,8,Intel(R) Core(TM) i7-1065G7 CPU @ 1.30GHz,0,,-75.6718,45.3316,15.595848083496094,process,0.0,0,0.0,0.0,N,1.0,0.0
2026-07-31T02:09:49,codecarbon,3ca5a616-5a39-4399-ab0b-a29afd1251ee,5b0fa12a-3dd7-45bb-9766-cc326314d9f1,0.4648553999140858,1.7729525376125698e-07,3.8139871838430723e-07,11.974030670655482,0.0,10.0,1.5095234725948845e-06,0.0,1.22979722218588e-06,2.739320694780765e-06,0.0,Canada,CAN,ontario,,,Windows-10-10.0.26200-SP0,3.11.9,3.2.6,8,Intel(R) Core(TM) i7-1065G7 CPU @ 1.30GHz,0,,-75.6718,45.3316,15.595848083496094,process,0.0,0,0.0,0.0,N,1.0,0.0
2026-07-31T02:11:09,codecarbon,4b47c1ee-7f07-41f8-8809-053682e00c2d,5b0fa12a-3dd7-45bb-9766-cc326314d9f1,0.8407839999999851,3.331594935421877e-07,3.9624861265460994e-07,12.579325912548365,0.0,10.0,2.8924832116400465e-06,0.0,2.255035833352142e-06,5.1475190449921885e-06,0.0,Canada,CAN,ontario,,,Windows-10-10.0.26200-SP0,3.11.9,3.2.6,8,Intel(R) Core(TM) i7-1065G7 CPU @ 1.30GHz,0,,-75.6718,45.3316,15.595848083496094,process,0.0,0,0.0,0.0,N,1.0,0.0
2026-07-31T02:12:27,codecarbon,91e0c24a-601d-47ab-94f3-cde4af2f4e33,5b0fa12a-3dd7-45bb-9766-cc326314d9f1,0.4313916999381035,1.6444482001586593e-07,3.8119606853692506e-07,12.16094275131216,0.0,10.0,1.4142760917819206e-06,0.0,1.126497499515406e-06,2.5407735912973263e-06,0.0,Canada,CAN,ontario,,,Windows-10-10.0.26200-SP0,3.11.9,3.2.6,8,Intel(R) Core(TM) i7-1065G7 CPU @ 1.30GHz,0,,-75.6718,45.3316,15.595848083496094,process,0.0,0,0.0,0.0,N,1.0,0.0
2026-07-31T02:14:05,codecarbon,db9e467c-a903-4039-a45a-ddda6aa2c3c1,5b0fa12a-3dd7-45bb-9766-cc326314d9f1,0.4990765999536961,1.92460949149744e-07,3.856340873677513e-07,12.313081078946524,0.0,10.0,1.6609183475456516e-06,0.0,1.3127216668282118e-06,2.973640014373864e-06,0.0,Canada,CAN,ontario,,,Windows-10-10.0.26200-SP0,3.11.9,3.2.6,8,Intel(R) Core(TM) i7-1065G7 CPU @ 1.30GHz,0,,-75.6718,45.3316,15.595848083496094,process,0.0,0,0.0,0.0,N,1.0,0.0
2026-07-31T02:15:31,codecarbon,ec60f56d-d5a5-45ef-b031-5f1a709a60a8,5b0fa12a-3dd7-45bb-9766-cc326314d9f1,0.2692939999978989,9.72013728457015e-08,3.609488991453945e-07,11.926555220608384,0.0,10.0,8.405415377159951e-07,0.0,6.61279444789721e-07,1.5018209825057162e-06,0.0,Canada,CAN,ontario,,,Windows-10-10.0.26200-SP0,3.11.9,3.2.6,8,Intel(R) Core(TM) i7-1065G7 CPU @ 1.30GHz,0,,-75.6718,45.3316,15.595848083496094,process,0.0,0,0.0,0.0,N,1.0,0.0
2026-07-31T02:17:15,codecarbon,852be9fc-7ca5-4bab-8dfc-961a8d0b1217,5b0fa12a-3dd7-45bb-9766-cc326314d9f1,1.314729900099337,4.1019399122041043e-07,3.119986783516656e-07,7.756074542977267,0.0,10.0,2.789349405025101e-06,0.0,3.54839999991883e-06,6.337749404943931e-06,0.0,Canada,CAN,ontario,,,Windows-10-10.0.26200-SP0,3.11.9,3.2.6,8,Intel(R) Core(TM) i7-1065G7 CPU @ 1.30GHz,0,,-75.6718,45.3316,15.595848083496094,process,0.0,0,68.8,10.72555160522461,N,1.0,0.0
2026-07-31T02:18:59,codecarbon,8a49d9a7-6074-403c-9c79-f8d83ca0faeb,5b0fa12a-3dd7-45bb-9766-cc326314d9f1,0.6535642000380903,2.525620079495611e-07,3.864379473888587e-07,12.141221470854454,0.0,10.0,2.1598352754922543e-06,0.0,1.7424030552825166e-06,3.9022383307747705e-06,0.0,Canada,CAN,ontario,,,Windows-10-10.0.26200-SP0,3.11.9,3.2.6,8,Intel(R) Core(TM) i7-1065G7 CPU @ 1.30GHz,0,,-75.6718,45.3316,15.595848083496094,process,0.0,0,0.0,0.0,N,1.0,0.0
2026-07-31T02:20:31,codecarbon,7ef4b9a0-24af-406d-85b9-510eea5f73f0,5b0fa12a-3dd7-45bb-9766-cc326314d9f1,0.4104275999125093,1.588918366329094e-07,3.871373091545994e-07,12.66146808909955,0.0,10.0,1.3916307501704862e-06,0.0,1.0633458331641223e-06,2.454976583334609e-06,0.0,Canada,CAN,ontario,,,Windows-10-10.0.26200-SP0,3.11.9,3.2.6,8,Intel(R) Core(TM) i7-1065G7 CPU @ 1.30GHz,0,,-75.6718,45.3316,15.595848083496094,process,0.0,0,0.0,0.0,N,1.0,0.0
2026-07-31T02:22:10,codecarbon,6c6f275d-6bb2-4951-9d66-50ecde96a673,5b0fa12a-3dd7-45bb-9766-cc326314d9f1,0.9096411000937225,3.576117357117995e-07,3.9313498002119074e-07,12.325568463451864,0.0,10.0,3.0703015010132577e-06,0.0,2.4550197219165664e-06,5.525321222929824e-06,0.0,Canada,CAN,ontario,,,Windows-10-10.0.26200-SP0,3.11.9,3.2.6,8,Intel(R) Core(TM) i7-1065G7 CPU @ 1.30GHz,0,,-75.6718,45.3316,15.595848083496094,process,0.0,0,0.0,0.0,N,1.0,0.0
2026-07-31T02:23:29,codecarbon,617eb31d-4ca2-4908-8fa2-863a5d5f7746,5b0fa12a-3dd7-45bb-9766-cc326314d9f1,0.5837075000163168,2.284698553986245e-07,3.9141154669459945e-07,12.61597395908722,0.0,10.0,1.9920742035306967e-06,0.0,1.537925555344878e-06,3.529999758875575e-06,0.0,Canada,CAN,ontario,,,Windows-10-10.0.26200-SP0,3.11.9,3.2.6,8,Intel(R) Core(TM) i7-1065G7 CPU @ 1.30GHz,0,,-75.6718,45.3316,15.595848083496094,process,0.0,0,0.0,0.0,N,1.0,0.0
2026-07-31T02:25:10,codecarbon,a7b2898d-77c4-4726-8c94-d469d1ab0d42,5b0fa12a-3dd7-45bb-9766-cc326314d9f1,0.784933099988848,3.091767604421634e-07,3.938893141932173e-07,12.432225289255632,0.0,10.0,2.667120515857432e-06,0.0,2.109850555037459e-06,4.776971070894891e-06,0.0,Canada,CAN,ontario,,,Windows-10-10.0.26200-SP0,3.11.9,3.2.6,8,Intel(R) Core(TM) i7-1065G7 CPU @ 1.30GHz,0,,-75.6718,45.3316,15.595848083496094,process,0.0,0,0.0,0.0,N,1.0,0.0
2026-07-31T02:26:47,codecarbon,7d30f32e-629f-40fe-9f2d-739df894b0d7,5b0fa12a-3dd7-45bb-9766-cc326314d9f1,0.3088964999187737,1.1212211374906057e-07,3.6297631659324e-07,11.573445416141825,0.0,10.0,9.527208827861204e-07,0.0,7.796347218876084e-07,1.7323556046737288e-06,0.0,Canada,CAN,ontario,,,Windows-10-10.0.26200-SP0,3.11.9,3.2.6,8,Intel(R) Core(TM) i7-1065G7 CPU @ 1.30GHz,0,,-75.6718,45.3316,15.595848083496094,process,0.0,0,0.0,0.0,N,1.0,0.0
2026-07-31T02:28:21,codecarbon,5bc6f589-7085-4cf8-9d1d-3ea90bb4a533,5b0fa12a-3dd7-45bb-9766-cc326314d9f1,0.3072575000114739,1.1864397831413505e-07,3.8613859160379977e-07,12.83001153531636,0.0,10.0,1.0502365895165522e-06,0.0,7.828858331777156e-07,1.833122422694268e-06,0.0,Canada,CAN,ontario,,,Windows-10-10.0.26200-SP0,3.11.9,3.2.6,8,Intel(R) Core(TM) i7-1065G7 CPU @ 1.30GHz,0,,-75.6718,45.3316,15.595848083496094,process,0.0,0,0.0,0.0,N,1.0,0.0
2026-07-31T02:30:13,codecarbon,bd56a4fd-4692-4c0f-ad47-88884a3ffa20,5b0fa12a-3dd7-45bb-9766-cc326314d9f1,0.284652000060305,1.0780386151677541e-07,3.787216021455552e-07,12.527191760553723,0.0,10.0,9.437178967331216e-07,0.0,7.219180555289818e-07,1.6656359522621033e-06,0.0,Canada,CAN,ontario,,,Windows-10-10.0.26200-SP0,3.11.9,3.2.6,8,Intel(R) Core(TM) i7-1065G7 CPU @ 1.30GHz,0,,-75.6718,45.3316,15.595848083496094,process,0.0,0,0.0,0.0,N,1.0,0.0
2026-07-31T02:31:54,codecarbon,4a0d6614-4dc5-4b47-b6a0-a26fe8740a46,5b0fa12a-3dd7-45bb-9766-cc326314d9f1,0.4853336999658495,1.8602660330666e-07,3.832962831959737e-07,12.181481823781528,0.0,10.0,1.598792080938819e-06,0.0,1.2754333334871464e-06,2.8742254144259657e-06,0.0,Canada,CAN,ontario,,,Windows-10-10.0.26200-SP0,3.11.9,3.2.6,8,Intel(R) Core(TM) i7-1065G7 CPU @ 1.30GHz,0,,-75.6718,45.3316,15.595848083496094,process,0.0,0,0.0,0.0,N,1.0,0.0
2026-07-31T02:33:37,codecarbon,141bd699-073a-408f-9a67-272aee46cae6,5b0fa12a-3dd7-45bb-9766-cc326314d9f1,0.4681643999647349,1.8140361300416965e-07,3.8747844350795146e-07,12.505718605823285,0.0,10.0,1.5745540383306426e-06,0.0,1.2282433331064463e-06,2.802797371437089e-06,0.0,Canada,CAN,ontario,,,Windows-10-10.0.26200-SP0,3.11.9,3.2.6,8,Intel(R) Core(TM) i7-1065G7 CPU @ 1.30GHz,0,,-75.6718,45.3316,15.595848083496094,process,0.0,0,0.0,0.0,N,1.0,0.0
2026-07-31T02:35:19,codecarbon,ca4e3174-7deb-4b6c-8856-d5279f67424a,5b0fa12a-3dd7-45bb-9766-cc326314d9f1,0.7840877000708133,3.079574666620699e-07,3.927589562165779e-07,12.398268761588156,0.0,10.0,2.6563683433290347e-06,0.0,2.101763888883094e-06,4.758132232212129e-06,0.0,Canada,CAN,ontario,,,Windows-10-10.0.26200-SP0,3.11.9,3.2.6,8,Intel(R) Core(TM) i7-1065G7 CPU @ 1.30GHz,0,,-75.6718,45.3316,15.595848083496094,process,0.0,0,0.0,0.0,N,1.0,0.0
2026-07-31T02:37:03,codecarbon,cceff888-45f2-4dbe-bb76-5638716574a4,5b0fa12a-3dd7-45bb-9766-cc326314d9f1,0.3179703000932932,1.1882711882376797e-07,3.737050875157328e-07,12.145115700289953,0.0,10.0,1.0306237225398022e-06,0.0,8.053283336468869e-07,1.835952056186689e-06,0.0,Canada,CAN,ontario,,,Windows-10-10.0.26200-SP0,3.11.9,3.2.6,8,Intel(R) Core(TM) i7-1065G7 CPU @ 1.30GHz,0,,-75.6718,45.3316,15.595848083496094,process,0.0,0,0.0,0.0,N,1.0,0.0
2026-07-31T02:38:50,codecarbon,f833e174-1942-4153-8288-c761bc621cd0,5b0fa12a-3dd7-45bb-9766-cc326314d9f1,0.3210915999952703,1.196606979870766e-07,3.726684160807669e-07,12.174813824324271,0.0,10.0,1.0347797007108394e-06,0.0,8.14051666141798e-07,1.8488313668526368e-06,0.0,Canada,CAN,ontario,,,Windows-10-10.0.26200-SP0,3.11.9,3.2.6,8,Intel(R) Core(TM) i7-1065G7 CPU @ 1.30GHz,0,,-75.6718,45.3316,15.595848083496094,process,0.0,0,0.0,0.0,N,1.0,0.0
2026-07-31T02:40:21,codecarbon,615524ae-06ae-4c2e-822b-8a1322a2bc1a,5b0fa12a-3dd7-45bb-9766-cc326314d9f1,0.4781897000502795,1.881426787783798e-07,3.934477860116967e-07,12.738295547010036,0.0,10.0,1.6482084147987525e-06,0.0,1.258711666903562e-06,2.9069200817023144e-06,0.0,Canada,CAN,ontario,,,Windows-10-10.0.26200-SP0,3.11.9,3.2.6,8,Intel(R) Core(TM) i7-1065G7 CPU @ 1.30GHz,0,,-75.6718,45.3316,15.595848083496094,process,0.0,0,0.0,0.0,N,1.0,0.0
2026-07-31T02:42:02,codecarbon,54d6df3c-e55a-4964-94f9-6d77244accf7,5b0fa12a-3dd7-45bb-9766-cc326314d9f1,0.3042446998879313,1.1202606400724909e-07,3.6821040448203017e-07,11.751342099120826,0.0,10.0,9.513635215489316e-07,0.0,7.795080555499428e-07,1.7308715770988743e-06,0.0,Canada,CAN,ontario,,,Windows-10-10.0.26200-SP0,3.11.9,3.2.6,8,Intel(R) Core(TM) i7-1065G7 CPU @ 1.30GHz,0,,-75.6718,45.3316,15.595848083496094,process,0.0,0,0.0,0.0,N,1.0,0.0
2026-07-31T02:43:36,codecarbon,a0d7badb-024f-46a5-982f-26e67a0ecc72,5b0fa12a-3dd7-45bb-9766-cc326314d9f1,0.3362226001918316,1.2069306172851672e-07,3.58967724536231e-07,11.235987933017125,0.0,10.0,1.0095828547346424e-06,0.0,8.551991667546746e-07,1.864782021489317e-06,0.0,Canada,CAN,ontario,,,Windows-10-10.0.26200-SP0,3.11.9,3.2.6,8,Intel(R) Core(TM) i7-1065G7 CPU @ 1.30GHz,0,,-75.6718,45.3316,15.595848083496094,process,0.0,0,0.0,0.0,N,1.0,0.0
2026-07-31T02:45:21,codecarbon,fad0ee4c-2af8-4a54-9f63-bc28689e8d87,5b0fa12a-3dd7-45bb-9766-cc326314d9f1,0.4329388998448849,1.688090206983452e-07,3.899141905678301e-07,12.696420438704497,0.0,10.0,1.482866786901983e-06,0.0,1.125336388617547e-06,2.6082031755195303e-06,0.0,Canada,CAN,ontario,,,Windows-10-10.0.26200-SP0,3.11.9,3.2.6,8,Intel(R) Core(TM) i7-1065G7 CPU @ 1.30GHz,0,,-75.6718,45.3316,15.595848083496094,process,0.0,0,0.0,0.0,N,1.0,0.0
2026-07-31T02:47:44,codecarbon,794f8ff8-097b-41c5-9a41-9eabdb227bb2,5b0fa12a-3dd7-45bb-9766-cc326314d9f1,1.0380270997993648,4.125131547919061e-07,3.9740114190818217e-07,12.505291717844615,0.0,10.0,3.56159079725944e-06,0.0,2.8119911109873406e-06,6.373581908246781e-06,0.0,Canada,CAN,ontario,,,Windows-10-10.0.26200-SP0,3.11.9,3.2.6,8,Intel(R) Core(TM) i7-1065G7 CPU @ 1.30GHz,0,,-75.6718,45.3316,15.595848083496094,process,0.0,0,0.0,0.0,N,1.0,0.0
2026-07-31T02:49:16,codecarbon,5f6587f9-8dac-43e3-87c9-cc2aa58e490e,5b0fa12a-3dd7-45bb-9766-cc326314d9f1,0.4484896999783814,1.752139995426367e-07,3.9067563770379243e-07,12.768479247020124,0.0,10.0,1.5375579259804674e-06,0.0,1.16960611129697e-06,2.707164037277437e-06,0.0,Canada,CAN,ontario,,,Windows-10-10.0.26200-SP0,3.11.9,3.2.6,8,Intel(R) Core(TM) i7-1065G7 CPU @ 1.30GHz,0,,-75.6718,45.3316,15.595848083496094,process,0.0,0,0.0,0.0,N,1.0,0.0
2026-07-31T02:51:33,codecarbon,98bd34d4-fd7c-44bd-a657-f3bad620446b,5b0fa12a-3dd7-45bb-9766-cc326314d9f1,0.5467104001436383,2.090486043205515e-07,3.823753933812632e-07,12.197156023463254,0.0,10.0,1.7975975425817724e-06,0.0,1.4323319444277636e-06,3.229929487009536e-06,0.0,Canada,CAN,ontario,,,Windows-10-10.0.26200-SP0,3.11.9,3.2.6,8,Intel(R) Core(TM) i7-1065G7 CPU @ 1.30GHz,0,,-75.6718,45.3316,15.595848083496094,process,0.0,0,0.0,0.0,N,1.0,0.0
2026-07-31T02:53:47,codecarbon,9665cc35-6d0c-431b-a5f6-dbaab7a7a4cd,5b0fa12a-3dd7-45bb-9766-cc326314d9f1,0.5244000998791307,2.0203498865638762e-07,3.852687837072394e-07,12.390767388201294,0.0,10.0,1.75145286803927e-06,0.0,1.3701119440762943e-06,3.1215648121155647e-06,0.0,Canada,CAN,ontario,,,Windows-10-10.0.26200-SP0,3.11.9,3.2.6,8,Intel(R) Core(TM) i7-1065G7 CPU @ 1.30GHz,0,,-75.6718,45.3316,15.595848083496094,process,0.0,0,0.0,0.0,N,1.0,0.0
2026-07-31T02:55:50,codecarbon,20bf9259-cc97-45b4-9eea-9dbaa93618f3,5b0fa12a-3dd7-45bb-9766-cc326314d9f1,0.4463512999936938,1.671409266565444e-07,3.744604903332998e-07,11.785566973730312,0.0,10.0,1.4185884298743262e-06,0.0,1.1638416669383231e-06,2.5824300968126493e-06,0.0,Canada,CAN,ontario,,,Windows-10-10.0.26200-SP0,3.11.9,3.2.6,8,Intel(R) Core(TM) i7-1065G7 CPU @ 1.30GHz,0,,-75.6718,45.3316,15.595848083496094,process,0.0,0,0.0,0.0,N,1.0,0.0
2026-07-31T02:57:06,codecarbon,e956b3ce-1e08-4f57-a4c9-3e86ac5c62b8,5b0fa12a-3dd7-45bb-9766-cc326314d9f1,0.4528067999053746,1.7573809991655865e-07,3.881083498597714e-07,12.543582306662548,0.0,10.0,1.5330400437919983e-06,0.0,1.1822216665475733e-06,2.715261710339572e-06,0.0,Canada,CAN,ontario,,,Windows-10-10.0.26200-SP0,3.11.9,3.2.6,8,Intel(R) Core(TM) i7-1065G7 CPU @ 1.30GHz,0,,-75.6718,45.3316,15.595848083496094,process,0.0,0,0.0,0.0,N,1.0,0.0
2026-07-31T02:59:05,codecarbon,2e53014f-0324-4c8f-b392-a8c2a7d183e6,5b0fa12a-3dd7-45bb-9766-cc326314d9f1,0.5608421999495476,2.124845512386562e-07,3.7886690990401737e-07,11.815842155391504,0.0,10.0,1.7980094796661928e-06,0.0,1.485007500094879e-06,3.283016979761072e-06,0.0,Canada,CAN,ontario,,,Windows-10-10.0.26200-SP0,3.11.9,3.2.6,8,Intel(R) Core(TM) i7-1065G7 CPU @ 1.30GHz,0,,-75.6718,45.3316,15.595848083496094,process,0.0,0,0.0,0.0,N,1.0,0.0
2026-07-31T03:01:13,codecarbon,9ed4deaf-6317-44e8-92a6-96d8d0a29680,5b0fa12a-3dd7-45bb-9766-cc326314d9f1,1.3629856000188738,5.380693362100222e-07,3.947725758823654e-07,12.27769886638223,0.0,10.0,4.603436563711534e-06,0.0,3.7100655557070336e-06,8.313502119418569e-06,0.0,Canada,CAN,ontario,,,Windows-10-10.0.26200-SP0,3.11.9,3.2.6,8,Intel(R) Core(TM) i7-1065G7 CPU @ 1.30GHz,0,,-75.6718,45.3316,15.595848083496094,process,35.9,0,68.5,10.68875503540039,N,1.0,0.0
2026-07-31T03:03:13,codecarbon,fba0efc0-1d43-4259-a548-46a2f9f4533f,5b0fa12a-3dd7-45bb-9766-cc326314d9f1,1.0929189000744373,4.212773847710399e-07,3.854607919602701e-07,11.769596305896764,0.0,10.0,3.53604770616575e-06,0.0,2.9729469446465373e-06,6.508994650812287e-06,0.0,Canada,CAN,ontario,,,Windows-10-10.0.26200-SP0,3.11.9,3.2.6,8,Intel(R) Core(TM) i7-1065G7 CPU @ 1.30GHz,0,,-75.6718,45.3316,15.595848083496094,process,0.0,0,68.1,10.618888854980469,N,1.0,0.0
2026-07-31T03:04:59,codecarbon,23c6527c-dbc6-474b-8028-3ca3b86a90fc,5b0fa12a-3dd7-45bb-9766-cc326314d9f1,0.5760536000598222,2.228316140134488e-07,3.868244447917834e-07,12.234519920433645,0.0,10.0,1.9143421288796327e-06,0.0,1.5285433334712354e-06,3.442885462350868e-06,0.0,Canada,CAN,ontario,,,Windows-10-10.0.26200-SP0,3.11.9,3.2.6,8,Intel(R) Core(TM) i7-1065G7 CPU @ 1.30GHz,0,,-75.6718,45.3316,15.595848083496094,process,0.0,0,0.0,0.0,N,1.0,0.0
2026-07-31T03:06:58,codecarbon,6c929637-c882-40f9-b979-276f05ca6bc6,5b0fa12a-3dd7-45bb-9766-cc326314d9f1,0.4120894998777658,1.5724148434048213e-07,3.815711984584009e-07,12.29326646444986,0.0,10.0,1.359631514603772e-06,0.0,1.0698461109617105e-06,2.4294776255654824e-06,0.0,Canada,CAN,ontario,,,Windows-10-10.0.26200-SP0,3.11.9,3.2.6,8,Intel(R) Core(TM) i7-1065G7 CPU @ 1.30GHz,0,,-75.6718,45.3316,15.595848083496094,process,0.0,0,0.0,0.0,N,1.0,0.0
2026-07-31T03:08:50,codecarbon,69d780ea-36e2-4534-8717-bb199ad2eb96,5b0fa12a-3dd7-45bb-9766-cc326314d9f1,0.5232025999575853,1.9709327312125328e-07,3.767054543254011e-07,11.790197362657532,0.0,10.0,1.6711222684398658e-06,0.0,1.3740899998487695e-06,3.0452122682886355e-06,0.0,Canada,CAN,ontario,,,Windows-10-10.0.26200-SP0,3.11.9,3.2.6,8,Intel(R) Core(TM) i7-1065G7 CPU @ 1.30GHz,0,,-75.6718,45.3316,15.595848083496094,process,0.0,0,0.0,0.0,N,1.0,0.0
2026-07-31T03:10:49,codecarbon,2554129c-8ff4-43d9-a512-1fc4f968d7cd,5b0fa12a-3dd7-45bb-9766-cc326314d9f1,1.2235262000467628,4.977371253078397e-07,4.068054491099711e-07,12.988701302389613,0.0,10.0,4.362709937137058e-06,0.0,3.327634722356581e-06,7.690344659493639e-06,0.0,Canada,CAN,ontario,,,Windows-10-10.0.26200-SP0,3.11.9,3.2.6,8,Intel(R) Core(TM) i7-1065G7 CPU @ 1.30GHz,0,,-75.6718,45.3316,15.595848083496094,process,0.0,0,67.6,10.549701690673828,N,1.0,0.0
2026-07-31T03:13:19,codecarbon,f3d622f5-1394-4ef2-8e23-c94f745630ba,5b0fa12a-3dd7-45bb-9766-cc326314d9f1,1.326096300035715,5.32696800428389e-07,4.017029535592868e-07,12.611070493508096,0.0,10.0,4.607619249171605e-06,0.0,3.6228738886873344e-06,8.23049313785894e-06,0.0,Canada,CAN,ontario,,,Windows-10-10.0.26200-SP0,3.11.9,3.2.6,8,Intel(R) Core(TM) i7-1065G7 CPU @ 1.30GHz,0,,-75.6718,45.3316,15.595848083496094,process,0.0,0,68.2,10.637256622314451,N,1.0,0.0
2026-07-31T03:15:56,codecarbon,0256bec3-0f8e-4454-9b9d-a3b23358f72b,5b0fa12a-3dd7-45bb-9766-cc326314d9f1,0.5633801000658423,2.1985393709890617e-07,3.902408641576297e-07,12.43571896386686,0.0,10.0,1.9027226897193949e-06,0.0,1.494155833238943e-06,3.3968785229583376e-06,0.0,Canada,CAN,ontario,,,Windows-10-10.0.26200-SP0,3.11.9,3.2.6,8,Intel(R) Core(TM) i7-1065G7 CPU @ 1.30GHz,0,,-75.6718,45.3316,15.595848083496094,process,0.0,0,0.0,0.0,N,1.0,0.0
2026-07-31T03:18:39,codecarbon,bcc5178c-2908-413f-a114-fc9433f98cf4,5b0fa12a-3dd7-45bb-9766-cc326314d9f1,0.2896010999102145,1.082182461302554e-07,3.736803698736174e-07,12.225753152538744,0.0,10.0,9.430715049467072e-07,0.0,7.289669444111901e-07,1.6720384493578975e-06,0.0,Canada,CAN,ontario,,,Windows-10-10.0.26200-SP0,3.11.9,3.2.6,8,Intel(R) Core(TM) i7-1065G7 CPU @ 1.30GHz,0,,-75.6718,45.3316,15.595848083496094,process,0.0,0,0.0,0.0,N,1.0,0.0
2026-07-31T03:20:50,codecarbon,93b57dc6-5183-46e8-881d-3f2d99ce8040,5b0fa12a-3dd7-45bb-9766-cc326314d9f1,0.6961214998736978,2.7345919701240015e-07,3.9283256882888373e-07,12.437194512506274,0.0,10.0,2.3657699744163387e-06,0.0,1.8593427776876423e-06,4.225112752103981e-06,0.0,Canada,CAN,ontario,,,Windows-10-10.0.26200-SP0,3.11.9,3.2.6,8,Intel(R) Core(TM) i7-1065G7 CPU @ 1.30GHz,0,,-75.6718,45.3316,15.595848083496094,process,0.0,0,0.0,0.0,N,1.0,0.0
2026-07-31T03:23:32,codecarbon,96850e95-657d-4e38-b6fc-c0f3db78cf66,5b0fa12a-3dd7-45bb-9766-cc326314d9f1,0.704492500051856,2.787246649652679e-07,3.956389385901932e-07,12.728259716948472,0.0,10.0,2.436182191968333e-06,0.0,1.870285277901632e-06,4.3064674698699645e-06,0.0,Canada,CAN,ontario,,,Windows-10-10.0.26200-SP0,3.11.9,3.2.6,8,Intel(R) Core(TM) i7-1065G7 CPU @ 1.30GHz,0,,-75.6718,45.3316,15.595848083496094,process,0.0,0,0.0,0.0,N,1.0,0.0
2026-07-31T03:25:56,codecarbon,6e865d0c-a8fc-4a0d-b594-6290c28adaa4,5b0fa12a-3dd7-45bb-9766-cc326314d9f1,0.5910183000378311,2.300220746531774e-07,3.891961968664146e-07,12.330524897741084,0.0,10.0,1.9835416675371305e-06,0.0,1.570440833327464e-06,3.5539825008645943e-06,0.0,Canada,CAN,ontario,,,Windows-10-10.0.26200-SP0,3.11.9,3.2.6,8,Intel(R) Core(TM) i7-1065G7 CPU @ 1.30GHz,0,,-75.6718,45.3316,15.595848083496094,process,0.0,0,0.0,0.0,N,1.0,0.0
2026-07-31T03:27:56,codecarbon,1a310d9e-4780-4d13-b9e7-6114f185d38f,5b0fa12a-3dd7-45bb-9766-cc326314d9f1,0.534143399912864,2.028767722592508e-07,3.7981705342113485e-07,11.837096799348988,0.0,10.0,1.7170317198724992e-06,0.0,1.4175391665452884e-06,3.134570886417788e-06,0.0,Canada,CAN,ontario,,,Windows-10-10.0.26200-SP0,3.11.9,3.2.6,8,Intel(R) Core(TM) i7-1065G7 CPU @ 1.30GHz,0,,-75.6718,45.3316,15.595848083496094,process,0.0,0,0.0,0.0,N,1.0,0.0
2026-07-31T03:30:34,codecarbon,0c096c99-b214-4dee-908c-83a83bf085b5,5b0fa12a-3dd7-45bb-9766-cc326314d9f1,0.2992175000254065,1.1480944668705838e-07,3.836989704055075e-07,12.760190315338516,0.0,10.0,1.0148487730716406e-06,0.0,7.590277780157824e-07,1.773876551087423e-06,0.0,Canada,CAN,ontario,,,Windows-10-10.0.26200-SP0,3.11.9,3.2.6,8,Intel(R) Core(TM) i7-1065G7 CPU @ 1.30GHz,0,,-75.6718,45.3316,15.595848083496094,process,0.0,0,0.0,0.0,N,1.0,0.0
