timestamp,project_name,run_id,experiment_id,duration,emissions,emissions_rate,cpu_power,gpu_power,ram_power,cpu_energy,gpu_energy,ram_energy,energy_consumed,water_consumed,country_name,country_iso_code,region,cloud_provider,cloud_region,os,python_version,codecarbon_version,cpu_count,cpu_model,gpu_count,gpu_model,longitude,latitude,ram_total_size,tracking_mode,cpu_utilization_percent,gpu_utilization_percent,ram_utilization_percent,ram_used_gb,on_cloud,pue,wue
2026-07-30T22:37:24,codecarbon,f3a8bc1e-caef-4399-bb28-3cc8110169d8,5b0fa12a-3dd7-45bb-9766-cc326314d9f1,0.9706919998861848,3.411490870506919e-07,3.5144936508253093e-07,10.067592478800544,0.0,10.0,2.667920955671347e-06,0.0,2.603042222067921e-06,5.270963177739268e-06,0.0,Canada,CAN,ontario,,,Windows-10-10.0.26200-SP0,3.11.9,3.2.6,8,Intel(R) Core(TM) i7-1065G7 CPU @ 1.30GHz,0,,-75.6718,45.3316,15.595848083496094,process,0.0,0,0.0,0.0,N,1.0,0.0
2026-07-30T22:37:30,codecarbon,f49eb355-d125-4aac-89b8-4cd5417e4054,5b0fa12a-3dd7-45bb-9766-cc326314d9f1,1.0569434999488294,3.843189999781209e-07,3.636135706371506e-07,10.706373313383867,0.0,10.0,3.093825156844061e-06,0.0,2.844139722098286e-06,5.937964878942347e-06,0.0,Canada,CAN,ontario,,,Windows-10-10.0.26200-SP0,3.11.9,3.2.6,8,Intel(R) Core(TM) i7-1065G7 CPU @ 1.30GHz,0,,-75.6718,45.3316,15.595848083496094,process,0.0,0,0.0,0.0,N,1.0,0.0
2026-07-30T22:37:35,codecarbon,02827156-61f8-4192-8a57-6c53344fc2ea,5b0fa12a-3dd7-45bb-9766-cc326314d9f1,0.3584728999994695,1.2541233152496097e-07,3.49851638785377e-07,10.507591905051948,0.0,10.0,1.0102281977400728e-06,0.0,9.27469444124856e-07,1.9376976418649285e-06,0.0,Canada,CAN,ontario,,,Windows-10-10.0.26200-SP0,3.11.9,3.2.6,8,Intel(R) Core(TM) i7-1065G7 CPU @ 1.30GHz,0,,-75.6718,45.3316,15.595848083496094,process,0.0,0,0.0,0.0,N,1.0,0.0
2026-07-30T22:37:41,codecarbon,bd7f4d76-96fa-4efc-95a7-898db9ec9dbd,5b0fa12a-3dd7-45bb-9766-cc326314d9f1,1.8149608001112936,6.58002207598334e-07,3.625434816873098e-07,10.455188865029244,0.0,10.0,5.221153455106167e-06,0.0,4.945385277581712e-06,1.016653873268788e-05,0.0,Canada,CAN,ontario,,,Windows-10-10.0.26200-SP0,3.11.9,3.2.6,8,Intel(R) Core(TM) i7-1065G7 CPU @ 1.30GHz,0,,-75.6718,45.3316,15.595848083496094,process,0.0,0,66.9,10.430545806884766,N,1.0,0.0
2026-07-30T22:37:47,codecarbon,c8e9198d-a8ca-46a9-8576-bb9ac14f3cac,5b0fa12a-3dd7-45bb-9766-cc326314d9f1,0.6627821999136358,2.3518606408032905e-07,3.548466813245363e-07,10.490841048744098,0.0,10.0,1.887642090832952e-06,0.0,1.746127222173123e-06,3.6337693130060734e-06,0.0,Canada,CAN,ontario,,,Windows-10-10.0.26200-SP0,3.11.9,3.2.6,8,Intel(R) Core(TM) i7-1065G7 CPU @ 1.30GHz,0,,-75.6718,45.3316,15.595848083496094,process,0.0,0,0.0,0.0,N,1.0,0.0
2026-07-30T22:37:52,codecarbon,a40c2921-75b9-480e-ac2c-676d90b2dbf1,5b0fa12a-3dd7-45bb-9766-cc326314d9f1,0.5449592999648303,1.929081420730323e-07,3.539863290441725e-07,10.544274291055869,0.0,10.0,1.5513749760395695e-06,0.0,1.4291744439914408e-06,2.9805494200310105e-06,0.0,Canada,CAN,ontario,,,Windows-10-10.0.26200-SP0,3.11.9,3.2.6,8,Intel(R) Core(TM) i7-1065G7 CPU @ 1.30GHz,0,,-75.6718,45.3316,15.595848083496094,process,0.0,0,0.0,0.0,N,1.0,0.0
2026-07-30T22:37:58,codecarbon,875c4f2a-76b0-4555-8eff-8aede58b3476,5b0fa12a-3dd7-45bb-9766-cc326314d9f1,0.6851856000721455,2.7220757018424936e-07,3.9727567268720724e-07,12.702376300031515,0.0,10.0,2.376153792437291e-06,0.0,1.8296205555088817e-06,4.205774347946173e-06,0.0,Canada,CAN,ontario,,,Windows-10-10.0.26200-SP0,3.11.9,3.2.6,8,Intel(R) Core(TM) i7-1065G7 CPU @ 1.30GHz,0,,-75.6718,45.3316,15.595848083496094,process,0.0,0,0.0,0.0,N,1.0,0.0
2026-07-30T22:38:04,codecarbon,c8521d3c-b292-49af-b29f-c8980ff3d0e5,5b0fa12a-3dd7-45bb-9766-cc326314d9f1,1.317952600074932,4.708277520908607e-07,3.572417946321377e-07,10.25469992388178,0.0,10.0,3.707290795428548e-06,0.0,3.5672875004820525e-06,7.2745782959106e-06,0.0,Canada,CAN,ontario,,,Windows-10-10.0.26200-SP0,3.11.9,3.2.6,8,Intel(R) Core(TM) i7-1065G7 CPU @ 1.30GHz,0,,-75.6718,45.3316,15.595848083496094,process,0.0,0,68.0,10.612907409667969,N,1.0,0.0
2026-07-30T22:38:09,codecarbon,5590e426-48f7-465d-abd0-52c5cffbf250,5b0fa12a-3dd7-45bb-9766-cc326314d9f1,0.4590712001081556,1.6143999235448545e-07,3.516665657014658e-07,10.632715859799092,0.0,10.0,1.3072227113776745e-06,0.0,1.187124444792668e-06,2.494347156170342e-06,0.0,Canada,CAN,ontario,,,Windows-10-10.0.26200-SP0,3.11.9,3.2.6,8,Intel(R) Core(TM) i7-1065G7 CPU @ 1.30GHz,0,,-75.6718,45.3316,15.595848083496094,process,0.0,0,0.0,0.0,N,1.0,0.0
2026-07-30T22:38:16,codecarbon,2dedff06-534f-4656-ad7d-f0d07e9e40b3,5b0fa12a-3dd7-45bb-9766-cc326314d9f1,2.1140850998926908,7.61278303347884e-07,3.600982303817978e-07,10.276527331490348,0.0,10.0,5.985815975387591e-06,0.0,5.776401944199784e-06,1.1762217919587374e-05,0.0,Canada,CAN,ontario,,,Windows-10-10.0.26200-SP0,3.11.9,3.2.6,8,Intel(R) Core(TM) i7-1065G7 CPU @ 1.30GHz,0,,-75.6718,45.3316,15.595848083496094,process,50.0,0,67.3,10.498258590698242,N,1.0,0.0
2026-07-30T22:38:23,codecarbon,8f8b7fe2-f7d4-4b34-898c-cedf951316a7,5b0fa12a-3dd7-45bb-9766-cc326314d9f1,1.8061790999490768,6.463052590438107e-07,3.5783010614065494e-07,10.18999876172508,0.0,10.0,5.064004517968534e-06,0.0,4.921809166747456e-06,9.98581368471599e-06,0.0,Canada,CAN,ontario,,,Windows-10-10.0.26200-SP0,3.11.9,3.2.6,8,Intel(R) Core(TM) i7-1065G7 CPU @ 1.30GHz,0,,-75.6718,45.3316,15.595848083496094,process,0.0,0,67.4,10.505203247070312,N,1.0,0.0
2026-07-30T22:38:28,codecarbon,c52db5ed-7dc3-4ab2-bae5-281f4686a9ca,5b0fa12a-3dd7-45bb-9766-cc326314d9f1,1.0248946999199688,4.0021360402641065e-07,3.904924125938618e-07,12.152882047777886,0.0,10.0,3.4142654525719883e-06,0.0,2.7692808329852093e-06,6.183546285557197e-06,0.0,Canada,CAN,ontario,,,Windows-10-10.0.26200-SP0,3.11.9,3.2.6,8,Intel(R) Core(TM) i7-1065G7 CPU @ 1.30GHz,0,,-75.6718,45.3316,15.595848083496094,process,0.0,0,0.0,0.0,N,1.0,0.0
2026-07-30T22:38:34,codecarbon,86d0108f-5b60-453e-9b20-149ed9e28219,5b0fa12a-3dd7-45bb-9766-cc326314d9f1,0.4687362001277506,1.5836439105551728e-07,3.378539805808816e-07,9.73174118597676,0.0,10.0,1.2270236138499769e-06,0.0,1.2198036109718184e-06,2.446827224821796e-06,0.0,Canada,CAN,ontario,,,Windows-10-10.0.26200-SP0,3.11.9,3.2.6,8,Intel(R) Core(TM) i7-1065G7 CPU @ 1.30GHz,0,,-75.6718,45.3316,15.595848083496094,process,0.0,0,0.0,0.0,N,1.0,0.0
2026-07-30T22:38:41,codecarbon,5df2de4f-669a-4d1b-a3a8-612ba7d5e791,5b0fa12a-3dd7-45bb-9766-cc326314d9f1,2.199997399933636,8.194808583880127e-07,3.724917394960252e-07,10.950099745954466,0.0,10.0,6.642102074457974e-06,0.0,6.019381110996215e-06,1.2661483185454189e-05,0.0,Canada,CAN,ontario,,,Windows-10-10.0.26200-SP0,3.11.9,3.2.6,8,Intel(R) Core(TM) i7-1065G7 CPU @ 1.30GHz,0,,-75.6718,45.3316,15.595848083496094,process,50.0,0,67.45,10.516439437866213,N,1.0,0.0
2026-07-30T22:38:46,codecarbon,07b4dfd9-1481-44e4-8361-9c56585df6b0,5b0fa12a-3dd7-45bb-9766-cc326314d9f1,0.5603914000093937,1.9926368357664266e-07,3.555794817217081e-07,10.640752151569671,0.0,10.0,1.60971199964958e-06,0.0,1.4690344448253098e-06,3.0787464444748896e-06,0.0,Canada,CAN,ontario,,,Windows-10-10.0.26200-SP0,3.11.9,3.2.6,8,Intel(R) Core(TM) i7-1065G7 CPU @ 1.30GHz,0,,-75.6718,45.3316,15.595848083496094,process,0.0,0,0.0,0.0,N,1.0,0.0
2026-07-30T22:38:52,codecarbon,d454ffa1-9c80-41c2-9937-89fc84536f36,5b0fa12a-3dd7-45bb-9766-cc326314d9f1,0.8173696999438107,2.897225565328356e-07,3.544571771534378e-07,10.26860583546422,0.0,10.0,2.2890411021992177e-06,0.0,2.1873505553230646e-06,4.476391657522282e-06,0.0,Canada,CAN,ontario,,,Windows-10-10.0.26200-SP0,3.11.9,3.2.6,8,Intel(R) Core(TM) i7-1065G7 CPU @ 1.30GHz,0,,-75.6718,45.3316,15.595848083496094,process,0.0,0,0.0,0.0,N,1.0,0.0
2026-07-30T22:38:57,codecarbon,45be50de-88f6-42d6-b067-1f1eb9659eed,5b0fa12a-3dd7-45bb-9766-cc326314d9f1,1.135697299847379,3.9797280788753433e-07,3.504215497747647e-07,9.930629792768531,0.0,10.0,3.0874129409200423e-06,0.0,3.061511666358759e-06,6.1489246072788014e-06,0.0,Canada,CAN,ontario,,,Windows-10-10.0.26200-SP0,3.11.9,3.2.6,8,Intel(R) Core(TM) i7-1065G7 CPU @ 1.30GHz,0,,-75.6718,45.3316,15.595848083496094,process,100.0,0,66.6,10.390933990478516,N,1.0,0.0
2026-07-30T22:39:04,codecarbon,0022616e-cc9e-4016-a341-b6aa6ed5202c,5b0fa12a-3dd7-45bb-9766-cc326314d9f1,1.505029199877754,5.95210555028012e-07,3.954810677934741e-07,12.440150349482993,0.0,10.0,5.13054019925119e-06,0.0,4.065828888754672e-06,9.196369088005862e-06,0.0,Canada,CAN,ontario,,,Windows-10-10.0.26200-SP0,3.11.9,3.2.6,8,Intel(R) Core(TM) i7-1065G7 CPU @ 1.30GHz,0,,-75.6718,45.3316,15.595848083496094,process,0.0,0,66.7,10.39804458618164,N,1.0,0.0
2026-07-30T22:39:11,codecarbon,3a8f72d5-8c57-44f9-8b7f-730eec6e164b,5b0fa12a-3dd7-45bb-9766-cc326314d9f1,1.971554199932143,7.131678700434641e-07,3.6172876711581653e-07,10.398493978927275,0.0,10.0,5.643857418243306e-06,0.0,5.375024722242314e-06,1.101888214048562e-05,0.0,Canada,CAN,ontario,,,Windows-10-10.0.26200-SP0,3.11.9,3.2.6,8,Intel(R) Core(TM) i7-1065G7 CPU @ 1.30GHz,0,,-75.6718,45.3316,15.595848083496094,process,0.0,0,66.8,10.41120147705078,N,1.0,0.0
2026-07-30T22:39:16,codecarbon,94a39f37-8e23-4964-8eb7-dab0dd57f52e,5b0fa12a-3dd7-45bb-9766-cc326314d9f1,0.4045000998303294,1.426846634953513e-07,3.527432095942657e-07,10.612036466859916,0.0,10.0,1.1536716259723711e-06,0.0,1.0508941661100831e-06,2.204565792082455e-06,0.0,Canada,CAN,ontario,,,Windows-10-10.0.26200-SP0,3.11.9,3.2.6,8,Intel(R) Core(TM) i7-1065G7 CPU @ 1.30GHz,0,,-75.6718,45.3316,15.595848083496094,process,0.0,0,0.0,0.0,N,1.0,0.0
2026-07-30T22:39:22,codecarbon,544e1a42-247d-4f97-a6f0-6f4d5f7e10eb,5b0fa12a-3dd7-45bb-9766-cc326314d9f1,1.42248890013434,5.594074192016913e-07,3.932596023412631e-07,12.236843349765728,0.0,10.0,4.78047445579671e-06,0.0,3.862714167270396e-06,8.643188623067105e-06,0.0,Canada,CAN,ontario,,,Windows-10-10.0.26200-SP0,3.11.9,3.2.6,8,Intel(R) Core(TM) i7-1065G7 CPU @ 1.30GHz,0,,-75.6718,45.3316,15.595848083496094,process,0.0,0,66.7,10.400623321533203,N,1.0,0.0
2026-07-30T22:39:28,codecarbon,ebb4347f-0281-4ce0-95f5-f2755401042c,5b0fa12a-3dd7-45bb-9766-cc326314d9f1,1.4041019999422133,5.064646791296524e-07,3.607036234906697e-07,10.41960691863675,0.0,10.0,4.017118233125498e-06,0.0,3.808072499749768e-06,7.825190732875266e-06,0.0,Canada,CAN,ontario,,,Windows-10-10.0.26200-SP0,3.11.9,3.2.6,8,Intel(R) Core(TM) i7-1065G7 CPU @ 1.30GHz,0,,-75.6718,45.3316,15.595848083496094,process,0.0,0,66.7,10.406158447265623,N,1.0,0.0
2026-07-30T22:39:33,codecarbon,2e6cd7b7-7ec5-4a5e-ae2d-cfb588797b0d,5b0fa12a-3dd7-45bb-9766-cc326314d9f1,0.5016977000050247,1.7807498055789697e-07,3.549447816007796e-07,10.62837087999484,0.0,10.0,1.4378482309498323e-06,0.0,1.3135197223164142e-06,2.7513679532662467e-06,0.0,Canada,CAN,ontario,,,Windows-10-10.0.26200-SP0,3.11.9,3.2.6,8,Intel(R) Core(TM) i7-1065G7 CPU @ 1.30GHz,0,,-75.6718,45.3316,15.595848083496094,process,0.0,0,0.0,0.0,N,1.0,0.0
2026-07-30T22:39:39,codecarbon,643a6b5f-0214-4043-9a0d-113447af1457,5b0fa12a-3dd7-45bb-9766-cc326314d9f1,0.8852323000319302,3.35797522550538e-07,3.7933265939169393e-07,11.7170515138339,0.0,10.0,2.827470993267146e-06,0.0,2.3608072221072183e-06,5.188278215374364e-06,0.0,Canada,CAN,ontario,,,Windows-10-10.0.26200-SP0,3.11.9,3.2.6,8,Intel(R) Core(TM) i7-1065G7 CPU @ 1.30GHz,0,,-75.6718,45.3316,15.595848083496094,process,0.0,0,0.0,0.0,N,1.0,0.0
2026-07-30T22:39:46,codecarbon,b9b665e3-aac7-4580-b20b-f4fe879ad4e0,5b0fa12a-3dd7-45bb-9766-cc326314d9f1,1.6988939000293612,6.176532972734612e-07,3.635620195368213e-07,10.51847878666618,0.0,10.0,4.916238812391685e-06,0.0,4.6268844440217234e-06,9.543123256413409e-06,0.0,Canada,CAN,ontario,,,Windows-10-10.0.26200-SP0,3.11.9,3.2.6,8,Intel(R) Core(TM) i7-1065G7 CPU @ 1.30GHz,0,,-75.6718,45.3316,15.595848083496094,process,0.0,0,67.0,10.44805145263672,N,1.0,0.0
2026-07-30T22:39:52,codecarbon,9181d891-605c-471e-89e9-c0737064d1b7,5b0fa12a-3dd7-45bb-9766-cc326314d9f1,1.4223059001378715,5.073118722872348e-07,3.56682674407846e-07,10.20900322401477,0.0,10.0,3.984141777032887e-06,0.0,3.854138611091508e-06,7.838280388124396e-06,0.0,Canada,CAN,ontario,,,Windows-10-10.0.26200-SP0,3.11.9,3.2.6,8,Intel(R) Core(TM) i7-1065G7 CPU @ 1.30GHz,0,,-75.6718,45.3316,15.595848083496094,process,0.0,0,67.0,10.44415283203125,N,1.0,0.0
2026-07-30T22:39:58,codecarbon,d2cda4aa-8eed-4a7e-bf8e-cb70f75e8897,5b0fa12a-3dd7-45bb-9766-cc326314d9f1,1.2434533999767154,4.85783968715911e-07,3.906732401270588e-07,12.155612154338158,0.0,10.0,4.14615437315939e-06,0.0,3.3595066666344387e-06,7.505661039793829e-06,0.0,Canada,CAN,ontario,,,Windows-10-10.0.26200-SP0,3.11.9,3.2.6,8,Intel(R) Core(TM) i7-1065G7 CPU @ 1.30GHz,0,,-75.6718,45.3316,15.595848083496094,process,0.0,0,67.0,10.44709014892578,N,1.0,0.0
2026-07-30T22:40:03,codecarbon,584e7ba1-3f26-4158-90c7-305176a2170f,5b0fa12a-3dd7-45bb-9766-cc326314d9f1,0.5106223998591304,1.7944692026659616e-07,3.514278267387049e-07,10.391528189067303,0.0,10.0,1.4326430435176329e-06,0.0,1.3399222218948934e-06,2.7725652654125263e-06,0.0,Canada,CAN,ontario,,,Windows-10-10.0.26200-SP0,3.11.9,3.2.6,8,Intel(R) Core(TM) i7-1065G7 CPU @ 1.30GHz,0,,-75.6718,45.3316,15.595848083496094,process,0.0,0,0.0,0.0,N,1.0,0.0
2026-07-30T22:40:11,codecarbon,18038e97-9754-4112-965e-7d986b931e7e,5b0fa12a-3dd7-45bb-9766-cc326314d9f1,3.5061888999771327,1.266683623655992e-06,3.612707871114e-07,10.241832877604471,0.0,10.0,9.92685896298948e-06,0.0,9.644181944248783e-06,1.9571040907238262e-05,0.0,Canada,CAN,ontario,,,Windows-10-10.0.26200-SP0,3.11.9,3.2.6,8,Intel(R) Core(TM) i7-1065G7 CPU @ 1.30GHz,0,,-75.6718,45.3316,15.595848083496094,process,13.833333333333334,0,67.13333333333333,10.470071156819662,N,1.0,0.0
2026-07-30T22:40:17,codecarbon,689eb8b7-447b-4cfd-a1f2-2de181826bc4,5b0fa12a-3dd7-45bb-9766-cc326314d9f1,0.4754382001701742,1.810014215213336e-07,3.807044142783384e-07,11.981969038654745,0.0,10.0,1.5455385430974105e-06,0.0,1.251044722610257e-06,2.7965832657076674e-06,0.0,Canada,CAN,ontario,,,Windows-10-10.0.26200-SP0,3.11.9,3.2.6,8,Intel(R) Core(TM) i7-1065G7 CPU @ 1.30GHz,0,,-75.6718,45.3316,15.595848083496094,process,0.0,0,0.0,0.0,N,1.0,0.0
2026-07-30T22:40:23,codecarbon,c4698cb2-9690-42b1-94ee-445eb7fae520,5b0fa12a-3dd7-45bb-9766-cc326314d9f1,1.8186043000314385,6.437075683152642e-07,3.539569153686354e-07,9.975213779324564,0.0,10.0,4.990943599047044e-06,0.0,4.954734166514956e-06,9.945677765562e-06,0.0,Canada,CAN,ontario,,,Windows-10-10.0.26200-SP0,3.11.9,3.2.6,8,Intel(R) Core(TM) i7-1065G7 CPU @ 1.30GHz,0,,-75.6718,45.3316,15.595848083496094,process,40.6,0,67.0,10.450660705566406,N,1.0,0.0
2026-07-30T22:40:28,codecarbon,4c517a0d-f0f6-4b1d-95c6-05c3a0dcb217,5b0fa12a-3dd7-45bb-9766-cc326314d9f1,0.4184099999256432,1.484938038032864e-07,3.5490022664294735e-07,10.686449946823576,0.0,10.0,1.20429641549528e-06,0.0,1.0900241665593866e-06,2.2943205820546668e-06,0.0,Canada,CAN,ontario,,,Windows-10-10.0.26200-SP0,3.11.9,3.2.6,8,Intel(R) Core(TM) i7-1065G7 CPU @ 1.30GHz,0,,-75.6718,45.3316,15.595848083496094,process,0.0,0,0.0,0.0,N,1.0,0.0
2026-07-30T22:40:35,codecarbon,55237b88-6c81-4024-b655-5ec0f347a685,5b0fa12a-3dd7-45bb-9766-cc326314d9f1,2.1223599000368267,8.146103038398825e-07,3.838228868844288e-07,11.628781570589991,0.0,10.0,6.792055400498361e-06,0.0,5.794174722137137e-06,1.2586230122635495e-05,0.0,Canada,CAN,ontario,,,Windows-10-10.0.26200-SP0,3.11.9,3.2.6,8,Intel(R) Core(TM) i7-1065G7 CPU @ 1.30GHz,0,,-75.6718,45.3316,15.595848083496094,process,0.0,0,67.1,10.460296630859377,N,1.0,0.0
2026-07-30T22:40:40,codecarbon,1b26cdc6-3f06-4d82-931b-d7bd28372b80,5b0fa12a-3dd7-45bb-9766-cc326314d9f1,0.3828785000368953,1.3272601981570618e-07,3.466531022319517e-07,10.138073370041202,0.0,10.0,1.0473102898149646e-06,0.0,1.0033883335482744e-06,2.050698623363239e-06,0.0,Canada,CAN,ontario,,,Windows-10-10.0.26200-SP0,3.11.9,3.2.6,8,Intel(R) Core(TM) i7-1065G7 CPU @ 1.30GHz,0,,-75.6718,45.3316,15.595848083496094,process,0.0,0,0.0,0.0,N,1.0,0.0
2026-07-30T22:40:46,codecarbon,c233c9b0-42fe-48a9-9b13-202ad3b2f345,5b0fa12a-3dd7-45bb-9766-cc326314d9f1,0.5090524000115693,1.7403221311607338e-07,3.4187485043213254e-07,9.880957566213793,0.0,10.0,1.3565574878483462e-06,0.0,1.332347222422767e-06,2.6889047102711134e-06,0.0,Canada,CAN,ontario,,,Windows-10-10.0.26200-SP0,3.11.9,3.2.6,8,Intel(R) Core(TM) i7-1065G7 CPU @ 1.30GHz,0,,-75.6718,45.3316,15.595848083496094,process,0.0,0,0.0,0.0,N,1.0,0.0
2026-07-30T22:40:51,codecarbon,713aab9b-1a40-4a4c-9a02-187323fbd0ae,5b0fa12a-3dd7-45bb-9766-cc326314d9f1,0.4031420999672264,1.3612032672476826e-07,3.376485034329935e-07,9.798910823188498,0.0,10.0,1.059684974534981e-06,0.0,1.043457777834394e-06,2.103142752369376e-06,0.0,Canada,CAN,ontario,,,Windows-10-10.0.26200-SP0,3.11.9,3.2.6,8,Intel(R) Core(TM) i7-1065G7 CPU @ 1.30GHz,0,,-75.6718,45.3316,15.595848083496094,process,0.0,0,0.0,0.0,N,1.0,0.0
2026-07-30T22:40:56,codecarbon,d6d76d79-d04e-4cd2-a216-d5795c26cf34,5b0fa12a-3dd7-45bb-9766-cc326314d9f1,0.8520426000468433,3.361051617161584e-07,3.944699029105824e-07,12.41063903559821,0.0,10.0,2.890565040479897e-06,0.0,2.302466389179851e-06,5.1930314296597485e-06,0.0,Canada,CAN,ontario,,,Windows-10-10.0.26200-SP0,3.11.9,3.2.6,8,Intel(R) Core(TM) i7-1065G7 CPU @ 1.30GHz,0,,-75.6718,45.3316,15.595848083496094,process,0.0,0,0.0,0.0,N,1.0,0.0
2026-07-30T22:41:01,codecarbon,21d6fcf2-1642-4e88-9e84-febca3fb9f20,5b0fa12a-3dd7-45bb-9766-cc326314d9f1,0.5058729001320899,1.79736359594307e-07,3.552994428983556e-07,10.406392636281073,0.0,10.0,1.4318808917219792e-06,0.0,1.3451563892886044e-06,2.7770372810105835e-06,0.0,Canada,CAN,ontario,,,Windows-10-10.0.26200-SP0,3.11.9,3.2.6,8,Intel(R) Core(TM) i7-1065G7 CPU @ 1.30GHz,0,,-75.6718,45.3316,15.595848083496094,process,0.0,0,0.0,0.0,N,1.0,0.0
2026-07-30T22:41:08,codecarbon,65bb5b4b-27d9-484c-9da8-89e3f16dfd5d,5b0fa12a-3dd7-45bb-9766-cc326314d9f1,1.8350638998672368,6.351610485574674e-07,3.461247581642363e-07,9.530910678013337,0.0,10.0,4.812398779998797e-06,0.0,5.001229999793901e-06,9.813628779792696e-06,0.0,Canada,CAN,ontario,,,Windows-10-10.0.26200-SP0,3.11.9,3.2.6,8,Intel(R) Core(TM) i7-1065G7 CPU @ 1.30GHz,0,,-75.6718,45.3316,15.595848083496094,process,0.0,0,67.0,10.44692611694336,N,1.0,0.0
2026-07-30T22:41:13,codecarbon,f1de06c2-7c0b-4e45-9e93-dd46214cedfb,5b0fa12a-3dd7-45bb-9766-cc326314d9f1,0.3920950999017805,1.5108196552899564e-07,3.853196981213015e-07,12.569089849479502,0.0,10.0,1.3214306614250165e-06,0.0,1.0128786108301331e-06,2.3343092722551496e-06,0.0,Canada,CAN,ontario,,,Windows-10-10.0.26200-SP0,3.11.9,3.2.6,8,Intel(R) Core(TM) i7-1065G7 CPU @ 1.30GHz,0,,-75.6718,45.3316,15.595848083496094,process,0.0,0,0.0,0.0,N,1.0,0.0
2026-07-30T22:41:19,codecarbon,c333f065-5c4a-4450-ab52-753ec2b9b591,5b0fa12a-3dd7-45bb-9766-cc326314d9f1,1.5096784001216292,5.438772981093382e-07,3.602603694041857e-07,10.366030652641223,0.0,10.0,4.300247035375336e-06,0.0,4.102991666877643e-06,8.403238702252979e-06,0.0,Canada,CAN,ontario,,,Windows-10-10.0.26200-SP0,3.11.9,3.2.6,8,Intel(R) Core(TM) i7-1065G7 CPU @ 1.30GHz,0,,-75.6718,45.3316,15.595848083496094,process,0.0,0,67.0,10.445606231689451,N,1.0,0.0
2026-07-30T22:41:25,codecarbon,47497b81-7473-47fe-b8ed-da266083a9a7,5b0fa12a-3dd7-45bb-9766-cc326314d9f1,0.6651238000486046,2.417545031018028e-07,3.634729400513654e-07,10.982938593012095,0.0,10.0,1.9808565678253265e-06,0.0,1.754399167192686e-06,3.7352557350180127e-06,0.0,Canada,CAN,ontario,,,Windows-10-10.0.26200-SP0,3.11.9,3.2.6,8,Intel(R) Core(TM) i7-1065G7 CPU @ 1.30GHz,0,,-75.6718,45.3316,15.595848083496094,process,0.0,0,0.0,0.0,N,1.0,0.0
2026-07-30T22:41:32,codecarbon,1f1d0815-dda7-45a4-89e1-58c23b260231,5b0fa12a-3dd7-45bb-9766-cc326314d9f1,2.2143470000009984,8.952707195496172e-07,4.043046187201977e-07,12.720226680445494,0.0,10.0,7.766638978965307e-06,0.0,6.065844166894547e-06,1.3832483145859851e-05,0.0,Canada,CAN,ontario,,,Windows-10-10.0.26200-SP0,3.11.9,3.2.6,8,Intel(R) Core(TM) i7-1065G7 CPU @ 1.30GHz,0,,-75.6718,45.3316,15.595848083496094,process,0.0,0,67.0,10.451171875,N,1.0,0.0
2026-07-30T22:41:37,codecarbon,daed831a-ab94-4102-97e8-0bc0c65e1e7b,5b0fa12a-3dd7-45bb-9766-cc326314d9f1,0.8528183999005705,3.075415063802174e-07,3.606178131429545e-07,10.642591865003686,0.0,10.0,2.4724198344949764e-06,0.0,2.279285555576078e-06,4.751705390071054e-06,0.0,Canada,CAN,ontario,,,Windows-10-10.0.26200-SP0,3.11.9,3.2.6,8,Intel(R) Core(TM) i7-1065G7 CPU @ 1.30GHz,0,,-75.6718,45.3316,15.595848083496094,process,0.0,0,0.0,0.0,N,1.0,0.0
2026-07-30T22:41:43,codecarbon,de27a6d2-23d5-476c-b187-04e9b02a6003,5b0fa12a-3dd7-45bb-9766-cc326314d9f1,0.6408629000652581,2.2565319054503499e-07,3.521083690787172e-07,10.219545138819369,0.0,10.0,1.7809927774086622e-06,0.0,1.7054877774272528e-06,3.4864805548359148e-06,0.0,Canada,CAN,ontario,,,Windows-10-10.0.26200-SP0,3.11.9,3.2.6,8,Intel(R) Core(TM) i7-1065G7 CPU @ 1.30GHz,0,,-75.6718,45.3316,15.595848083496094,process,0.0,0,0.0,0.0,N,1.0,0.0
2026-07-30T22:41:48,codecarbon,1d4fd93d-a091-4296-a579-f307e330ee3f,5b0fa12a-3dd7-45bb-9766-cc326314d9f1,0.3416220999788493,1.1879642529431569e-07,3.477422136965691e-07,10.296516943666452,0.0,10.0,9.470167116603818e-07,0.0,8.884611106218977e-07,1.8354778222822795e-06,0.0,Canada,CAN,ontario,,,Windows-10-10.0.26200-SP0,3.11.9,3.2.6,8,Intel(R) Core(TM) i7-1065G7 CPU @ 1.30GHz,0,,-75.6718,45.3316,15.595848083496094,process,0.0,0,0.0,0.0,N,1.0,0.0
2026-07-30T22:41:53,codecarbon,bd6bf7cb-c0b6-48c9-905e-1320abfc1d75,5b0fa12a-3dd7-45bb-9766-cc326314d9f1,0.5978393999394029,2.0920861764026028e-07,3.4994116758023257e-07,10.236408934589209,0.0,10.0,1.656936235867358e-06,0.0,1.575465555328669e-06,3.232401791196027e-06,0.0,Canada,CAN,ontario,,,Windows-10-10.0.26200-SP0,3.11.9,3.2.6,8,Intel(R) Core(TM) i7-1065G7 CPU @ 1.30GHz,0,,-75.6718,45.3316,15.595848083496094,process,0.0,0,0.0,0.0,N,1.0,0.0
2026-07-30T22:41:59,codecarbon,1d6ed1c2-c716-4812-a427-8a65cd177ee4,5b0fa12a-3dd7-45bb-9766-cc326314d9f1,0.6274760998785496,2.190536777322636e-07,3.491028228400449e-07,10.163984902386735,0.0,10.0,1.727252912746254e-06,0.0,1.6572611108939685e-06,3.3845140236402223e-06,0.0,Canada,CAN,ontario,,,Windows-10-10.0.26200-SP0,3.11.9,3.2.6,8,Intel(R) Core(TM) i7-1065G7 CPU @ 1.30GHz,0,,-75.6718,45.3316,15.595848083496094,process,0.0,0,0.0,0.0,N,1.0,0.0
2026-07-30T22:42:04,codecarbon,94f2a9aa-afd5-4ee1-adbd-9b01d1d8a2d8,5b0fa12a-3dd7-45bb-9766-cc326314d9f1,0.4590294999070465,1.804196704030068e-07,3.930459163072128e-07,12.8822121645462,0.0,10.0,1.5914956867195186e-06,0.0,1.1960991664737877e-06,2.7875948531933065e-06,0.0,Canada,CAN,ontario,,,Windows-10-10.0.26200-SP0,3.11.9,3.2.6,8,Intel(R) Core(TM) i7-1065G7 CPU @ 1.30GHz,0,,-75.6718,45.3316,15.595848083496094,process,0.0,0,0.0,0.0,N,1.0,0.0
2026-07-30T22:42:10,codecarbon,46b0ac9a-9001-45b2-95c2-08d3dfcff668,5b0fa12a-3dd7-45bb-9766-cc326314d9f1,1.2931268999818712,4.469986616172288e-07,3.456726958688241e-07,9.62329951089609,0.0,10.0,3.414381417014712e-06,0.0,3.49202277785581e-06,6.906404194870522e-06,0.0,Canada,CAN,ontario,,,Windows-10-10.0.26200-SP0,3.11.9,3.2.6,8,Intel(R) Core(TM) i7-1065G7 CPU @ 1.30GHz,0,,-75.6718,45.3316,15.595848083496094,process,100.0,0,66.6,10.382373809814451,N,1.0,0.0
2026-07-30T22:42:15,codecarbon,0bfd1666-11e4-4ee7-91b4-354b2948afb2,5b0fa12a-3dd7-45bb-9766-cc326314d9f1,0.4324272000230849,1.5095227259965718e-07,3.490813542524583e-07,10.31236656786901,0.0,10.0,1.2013543255140057e-06,0.0,1.1309511112307924e-06,2.332305436744798e-06,0.0,Canada,CAN,ontario,,,Windows-10-10.0.26200-SP0,3.11.9,3.2.6,8,Intel(R) Core(TM) i7-1065G7 CPU @ 1.30GHz,0,,-75.6718,45.3316,15.595848083496094,process,0.0,0,0.0,0.0,N,1.0,0.0
2026-07-30T22:42:21,codecarbon,464b712d-7010-4162-86ed-6a32dfc7b060,5b0fa12a-3dd7-45bb-9766-cc326314d9f1,1.571660100016743,6.310302496230735e-07,4.0150554793390194e-07,12.682540206574975,0.0,10.0,5.478908451886764e-06,0.0,4.270896944217384e-06,9.749805396104148e-06,0.0,Canada,CAN,ontario,,,Windows-10-10.0.26200-SP0,3.11.9,3.2.6,8,Intel(R) Core(TM) i7-1065G7 CPU @ 1.30GHz,0,,-75.6718,45.3316,15.595848083496094,process,0.0,0,66.7,10.408931732177734,N,1.0,0.0
2026-07-30T22:42:27,codecarbon,4bdc6c93-0961-48c4-909f-64addee59755,5b0fa12a-3dd7-45bb-9766-cc326314d9f1,0.6441319000441581,2.2396664083251965e-07,3.477030726426773e-07,10.05048705448005,0.0,10.0,1.755490935515166e-06,0.0,1.7049313891523827e-06,3.4604223246675484e-06,0.0,Canada,CAN,ontario,,,Windows-10-10.0.26200-SP0,3.11.9,3.2.6,8,Intel(R) Core(TM) i7-1065G7 CPU @ 1.30GHz,0,,-75.6718,45.3316,15.595848083496094,process,0.0,0,0.0,0.0,N,1.0,0.0
2026-07-30T22:42:34,codecarbon,6bb5a34a-9d17-4e73-a2b7-8c039b381ddc,5b0fa12a-3dd7-45bb-9766-cc326314d9f1,2.8230043000075966,9.59566469125546e-07,3.39909673224006e-07,9.074971566671966,0.0,10.0,7.074624236359389e-06,0.0,7.751267777833467e-06,1.4825892014192857e-05,0.0,Canada,CAN,ontario,,,Windows-10-10.0.26200-SP0,3.11.9,3.2.6,8,Intel(R) Core(TM) i7-1065G7 CPU @ 1.30GHz,0,,-75.6718,45.3316,15.595848083496094,process,0.0,0,68.05000000000001,10.614862442016602,N,1.0,0.0
2026-07-30T22:42:40,codecarbon,99f21a32-5a3a-4294-95ef-e742afbedfcf,5b0fa12a-3dd7-45bb-9766-cc326314d9f1,0.903432099847123,3.568792817973127e-07,3.950261252148369e-07,12.53793266347996,0.0,10.0,3.091587415305281e-06,0.0,2.42241694423784e-06,5.514004359543121e-06,0.0,Canada,CAN,ontario,,,Windows-10-10.0.26200-SP0,3.11.9,3.2.6,8,Intel(R) Core(TM) i7-1065G7 CPU @ 1.30GHz,0,,-75.6718,45.3316,15.595848083496094,process,0.0,0,0.0,0.0,N,1.0,0.0
2026-07-30T22:42:46,codecarbon,8adcc7a6-1eeb-4a93-afe4-f022b07faa19,5b0fa12a-3dd7-45bb-9766-cc326314d9f1,0.9718543000053614,3.505976299715079e-07,3.607512257439965e-07,10.550718664674667,0.0,10.0,2.805273142784017e-06,0.0,2.6116758332743e-06,5.416948976058317e-06,0.0,Canada,CAN,ontario,,,Windows-10-10.0.26200-SP0,3.11.9,3.2.6,8,Intel(R) Core(TM) i7-1065G7 CPU @ 1.30GHz,0,,-75.6718,45.3316,15.595848083496094,process,0.0,0,0.0,0.0,N,1.0,0.0
2026-07-30T22:42:51,codecarbon,720cc1c6-2cd7-4416-8072-0af08cdbb85b,5b0fa12a-3dd7-45bb-9766-cc326314d9f1,0.7311476001050323,2.3967523352916245e-07,3.27806907243807e-07,8.843474766752475,0.0,10.0,1.7589216856256389e-06,0.0,1.9442080558898548e-06,3.7031297415154936e-06,0.0,Canada,CAN,ontario,,,Windows-10-10.0.26200-SP0,3.11.9,3.2.6,8,Intel(R) Core(TM) i7-1065G7 CPU @ 1.30GHz,0,,-75.6718,45.3316,15.595848083496094,process,0.0,0,0.0,0.0,N,1.0,0.0
2026-07-30T22:42:57,codecarbon,168dee69-63e8-4699-b851-69cc4377f8c9,5b0fa12a-3dd7-45bb-9766-cc326314d9f1,0.7030849999282509,2.424881850726016e-07,3.448917059777228e-07,9.892540571736852,0.0,10.0,1.8864893505357985e-06,0.0,1.8601022220941047e-06,3.746591572629904e-06,0.0,Canada,CAN,ontario,,,Windows-10-10.0.26200-SP0,3.11.9,3.2.6,8,Intel(R) Core(TM) i7-1065G7 CPU @ 1.30GHz,0,,-75.6718,45.3316,15.595848083496094,process,0.0,0,0.0,0.0,N,1.0,0.0
2026-07-30T22:43:02,codecarbon,e83f898f-4c79-4686-8bcd-241e22e52543,5b0fa12a-3dd7-45bb-9766-cc326314d9f1,0.6431407001800835,2.374669546305721e-07,3.692301771044498e-07,11.265308001242822,0.0,10.0,1.9663779743744244e-06,0.0,1.702632500220918e-06,3.669010474595343e-06,0.0,Canada,CAN,ontario,,,Windows-10-10.0.26200-SP0,3.11.9,3.2.6,8,Intel(R) Core(TM) i7-1065G7 CPU @ 1.30GHz,0,,-75.6718,45.3316,15.595848083496094,process,0.0,0,0.0,0.0,N,1.0,0.0
2026-07-30T22:43:07,codecarbon,c05440ee-9f47-447e-abad-9848c56c25b5,5b0fa12a-3dd7-45bb-9766-cc326314d9f1,0.3841828999575227,1.3442239570146098e-07,3.498916680474936e-07,10.343948537965185,0.0,10.0,1.071383951738052e-06,0.0,1.0055247222125115e-06,2.076908673950564e-06,0.0,Canada,CAN,ontario,,,Windows-10-10.0.26200-SP0,3.11.9,3.2.6,8,Intel(R) Core(TM) i7-1065G7 CPU @ 1.30GHz,0,,-75.6718,45.3316,15.595848083496094,process,0.0,0,0.0,0.0,N,1.0,0.0
2026-07-30T22:43:13,codecarbon,bbae5688-650a-443d-b95f-fe516edeba83,5b0fa12a-3dd7-45bb-9766-cc326314d9f1,0.7290012000594288,2.533867064199084e-07,3.475806437619747e-07,9.956847019872871,0.0,10.0,1.975173762479125e-06,0.0,1.9398066667943364e-06,3.914980429273461e-06,0.0,Canada,CAN,ontario,,,Windows-10-10.0.26200-SP0,3.11.9,3.2.6,8,Intel(R) Core(TM) i7-1065G7 CPU @ 1.30GHz,0,,-75.6718,45.3316,15.595848083496094,process,0.0,0,0.0,0.0,N,1.0,0.0
2026-07-30T22:43:18,codecarbon,490c0465-969c-4e27-8581-94aa31968b2a,5b0fa12a-3dd7-45bb-9766-cc326314d9f1,0.3877013002056628,1.4487412254958618e-07,3.7367458523542534e-07,11.7640821977939,0.0,10.0,1.2294534473689206e-06,0.0,1.0089408334655066e-06,2.2383942808344274e-06,0.0,Canada,CAN,ontario,,,Windows-10-10.0.26200-SP0,3.11.9,3.2.6,8,Intel(R) Core(TM) i7-1065G7 CPU @ 1.30GHz,0,,-75.6718,45.3316,15.595848083496094,process,0.0,0,0.0,0.0,N,1.0,0.0
2026-07-30T22:43:24,codecarbon,d5ba853a-f2ec-4ffe-b7d0-25806c803a94,5b0fa12a-3dd7-45bb-9766-cc326314d9f1,0.9991043000482024,3.509804739569439e-07,3.512951289870443e-07,10.017871989549048,0.0,10.0,2.7363349842660342e-06,0.0,2.6865291667895187e-06,5.422864151055553e-06,0.0,Canada,CAN,ontario,,,Windows-10-10.0.26200-SP0,3.11.9,3.2.6,8,Intel(R) Core(TM) i7-1065G7 CPU @ 1.30GHz,0,,-75.6718,45.3316,15.595848083496094,process,0.0,0,0.0,0.0,N,1.0,0.0
2026-07-30T22:43:30,codecarbon,2e0d4a3f-7053-4f4a-a8bd-1dd4c049886c,5b0fa12a-3dd7-45bb-9766-cc326314d9f1,1.4140043000224978,5.013042153845917e-07,3.54528069947606e-07,10.06677426915972,0.0,10.0,3.908585339332031e-06,0.0,3.836873055358107e-06,7.745458394690137e-06,0.0,Canada,CAN,ontario,,,Windows-10-10.0.26200-SP0,3.11.9,3.2.6,8,Intel(R) Core(TM) i7-1065G7 CPU @ 1.30GHz,0,,-75.6718,45.3316,15.595848083496094,process,0.0,0,67.7,10.559776306152344,N,1.0,0.0
2026-07-30T22:43:36,codecarbon,d3642087-8933-4064-88c9-ef10a5f82ce1,5b0fa12a-3dd7-45bb-9766-cc326314d9f1,1.2250318001024425,4.303555134599179e-07,3.5130150370294854e-07,9.970052958361102,0.0,10.0,3.3442692655393246e-06,0.0,3.3049880559297484e-06,6.649257321469073e-06,0.0,Canada,CAN,ontario,,,Windows-10-10.0.26200-SP0,3.11.9,3.2.6,8,Intel(R) Core(TM) i7-1065G7 CPU @ 1.30GHz,0,,-75.6718,45.3316,15.595848083496094,process,0.0,0,67.9,10.585052490234377,N,1.0,0.0
2026-07-30T22:43:42,codecarbon,08d10957-cd88-44a8-8f5e-5e7e10671e81,5b0fa12a-3dd7-45bb-9766-cc326314d9f1,0.8703359998762608,3.496317342104957e-07,4.017204094283177e-07,12.786196393437566,0.0,10.0,3.051990848154732e-06,0.0,2.3500344444376725e-06,5.402025292592405e-06,0.0,Canada,CAN,ontario,,,Windows-10-10.0.26200-SP0,3.11.9,3.2.6,8,Intel(R) Core(TM) i7-1065G7 CPU @ 1.30GHz,0,,-75.6718,45.3316,15.595848083496094,process,0.0,0,0.0,0.0,N,1.0,0.0
2026-07-30T22:43:47,codecarbon,c5d30590-e2fd-46e9-8ac0-1cf137136047,5b0fa12a-3dd7-45bb-9766-cc326314d9f1,0.9430226997938008,3.321389153384437e-07,3.522067023530489e-07,10.106123184096331,0.0,10.0,2.602235484099996e-06,0.0,2.5295150000602006e-06,5.131750484160196e-06,0.0,Canada,CAN,ontario,,,Windows-10-10.0.26200-SP0,3.11.9,3.2.6,8,Intel(R) Core(TM) i7-1065G7 CPU @ 1.30GHz,0,,-75.6718,45.3316,15.595848083496094,process,0.0,0,0.0,0.0,N,1.0,0.0
2026-07-30T22:43:53,codecarbon,038fd6f9-533c-43c3-aa75-7549d84502d9,5b0fa12a-3dd7-45bb-9766-cc326314d9f1,1.301972700050101,4.673015642853887e-07,3.589180973359938e-07,10.360070067596489,0.0,10.0,3.697925136697601e-06,0.0,3.522171389259812e-06,7.220096525957412e-06,0.0,Canada,CAN,ontario,,,Windows-10-10.0.26200-SP0,3.11.9,3.2.6,8,Intel(R) Core(TM) i7-1065G7 CPU @ 1.30GHz,0,,-75.6718,45.3316,15.595848083496094,process,0.0,0,67.5,10.532093048095703,N,1.0,0.0
2026-07-30T22:44:00,codecarbon,84810819-dbca-462d-b44e-73e8bbfcd2df,5b0fa12a-3dd7-45bb-9766-cc326314d9f1,1.309521900024265,5.010661322899851e-07,3.826328771444758e-07,11.725396808723875,0.0,10.0,4.205637642537488e-06,0.0,3.536142221936542e-06,7.74177986447403e-06,0.0,Canada,CAN,ontario,,,Windows-10-10.0.26200-SP0,3.11.9,3.2.6,8,Intel(R) Core(TM) i7-1065G7 CPU @ 1.30GHz,0,,-75.6718,45.3316,15.595848083496094,process,0.0,0,67.7,10.55313491821289,N,1.0,0.0
2026-07-30T22:44:06,codecarbon,7e76e1f9-5c5a-4486-a3fc-4d1ed34d4a7e,5b0fa12a-3dd7-45bb-9766-cc326314d9f1,1.372052899794653,4.899660426738346e-07,3.571043381397065e-07,10.254018949540654,0.0,10.0,3.8580330434180055e-06,0.0,3.712243610708457e-06,7.5702766541264624e-06,0.0,Canada,CAN,ontario,,,Windows-10-10.0.26200-SP0,3.11.9,3.2.6,8,Intel(R) Core(TM) i7-1065G7 CPU @ 1.30GHz,0,,-75.6718,45.3316,15.595848083496094,process,0.0,0,67.6,10.54108428955078,N,1.0,0.0
2026-07-30T22:44:12,codecarbon,99f23b4c-8ef8-4fe8-ad93-e4a611bd1d43,5b0fa12a-3dd7-45bb-9766-cc326314d9f1,1.4730392000637949,5.299600910042325e-07,3.59773243632132e-07,10.369740142135484,0.0,10.0,4.192805961269591e-06,0.0,3.995403333101422e-06,8.188209294371012e-06,0.0,Canada,CAN,ontario,,,Windows-10-10.0.26200-SP0,3.11.9,3.2.6,8,Intel(R) Core(TM) i7-1065G7 CPU @ 1.30GHz,0,,-75.6718,45.3316,15.595848083496094,process,0.0,0,67.5,10.529190063476562,N,1.0,0.0
2026-07-30T22:44:18,codecarbon,11facde0-2101-43d1-b69b-cb1025cfda9c,5b0fa12a-3dd7-45bb-9766-cc326314d9f1,1.1313308000098914,4.144412075668074e-07,3.663307032418669e-07,10.821347206928046,0.0,10.0,3.356886509489782e-06,0.0,3.046484999746705e-06,6.403371509236487e-06,0.0,Canada,CAN,ontario,,,Windows-10-10.0.26200-SP0,3.11.9,3.2.6,8,Intel(R) Core(TM) i7-1065G7 CPU @ 1.30GHz,0,,-75.6718,45.3316,15.595848083496094,process,0.0,0,67.7,10.55398178100586,N,1.0,0.0
2026-07-30T22:44:24,codecarbon,d70cff1e-cc07-4f56-9080-c44966abbd03,5b0fa12a-3dd7-45bb-9766-cc326314d9f1,1.3263626999687403,4.691017542362585e-07,3.536753214240073e-07,10.052588075567488,0.0,10.0,3.6565205676796506e-06,0.0,3.591390000009495e-06,7.2479105676891456e-06,0.0,Canada,CAN,ontario,,,Windows-10-10.0.26200-SP0,3.11.9,3.2.6,8,Intel(R) Core(TM) i7-1065G7 CPU @ 1.30GHz,0,,-75.6718,45.3316,15.595848083496094,process,0.0,0,68.0,10.603775024414062,N,1.0,0.0
2026-07-30T22:44:31,codecarbon,a2f62d4d-7480-4d44-9ccd-37ee10e464e3,5b0fa12a-3dd7-45bb-9766-cc326314d9f1,2.154834499815479,7.826940768474035e-07,3.632270027765133e-07,10.440107989860982,0.0,10.0,6.200602567120382e-06,0.0,5.892502222236039e-06,1.209310478935642e-05,0.0,Canada,CAN,ontario,,,Windows-10-10.0.26200-SP0,3.11.9,3.2.6,8,Intel(R) Core(TM) i7-1065G7 CPU @ 1.30GHz,0,,-75.6718,45.3316,15.595848083496094,process,19.6,0,67.95,10.601884841918944,N,1.0,0.0
2026-07-30T22:44:39,codecarbon,966d31d7-44c2-4ccc-bfde-e4e5e4a025d9,5b0fa12a-3dd7-45bb-9766-cc326314d9f1,3.169686400098726,1.2304691454078776e-06,3.881990172180921e-07,11.761240184665075,0.0,10.0,1.030040300440355e-05,0.0,8.711101944532451e-06,1.9011504948936e-05,0.0,Canada,CAN,ontario,,,Windows-10-10.0.26200-SP0,3.11.9,3.2.6,8,Intel(R) Core(TM) i7-1065G7 CPU @ 1.30GHz,0,,-75.6718,45.3316,15.595848083496094,process,13.466666666666669,0,68.03333333333333,10.611042022705078,N,1.0,0.0
2026-07-30T22:44:46,codecarbon,b5897d86-ea5c-4a5d-b769-cad14ea653aa,5b0fa12a-3dd7-45bb-9766-cc326314d9f1,1.910721899941564,6.698845432905199e-07,3.505923825497616e-07,9.77624392092278,0.0,10.0,5.141105626186502e-06,0.0,5.209022499750265e-06,1.0350128125936768e-05,0.0,Canada,CAN,ontario,,,Windows-10-10.0.26200-SP0,3.11.9,3.2.6,8,Intel(R) Core(TM) i7-1065G7 CPU @ 1.30GHz,0,,-75.6718,45.3316,15.595848083496094,process,0.0,0,68.0,10.60531234741211,N,1.0,0.0
2026-07-30T22:44:51,codecarbon,8a41ed11-8ba5-4e6b-a90e-8d2d8d04ede1,5b0fa12a-3dd7-45bb-9766-cc326314d9f1,0.826153100002557,2.9177134108316817e-07,3.531686089203867e-07,10.32010712523786,0.0,10.0,2.3134638610428985e-06,0.0,2.1945827776410928e-06,4.508046638683992e-06,0.0,Canada,CAN,ontario,,,Windows-10-10.0.26200-SP0,3.11.9,3.2.6,8,Intel(R) Core(TM) i7-1065G7 CPU @ 1.30GHz,0,,-75.6718,45.3316,15.595848083496094,process,0.0,0,0.0,0.0,N,1.0,0.0
2026-07-30T22:44:57,codecarbon,479b135c-bd18-40cb-98cf-612c545ad5df,5b0fa12a-3dd7-45bb-9766-cc326314d9f1,0.5900871998164803,2.305984174457452e-07,3.907870184566999e-07,12.49988326718474,0.0,10.0,2.0013754070616893e-06,0.0,1.5615119443585477e-06,3.5628873514202365e-06,0.0,Canada,CAN,ontario,,,Windows-10-10.0.26200-SP0,3.11.9,3.2.6,8,Intel(R) Core(TM) i7-1065G7 CPU @ 1.30GHz,0,,-75.6718,45.3316,15.595848083496094,process,0.0,0,0.0,0.0,N,1.0,0.0
2026-07-30T22:45:03,codecarbon,810f05a2-24dd-4264-ac31-39610f8017e1,5b0fa12a-3dd7-45bb-9766-cc326314d9f1,1.3922679999377578,4.931034307521036e-07,3.541727819458237e-07,10.077612570104291,0.0,10.0,3.848912895898777e-06,0.0,3.769838333310973e-06,7.61875122920975e-06,0.0,Canada,CAN,ontario,,,Windows-10-10.0.26200-SP0,3.11.9,3.2.6,8,Intel(R) Core(TM) i7-1065G7 CPU @ 1.30GHz,0,,-75.6718,45.3316,15.595848083496094,process,0.0,0,68.0,10.609138488769531,N,1.0,0.0
2026-07-30T22:45:08,codecarbon,d32520bb-7638-4407-aa21-f7384bc7b680,5b0fa12a-3dd7-45bb-9766-cc326314d9f1,0.6417306999210268,2.212463237123975e-07,3.447650607016693e-07,9.914880366571284,0.0,10.0,1.7233692525215385e-06,0.0,1.6950224998355326e-06,3.418391752357071e-06,0.0,Canada,CAN,ontario,,,Windows-10-10.0.26200-SP0,3.11.9,3.2.6,8,Intel(R) Core(TM) i7-1065G7 CPU @ 1.30GHz,0,,-75.6718,45.3316,15.595848083496094,process,0.0,0,0.0,0.0,N,1.0,0.0
2026-07-30T22:45:14,codecarbon,b424d001-2665-4d8b-83fb-0c0affc63071,5b0fa12a-3dd7-45bb-9766-cc326314d9f1,0.6143774001393467,2.445697175363716e-07,3.980773340310057e-07,12.862429132388051,0.0,10.0,2.1465736400700352e-06,0.0,1.6321788891218605e-06,3.778752529191896e-06,0.0,Canada,CAN,ontario,,,Windows-10-10.0.26200-SP0,3.11.9,3.2.6,8,Intel(R) Core(TM) i7-1065G7 CPU @ 1.30GHz,0,,-75.6718,45.3316,15.595848083496094,process,0.0,0,0.0,0.0,N,1.0,0.0
2026-07-30T22:45:20,codecarbon,1443e6de-ccb5-4285-b639-265cab6a65e7,5b0fa12a-3dd7-45bb-9766-cc326314d9f1,1.5904614001046866,5.614342502873071e-07,3.530008651894052e-07,9.941808459848351,0.0,10.0,4.345955798324526e-06,0.0,4.328548611374572e-06,8.674504409699097e-06,0.0,Canada,CAN,ontario,,,Windows-10-10.0.26200-SP0,3.11.9,3.2.6,8,Intel(R) Core(TM) i7-1065G7 CPU @ 1.30GHz,0,,-75.6718,45.3316,15.595848083496094,process,0.0,0,67.9,10.59648895263672,N,1.0,0.0
2026-07-30T22:45:25,codecarbon,f43947ee-e67c-4453-988a-dc8e3ed99875,5b0fa12a-3dd7-45bb-9766-cc326314d9f1,0.5603483999148011,1.9629283079066602e-07,3.503049724430579e-07,10.312121193283891,0.0,10.0,1.562863553022453e-06,0.0,1.469981389042611e-06,3.032844942065064e-06,0.0,Canada,CAN,ontario,,,Windows-10-10.0.26200-SP0,3.11.9,3.2.6,8,Intel(R) Core(TM) i7-1065G7 CPU @ 1.30GHz,0,,-75.6718,45.3316,15.595848083496094,process,0.0,0,0.0,0.0,N,1.0,0.0
2026-07-30T22:45:31,codecarbon,fb016d8e-9654-4e10-884a-bd4bed3b08fc,5b0fa12a-3dd7-45bb-9766-cc326314d9f1,0.5643012002110481,2.144079107294308e-07,3.799529588972032e-07,12.034999913708296,0.0,10.0,1.8367973994074177e-06,0.0,1.4759366672175626e-06,3.31273406662498e-06,0.0,Canada,CAN,ontario,,,Windows-10-10.0.26200-SP0,3.11.9,3.2.6,8,Intel(R) Core(TM) i7-1065G7 CPU @ 1.30GHz,0,,-75.6718,45.3316,15.595848083496094,process,0.0,0,0.0,0.0,N,1.0,0.0
2026-07-30T22:45:37,codecarbon,885ba87f-167d-4ac9-b153-5cc67a0c49e8,5b0fa12a-3dd7-45bb-9766-cc326314d9f1,1.1682865000329912,4.267506730913937e-07,3.652791272340669e-07,10.738736549016055,0.0,10.0,3.437137265199489e-06,0.0,3.1564230558514183e-06,6.593560321050908e-06,0.0,Canada,CAN,ontario,,,Windows-10-10.0.26200-SP0,3.11.9,3.2.6,8,Intel(R) Core(TM) i7-1065G7 CPU @ 1.30GHz,0,,-75.6718,45.3316,15.595848083496094,process,0.0,0,67.8,10.57229232788086,N,1.0,0.0
2026-07-30T22:45:42,codecarbon,107df889-02d9-4913-83e4-939322cfa52b,5b0fa12a-3dd7-45bb-9766-cc326314d9f1,1.1399451000615954,4.153616848294292e-07,3.643699023812512e-07,10.736457487979024,0.0,10.0,3.347844559757988e-06,0.0,3.0697488892150835e-06,6.417593448973072e-06,0.0,Canada,CAN,ontario,,,Windows-10-10.0.26200-SP0,3.11.9,3.2.6,8,Intel(R) Core(TM) i7-1065G7 CPU @ 1.30GHz,0,,-75.6718,45.3316,15.595848083496094,process,0.0,0,67.8,10.57644271850586,N,1.0,0.0
2026-07-30T22:45:49,codecarbon,76c63d07-f18b-4bd3-8ad3-955744079b6e,5b0fa12a-3dd7-45bb-9766-cc326314d9f1,1.9650399999227373,7.857391634626353e-07,3.9985911914949794e-07,12.551007589711022,0.0,10.0,6.789723805658249e-06,0.0,5.350429444418599e-06,1.2140153250076848e-05,0.0,Canada,CAN,ontario,,,Windows-10-10.0.26200-SP0,3.11.9,3.2.6,8,Intel(R) Core(TM) i7-1065G7 CPU @ 1.30GHz,0,,-75.6718,45.3316,15.595848083496094,process,0.0,0,67.8,10.57443618774414,N,1.0,0.0
2026-07-30T22:45:55,codecarbon,e3dcb5b9-d284-4f9e-94dc-2ea61bf79eaf,5b0fa12a-3dd7-45bb-9766-cc326314d9f1,0.7052363001275808,2.480472548454892e-07,3.517221884361543e-07,10.26030865715648,0.0,10.0,1.965972897005549e-06,0.0,1.8665097220542115e-06,3.832482619059761e-06,0.0,Canada,CAN,ontario,,,Windows-10-10.0.26200-SP0,3.11.9,3.2.6,8,Intel(R) Core(TM) i7-1065G7 CPU @ 1.30GHz,0,,-75.6718,45.3316,15.595848083496094,process,0.0,0,0.0,0.0,N,1.0,0.0
2026-07-30T22:46:00,codecarbon,7717be31-1a5a-444b-ac2c-e5be5731319a,5b0fa12a-3dd7-45bb-9766-cc326314d9f1,0.8805502001196146,3.131351517010961e-07,3.556130606279569e-07,10.354168329741093,0.0,10.0,2.483748983201466e-06,0.0,2.3543816667774484e-06,4.838130649978914e-06,0.0,Canada,CAN,ontario,,,Windows-10-10.0.26200-SP0,3.11.9,3.2.6,8,Intel(R) Core(TM) i7-1065G7 CPU @ 1.30GHz,0,,-75.6718,45.3316,15.595848083496094,process,0.0,0,0.0,0.0,N,1.0,0.0
2026-07-30T22:46:06,codecarbon,d72fb0ae-c7cf-4ad1-8247-a6e3c40d89a4,5b0fa12a-3dd7-45bb-9766-cc326314d9f1,0.4904858998488635,1.863147816973594e-07,3.798575693098818e-07,11.99653445988944,0.0,10.0,1.5900443365633588e-06,0.0,1.2886336112084488e-06,2.878677947771808e-06,0.0,Canada,CAN,ontario,,,Windows-10-10.0.26200-SP0,3.11.9,3.2.6,8,Intel(R) Core(TM) i7-1065G7 CPU @ 1.30GHz,0,,-75.6718,45.3316,15.595848083496094,process,0.0,0,0.0,0.0,N,1.0,0.0
2026-07-30T22:46:11,codecarbon,81c9a489-dfc9-47a0-ab79-1d7b33836c05,5b0fa12a-3dd7-45bb-9766-cc326314d9f1,1.0450825998559594,3.679240075262544e-07,3.5205256271319053e-07,10.045819100510512,0.0,10.0,2.8714868859248555e-06,0.0,2.813165277863542e-06,5.684652163788398e-06,0.0,Canada,CAN,ontario,,,Windows-10-10.0.26200-SP0,3.11.9,3.2.6,8,Intel(R) Core(TM) i7-1065G7 CPU @ 1.30GHz,0,,-75.6718,45.3316,15.595848083496094,process,0.0,0,0.0,0.0,N,1.0,0.0
2026-07-30T22:46:17,codecarbon,3247e3b1-37ad-48b6-afc3-887ba44ff6b7,5b0fa12a-3dd7-45bb-9766-cc326314d9f1,0.3979656000155955,1.364187537891261e-07,3.427903160066601e-07,10.065118564934268,0.0,10.0,1.07539668965051e-06,0.0,1.0323569443749471e-06,2.1077536340254573e-06,0.0,Canada,CAN,ontario,,,Windows-10-10.0.26200-SP0,3.11.9,3.2.6,8,Intel(R) Core(TM) i7-1065G7 CPU @ 1.30GHz,0,,-75.6718,45.3316,15.595848083496094,process,0.0,0,0.0,0.0,N,1.0,0.0
2026-07-30T22:46:23,codecarbon,6bca8f42-0964-4101-bc08-0495be0a6571,5b0fa12a-3dd7-45bb-9766-cc326314d9f1,1.1811697001103312,4.559459489990248e-07,3.8601222919656293e-07,11.91236938479129,0.0,10.0,3.854450286506373e-06,0.0,3.1901950003682743e-06,7.044645286874647e-06,0.0,Canada,CAN,ontario,,,Windows-10-10.0.26200-SP0,3.11.9,3.2.6,8,Intel(R) Core(TM) i7-1065G7 CPU @ 1.30GHz,0,,-75.6718,45.3316,15.595848083496094,process,0.0,0,67.7,10.558265686035156,N,1.0,0.0
2026-07-30T22:46:28,codecarbon,b168350a-7483-4c20-bbbf-b235fe4e1a01,5b0fa12a-3dd7-45bb-9766-cc326314d9f1,0.5712075000628829,1.8806684150232573e-07,3.292443490003578e-07,9.049929795634029,0.0,10.0,1.3995183488237696e-06,0.0,1.5062300003288934e-06,2.9057483491526632e-06,0.0,Canada,CAN,ontario,,,Windows-10-10.0.26200-SP0,3.11.9,3.2.6,8,Intel(R) Core(TM) i7-1065G7 CPU @ 1.30GHz,0,,-75.6718,45.3316,15.595848083496094,process,0.0,0,0.0,0.0,N,1.0,0.0
2026-07-30T22:46:34,codecarbon,521c59a8-c106-4c1d-bee3-04dbc5fec588,5b0fa12a-3dd7-45bb-9766-cc326314d9f1,1.6905848998576405,6.096856389725292e-07,3.606359189792061e-07,10.367997909631365,0.0,10.0,4.8190249805462375e-06,0.0,4.600993055565697e-06,9.420018036111936e-06,0.0,Canada,CAN,ontario,,,Windows-10-10.0.26200-SP0,3.11.9,3.2.6,8,Intel(R) Core(TM) i7-1065G7 CPU @ 1.30GHz,0,,-75.6718,45.3316,15.595848083496094,process,44.6,0,67.7,10.564456939697266,N,1.0,0.0
2026-07-30T22:46:42,codecarbon,6ce51aab-a5f5-4160-9c45-ff232f88384c,5b0fa12a-3dd7-45bb-9766-cc326314d9f1,2.869775300147012,1.1239705788217524e-06,3.916580433193407e-07,11.981076481904932,0.0,10.0,9.496097716964728e-06,0.0,7.86993888905272e-06,1.7366036606017448e-05,0.0,Canada,CAN,ontario,,,Windows-10-10.0.26200-SP0,3.11.9,3.2.6,8,Intel(R) Core(TM) i7-1065G7 CPU @ 1.30GHz,0,,-75.6718,45.3316,15.595848083496094,process,0.0,0,67.80000000000001,10.574174880981444,N,1.0,0.0
2026-07-30T22:46:49,codecarbon,be1242d9-06da-4951-81fa-eec20775aa96,5b0fa12a-3dd7-45bb-9766-cc326314d9f1,1.7015927999746054,6.070580795262311e-07,3.567587260214611e-07,10.124831922786049,0.0,10.0,4.741788127297341e-06,0.0,4.637632499604176e-06,9.379420626901515e-06,0.0,Canada,CAN,ontario,,,Windows-10-10.0.26200-SP0,3.11.9,3.2.6,8,Intel(R) Core(TM) i7-1065G7 CPU @ 1.30GHz,0,,-75.6718,45.3316,15.595848083496094,process,0.0,0,67.7,10.56265640258789,N,1.0,0.0
2026-07-30T22:46:55,codecarbon,4158c8dd-3674-4045-aa86-cdfa2462b365,5b0fa12a-3dd7-45bb-9766-cc326314d9f1,1.1896283999085426,4.213948960642006e-07,3.542239711968855e-07,10.128611090715664,0.0,10.0,3.3002866618251848e-06,0.0,3.2105236107276546e-06,6.510810272552839e-06,0.0,Canada,CAN,ontario,,,Windows-10-10.0.26200-SP0,3.11.9,3.2.6,8,Intel(R) Core(TM) i7-1065G7 CPU @ 1.30GHz,0,,-75.6718,45.3316,15.595848083496094,process,0.0,0,67.7,10.559276580810549,N,1.0,0.0
2026-07-30T22:47:01,codecarbon,c761d62b-df1f-4f0e-b986-769b11f25618,5b0fa12a-3dd7-45bb-9766-cc326314d9f1,1.4527396999765188,5.631925453103691e-07,3.876761578963335e-07,11.93148677010539,0.0,10.0,4.764710315653752e-06,0.0,3.936960833379999e-06,8.701671149033752e-06,0.0,Canada,CAN,ontario,,,Windows-10-10.0.26200-SP0,3.11.9,3.2.6,8,Intel(R) Core(TM) i7-1065G7 CPU @ 1.30GHz,0,,-75.6718,45.3316,15.595848083496094,process,0.0,0,67.7,10.558879852294922,N,1.0,0.0
2026-07-30T22:47:08,codecarbon,6485bfd2-3697-463e-bde5-6c1418d91bff,5b0fa12a-3dd7-45bb-9766-cc326314d9f1,2.2391784000210464,8.040186393007186e-07,3.590685937722343e-07,10.20456668368872,0.0,10.0,6.298560725834819e-06,0.0,6.124021666538385e-06,1.2422582392373204e-05,0.0,Canada,CAN,ontario,,,Windows-10-10.0.26200-SP0,3.11.9,3.2.6,8,Intel(R) Core(TM) i7-1065G7 CPU @ 1.30GHz,0,,-75.6718,45.3316,15.595848083496094,process,0.0,0,67.65,10.550884246826172,N,1.0,0.0
2026-07-30T22:47:14,codecarbon,041413e8-996d-4755-94ee-99623d16952b,5b0fa12a-3dd7-45bb-9766-cc326314d9f1,1.0804895998444408,3.553807455217936e-07,3.289071413301508e-07,8.743535587124455,0.0,10.0,2.5836652192076832e-06,0.0,2.9071858333837657e-06,5.4908510525914485e-06,0.0,Canada,CAN,ontario,,,Windows-10-10.0.26200-SP0,3.11.9,3.2.6,8,Intel(R) Core(TM) i7-1065G7 CPU @ 1.30GHz,0,,-75.6718,45.3316,15.595848083496094,process,0.0,0,67.6,10.54879379272461,N,1.0,0.0
2026-07-30T22:47:20,codecarbon,478d681b-1cdb-45f3-ae6c-6ceee36172e1,5b0fa12a-3dd7-45bb-9766-cc326314d9f1,1.0184104000218213,3.982420296796021e-07,3.910427757523578e-07,12.22211223820816,0.0,10.0,3.4068842493759178e-06,0.0,2.746200000142885e-06,6.153084249518803e-06,0.0,Canada,CAN,ontario,,,Windows-10-10.0.26200-SP0,3.11.9,3.2.6,8,Intel(R) Core(TM) i7-1065G7 CPU @ 1.30GHz,0,,-75.6718,45.3316,15.595848083496094,process,0.0,0,0.0,0.0,N,1.0,0.0
2026-07-30T22:47:25,codecarbon,ebf69a40-7b76-4087-9c05-bfece496c69f,5b0fa12a-3dd7-45bb-9766-cc326314d9f1,0.8044605001341552,2.851737129314933e-07,3.544906342622622e-07,10.272018832425038,0.0,10.0,2.253543115480243e-06,0.0,2.152566111180932e-06,4.406109226661175e-06,0.0,Canada,CAN,ontario,,,Windows-10-10.0.26200-SP0,3.11.9,3.2.6,8,Intel(R) Core(TM) i7-1065G7 CPU @ 1.30GHz,0,,-75.6718,45.3316,15.595848083496094,process,0.0,0,0.0,0.0,N,1.0,0.0
2026-07-30T22:47:31,codecarbon,22c9dd92-2ce1-4a44-a5bb-518600a55add,5b0fa12a-3dd7-45bb-9766-cc326314d9f1,1.002004599897191,3.572555193985329e-07,3.565407977520148e-07,10.34390376374861,0.0,10.0,2.83138218430235e-06,0.0,2.6884352775394087e-06,5.519817461841759e-06,0.0,Canada,CAN,ontario,,,Windows-10-10.0.26200-SP0,3.11.9,3.2.6,8,Intel(R) Core(TM) i7-1065G7 CPU @ 1.30GHz,0,,-75.6718,45.3316,15.595848083496094,process,0.0,0,0.0,0.0,N,1.0,0.0
2026-07-30T22:47:38,codecarbon,74078a97-ae65-47d8-af7c-c3fae139d111,5b0fa12a-3dd7-45bb-9766-cc326314d9f1,2.271515399916097,9.025664098616742e-07,3.973410921603314e-07,12.336844386821324,0.0,10.0,7.72774243677438e-06,0.0,6.2174636107455534e-06,1.3945206047519934e-05,0.0,Canada,CAN,ontario,,,Windows-10-10.0.26200-SP0,3.11.9,3.2.6,8,Intel(R) Core(TM) i7-1065G7 CPU @ 1.30GHz,0,,-75.6718,45.3316,15.595848083496094,process,20.85,0,67.7,10.56123161315918,N,1.0,0.0
2026-07-30T22:47:44,codecarbon,e1d9ff51-5442-4274-a366-9979c20cdf89,5b0fa12a-3dd7-45bb-9766-cc326314d9f1,1.5908598999958483,5.73067673594016e-07,3.602251044202644e-07,10.355641730424969,0.0,10.0,4.527624064480193e-06,0.0,4.326623889048481e-06,8.854247953528674e-06,0.0,Canada,CAN,ontario,,,Windows-10-10.0.26200-SP0,3.11.9,3.2.6,8,Intel(R) Core(TM) i7-1065G7 CPU @ 1.30GHz,0,,-75.6718,45.3316,15.595848083496094,process,0.0,0,67.7,10.551578521728516,N,1.0,0.0
2026-07-30T22:47:52,codecarbon,3345148b-60bb-41fc-b036-37bac828775a,5b0fa12a-3dd7-45bb-9766-cc326314d9f1,2.393242900026962,8.050366923028019e-07,3.363790162267827e-07,8.916608514400654,0.0,10.0,5.885878048600102e-06,0.0,6.552433888686614e-06,1.2438311937286716e-05,0.0,Canada,CAN,ontario,,,Windows-10-10.0.26200-SP0,3.11.9,3.2.6,8,Intel(R) Core(TM) i7-1065G7 CPU @ 1.30GHz,0,,-75.6718,45.3316,15.595848083496094,process,0.0,0,67.8,10.574615478515623,N,1.0,0.0
2026-07-30T22:47:57,codecarbon,9ebb430e-2b6e-4b92-9c73-e3b6d31ab72b,5b0fa12a-3dd7-45bb-9766-cc326314d9f1,0.558101800037548,2.1418376266773306e-07,3.83771854262651e-07,12.179714220767892,0.0,10.0,1.840345007379076e-06,0.0,1.468925833857308e-06,3.3092708412363834e-06,0.0,Canada,CAN,ontario,,,Windows-10-10.0.26200-SP0,3.11.9,3.2.6,8,Intel(R) Core(TM) i7-1065G7 CPU @ 1.30GHz,0,,-75.6718,45.3316,15.595848083496094,process,0.0,0,0.0,0.0,N,1.0,0.0
2026-07-30T22:48:02,codecarbon,4ba83f1d-e0b9-4833-9a5d-31809affb7a3,5b0fa12a-3dd7-45bb-9766-cc326314d9f1,0.575064699864015,1.973057833452654e-07,3.431018864345562e-07,9.839671630046212,0.0,10.0,1.5319565156609868e-06,0.0,1.5165391662675474e-06,3.048495681928534e-06,0.0,Canada,CAN,ontario,,,Windows-10-10.0.26200-SP0,3.11.9,3.2.6,8,Intel(R) Core(TM) i7-1065G7 CPU @ 1.30GHz,0,,-75.6718,45.3316,15.595848083496094,process,0.0,0,0.0,0.0,N,1.0,0.0
2026-07-30T22:48:08,codecarbon,d406b5ce-8968-4509-8eb6-4163684f5174,5b0fa12a-3dd7-45bb-9766-cc326314d9f1,1.2164143999107182,4.18565722425748e-07,3.4409796731810285e-07,9.562185070798602,0.0,10.0,3.185113911050652e-06,0.0,3.281983889044366e-06,6.4670978000950176e-06,0.0,Canada,CAN,ontario,,,Windows-10-10.0.26200-SP0,3.11.9,3.2.6,8,Intel(R) Core(TM) i7-1065G7 CPU @ 1.30GHz,0,,-75.6718,45.3316,15.595848083496094,process,0.0,0,68.7,10.718658447265623,N,1.0,0.0
2026-07-30T22:48:16,codecarbon,73751469-a15b-43c2-9741-98aa120c2bc1,5b0fa12a-3dd7-45bb-9766-cc326314d9f1,2.9320443999022245,1.0484720443188895e-06,3.575907801238798e-07,10.0646723046378,0.0,10.0,8.153798932730387e-06,0.0,8.045738888904453e-06,1.619953782163484e-05,0.0,Canada,CAN,ontario,,,Windows-10-10.0.26200-SP0,3.11.9,3.2.6,8,Intel(R) Core(TM) i7-1065G7 CPU @ 1.30GHz,0,,-75.6718,45.3316,15.595848083496094,process,22.8,0,68.25,10.640914916992188,N,1.0,0.0
2026-07-30T22:48:22,codecarbon,ed3e2ff1-8302-4728-ab39-3c33205eeb35,5b0fa12a-3dd7-45bb-9766-cc326314d9f1,1.2763410001061857,4.5611917610237e-07,3.5736466670303857e-07,10.308590949679331,0.0,10.0,3.600023974008087e-06,0.0,3.4472977781357864e-06,7.047321752143873e-06,0.0,Canada,CAN,ontario,,,Windows-10-10.0.26200-SP0,3.11.9,3.2.6,8,Intel(R) Core(TM) i7-1065G7 CPU @ 1.30GHz,0,,-75.6718,45.3316,15.595848083496094,process,39.8,0,67.4,10.51032257080078,N,1.0,0.0
2026-07-30T22:48:28,codecarbon,a3abe8e0-bf11-4921-927e-7f5a51fa37c8,5b0fa12a-3dd7-45bb-9766-cc326314d9f1,1.593725600047037,5.522079438059413e-07,3.46488720385519e-07,9.56920084183754,0.0,10.0,4.1936645235291766e-06,0.0,4.338287777500228e-06,8.531952301029405e-06,0.0,Canada,CAN,ontario,,,Windows-10-10.0.26200-SP0,3.11.9,3.2.6,8,Intel(R) Core(TM) i7-1065G7 CPU @ 1.30GHz,0,,-75.6718,45.3316,15.595848083496094,process,0.0,0,67.5,10.522613525390623,N,1.0,0.0
2026-07-30T22:48:34,codecarbon,ec911557-5401-417c-815d-07b280f9ea56,5b0fa12a-3dd7-45bb-9766-cc326314d9f1,0.6422296999953687,2.467827204438625e-07,3.842592773981677e-07,12.12217522090259,0.0,10.0,2.1129756182975383e-06,0.0,1.6999691666569562e-06,3.812944784954496e-06,0.0,Canada,CAN,ontario,,,Windows-10-10.0.26200-SP0,3.11.9,3.2.6,8,Intel(R) Core(TM) i7-1065G7 CPU @ 1.30GHz,0,,-75.6718,45.3316,15.595848083496094,process,0.0,0,0.0,0.0,N,1.0,0.0
2026-07-30T22:48:40,codecarbon,86bdfc49-02c0-427d-916e-ec4c6b6a5f06,5b0fa12a-3dd7-45bb-9766-cc326314d9f1,1.7295369999483228,5.939186702233479e-07,3.433974932256978e-07,9.410265789935744,0.0,10.0,4.476920618031938e-06,0.0,4.699488055323147e-06,9.176408673355083e-06,0.0,Canada,CAN,ontario,,,Windows-10-10.0.26200-SP0,3.11.9,3.2.6,8,Intel(R) Core(TM) i7-1065G7 CPU @ 1.30GHz,0,,-75.6718,45.3316,15.595848083496094,process,0.0,0,67.6,10.543312072753906,N,1.0,0.0
2026-07-30T22:48:46,codecarbon,0537c425-0a24-4aa7-adbf-dadd10849367,5b0fa12a-3dd7-45bb-9766-cc326314d9f1,0.4089681000914424,1.43391132128243e-07,3.506169114319226e-07,10.558878119199836,0.0,10.0,1.15815699967774e-06,0.0,1.0573241672116436e-06,2.215481166889384e-06,0.0,Canada,CAN,ontario,,,Windows-10-10.0.26200-SP0,3.11.9,3.2.6,8,Intel(R) Core(TM) i7-1065G7 CPU @ 1.30GHz,0,,-75.6718,45.3316,15.595848083496094,process,0.0,0,0.0,0.0,N,1.0,0.0
2026-07-30T22:48:51,codecarbon,cc5ec846-8a50-4797-bb90-581e2f9f634b,5b0fa12a-3dd7-45bb-9766-cc326314d9f1,1.0207041001413018,3.556861146026201e-07,3.484713293043308e-07,9.875368383699971,0.0,10.0,2.753751137030955e-06,0.0,2.7418180556398712e-06,5.495569192670826e-06,0.0,Canada,CAN,ontario,,,Windows-10-10.0.26200-SP0,3.11.9,3.2.6,8,Intel(R) Core(TM) i7-1065G7 CPU @ 1.30GHz,0,,-75.6718,45.3316,15.595848083496094,process,0.0,0,0.0,0.0,N,1.0,0.0
2026-07-30T22:48:58,codecarbon,f58f257d-25f4-4f66-a812-79e27f0fc3d6,5b0fa12a-3dd7-45bb-9766-cc326314d9f1,1.3003203999251127,4.300549691594505e-07,3.307300025318514e-07,8.785951361260263,0.0,10.0,3.1300578939365782e-06,0.0,3.5145558332765685e-06,6.644613727213147e-06,0.0,Canada,CAN,ontario,,,Windows-10-10.0.26200-SP0,3.11.9,3.2.6,8,Intel(R) Core(TM) i7-1065G7 CPU @ 1.30GHz,0,,-75.6718,45.3316,15.595848083496094,process,47.9,0,66.6,10.387786865234377,N,1.0,0.0
2026-07-30T22:49:03,codecarbon,c141ce98-ba7c-413c-865c-2b2b57ec2277,5b0fa12a-3dd7-45bb-9766-cc326314d9f1,0.5939571000635624,2.338419494976071e-07,3.93701749625659e-07,12.659373567282762,0.0,10.0,2.0402271936412127e-06,0.0,1.572774722525436e-06,3.613001916166648e-06,0.0,Canada,CAN,ontario,,,Windows-10-10.0.26200-SP0,3.11.9,3.2.6,8,Intel(R) Core(TM) i7-1065G7 CPU @ 1.30GHz,0,,-75.6718,45.3316,15.595848083496094,process,0.0,0,0.0,0.0,N,1.0,0.0
2026-07-30T22:49:09,codecarbon,d7a5d315-bd44-4713-ba51-f3564e334da3,5b0fa12a-3dd7-45bb-9766-cc326314d9f1,1.867918600095436,6.698755844309078e-07,3.5862140052392134e-07,10.223672573137163,0.0,10.0,5.255859150206274e-06,0.0,5.094130555840416e-06,1.0349989706046687e-05,0.0,Canada,CAN,ontario,,,Windows-10-10.0.26200-SP0,3.11.9,3.2.6,8,Intel(R) Core(TM) i7-1065G7 CPU @ 1.30GHz,0,,-75.6718,45.3316,15.595848083496094,process,45.6,0,66.4,10.36102294921875,N,1.0,0.0
2026-07-30T22:49:16,codecarbon,0b2a2c0f-0058-4d74-b4e7-95e5b2684e5c,5b0fa12a-3dd7-45bb-9766-cc326314d9f1,1.5799431998748332,5.704695363615153e-07,3.610696488371919e-07,10.421619930285786,0.0,10.0,4.523501524720106e-06,0.0,4.290603610893918e-06,8.814105135614025e-06,0.0,Canada,CAN,ontario,,,Windows-10-10.0.26200-SP0,3.11.9,3.2.6,8,Intel(R) Core(TM) i7-1065G7 CPU @ 1.30GHz,0,,-75.6718,45.3316,15.595848083496094,process,0.0,0,66.4,10.356201171875,N,1.0,0.0
2026-07-30T22:49:22,codecarbon,82a95dca-4742-44f4-8f94-ff1a89331567,5b0fa12a-3dd7-45bb-9766-cc326314d9f1,1.2139344001188874,4.757553477782236e-07,3.919119086926198e-07,12.20747548102678,0.0,10.0,4.064262956978455e-06,0.0,3.286449722428289e-06,7.350712679406744e-06,0.0,Canada,CAN,ontario,,,Windows-10-10.0.26200-SP0,3.11.9,3.2.6,8,Intel(R) Core(TM) i7-1065G7 CPU @ 1.30GHz,0,,-75.6718,45.3316,15.595848083496094,process,0.0,0,66.4,10.358367919921877,N,1.0,0.0
2026-07-30T22:49:28,codecarbon,126e1202-ff88-438a-b158-e46c7020c64a,5b0fa12a-3dd7-45bb-9766-cc326314d9f1,1.2602140000090003,4.571281185403837e-07,3.62738486111977e-07,10.589979188556471,0.0,10.0,3.6575155331019366e-06,0.0,3.4053950001382164e-06,7.062910533240153e-06,0.0,Canada,CAN,ontario,,,Windows-10-10.0.26200-SP0,3.11.9,3.2.6,8,Intel(R) Core(TM) i7-1065G7 CPU @ 1.30GHz,0,,-75.6718,45.3316,15.595848083496094,process,0.0,0,66.5,10.365360260009766,N,1.0,0.0
2026-07-30T22:49:34,codecarbon,a21571c6-294d-4921-a4a1-ecfbec3b5ecd,5b0fa12a-3dd7-45bb-9766-cc326314d9f1,0.914803400170058,3.2248384161617456e-07,3.525170999104575e-07,10.1964987514538,0.0,10.0,2.5439542135512583e-06,0.0,2.438619444405453e-06,4.982573657956711e-06,0.0,Canada,CAN,ontario,,,Windows-10-10.0.26200-SP0,3.11.9,3.2.6,8,Intel(R) Core(TM) i7-1065G7 CPU @ 1.30GHz,0,,-75.6718,45.3316,15.595848083496094,process,0.0,0,0.0,0.0,N,1.0,0.0
2026-07-30T22:49:40,codecarbon,af52eef8-f85b-4a49-a923-bce640a374aa,5b0fa12a-3dd7-45bb-9766-cc326314d9f1,1.4938873001374304,5.869453345823776e-07,3.928980014278061e-07,12.271038090555372,0.0,10.0,5.026631349810976e-06,0.0,4.0420349997778736e-06,9.06866634958885e-06,0.0,Canada,CAN,ontario,,,Windows-10-10.0.26200-SP0,3.11.9,3.2.6,8,Intel(R) Core(TM) i7-1065G7 CPU @ 1.30GHz,0,,-75.6718,45.3316,15.595848083496094,process,0.0,0,66.6,10.391010284423828,N,1.0,0.0
2026-07-30T22:49:45,codecarbon,a5a2383d-cd06-4be6-85aa-22d7740239d6,5b0fa12a-3dd7-45bb-9766-cc326314d9f1,0.6167622001376003,2.19652360897098e-07,3.5613784510155335e-07,10.525214367261192,0.0,10.0,1.7613329353607762e-06,0.0,1.6324311113243716e-06,3.393764046685148e-06,0.0,Canada,CAN,ontario,,,Windows-10-10.0.26200-SP0,3.11.9,3.2.6,8,Intel(R) Core(TM) i7-1065G7 CPU @ 1.30GHz,0,,-75.6718,45.3316,15.595848083496094,process,0.0,0,0.0,0.0,N,1.0,0.0
2026-07-30T22:49:50,codecarbon,b3d451dd-1480-40bd-8e03-424d8a2080c2,5b0fa12a-3dd7-45bb-9766-cc326314d9f1,0.375567700015381,1.3039818975096742e-07,3.472028871109712e-07,10.234965057512031,0.0,10.0,1.035119161909571e-06,0.0,9.796130555009263e-07,2.0147322174104974e-06,0.0,Canada,CAN,ontario,,,Windows-10-10.0.26200-SP0,3.11.9,3.2.6,8,Intel(R) Core(TM) i7-1065G7 CPU @ 1.30GHz,0,,-75.6718,45.3316,15.595848083496094,process,0.0,0,0.0,0.0,N,1.0,0.0
2026-07-30T22:49:57,codecarbon,cf2255e0-d12e-4944-b027-51471718f0c5,5b0fa12a-3dd7-45bb-9766-cc326314d9f1,1.4840412000194192,5.240010399744075e-07,3.5309062845933845e-07,9.99263237737825,0.0,10.0,4.071563014044797e-06,0.0,4.024575277516204e-06,8.096138291561001e-06,0.0,Canada,CAN,ontario,,,Windows-10-10.0.26200-SP0,3.11.9,3.2.6,8,Intel(R) Core(TM) i7-1065G7 CPU @ 1.30GHz,0,,-75.6718,45.3316,15.595848083496094,process,100.0,0,67.1,10.466449737548828,N,1.0,0.0
2026-07-30T22:50:04,codecarbon,b231d820-63ca-464c-903d-c3ac3f2fc49a,5b0fa12a-3dd7-45bb-9766-cc326314d9f1,2.449198599904776,8.805146491725914e-07,3.595113312602848e-07,10.200165002123944,0.0,10.0,6.892841117770281e-06,0.0,6.711651666814255e-06,1.3604492784584537e-05,0.0,Canada,CAN,ontario,,,Windows-10-10.0.26200-SP0,3.11.9,3.2.6,8,Intel(R) Core(TM) i7-1065G7 CPU @ 1.30GHz,0,,-75.6718,45.3316,15.595848083496094,process,0.0,0,66.2,10.321121215820312,N,1.0,0.0
2026-07-30T22:50:10,codecarbon,71c718f3-be26-4a32-bd69-b28080790c9f,5b0fa12a-3dd7-45bb-9766-cc326314d9f1,1.7077231998555362,6.131133188233279e-07,3.590238270904757e-07,10.260451125410452,0.0,10.0,4.82060390906009e-06,0.0,4.652373888529838e-06,9.472977797589928e-06,0.0,Canada,CAN,ontario,,,Windows-10-10.0.26200-SP0,3.11.9,3.2.6,8,Intel(R) Core(TM) i7-1065G7 CPU @ 1.30GHz,0,,-75.6718,45.3316,15.595848083496094,process,0.0,0,66.2,10.324214935302734,N,1.0,0.0
2026-07-30T22:50:16,codecarbon,b35ffcab-5355-4692-a5fe-15f0a94613e2,5b0fa12a-3dd7-45bb-9766-cc326314d9f1,0.8066463000141084,3.19413367774163e-07,3.959769824377504e-07,12.510919489655958,0.0,10.0,2.764457948769466e-06,0.0,2.170675000201704e-06,4.935132948971171e-06,0.0,Canada,CAN,ontario,,,Windows-10-10.0.26200-SP0,3.11.9,3.2.6,8,Intel(R) Core(TM) i7-1065G7 CPU @ 1.30GHz,0,,-75.6718,45.3316,15.595848083496094,process,0.0,0,0.0,0.0,N,1.0,0.0
2026-07-30T22:50:22,codecarbon,b790ad43-de4e-4998-8f73-6c90f3bbe358,5b0fa12a-3dd7-45bb-9766-cc326314d9f1,0.9219257000368088,3.400428251837428e-07,3.688397288091288e-07,11.017220792654506,0.0,10.0,2.777886029167821e-06,0.0,2.47598472245348e-06,5.253870751621301e-06,0.0,Canada,CAN,ontario,,,Windows-10-10.0.26200-SP0,3.11.9,3.2.6,8,Intel(R) Core(TM) i7-1065G7 CPU @ 1.30GHz,0,,-75.6718,45.3316,15.595848083496094,process,0.0,0,0.0,0.0,N,1.0,0.0
2026-07-30T22:50:27,codecarbon,851bbf08-0cd1-4de8-9bd1-a54c4901079b,5b0fa12a-3dd7-45bb-9766-cc326314d9f1,0.286039900034666,9.92341166458367e-08,3.469240362404344e-07,10.445188733312651,0.0,10.0,7.977747909988058e-07,0.0,7.354533332141324e-07,1.533228124212938e-06,0.0,Canada,CAN,ontario,,,Windows-10-10.0.26200-SP0,3.11.9,3.2.6,8,Intel(R) Core(TM) i7-1065G7 CPU @ 1.30GHz,0,,-75.6718,45.3316,15.595848083496094,process,0.0,0,0.0,0.0,N,1.0,0.0
2026-07-30T22:50:32,codecarbon,c8d2f819-b247-4388-8a07-12bf0be81ec1,5b0fa12a-3dd7-45bb-9766-cc326314d9f1,0.6070791000965983,2.0917544442236346e-07,3.445604442470174e-07,9.843960177581934,0.0,10.0,1.6207673001697945e-06,0.0,1.6111219444105195e-06,3.231889244580314e-06,0.0,Canada,CAN,ontario,,,Windows-10-10.0.26200-SP0,3.11.9,3.2.6,8,Intel(R) Core(TM) i7-1065G7 CPU @ 1.30GHz,0,,-75.6718,45.3316,15.595848083496094,process,0.0,0,0.0,0.0,N,1.0,0.0
2026-07-30T22:50:37,codecarbon,1bedfee9-2c59-4460-997d-e5b2903bd1d1,5b0fa12a-3dd7-45bb-9766-cc326314d9f1,0.3116339999251067,1.0280714065275429e-07,3.298970609030508e-07,9.416039884441922,0.0,10.0,7.857638202617172e-07,0.0,8.026697220177285e-07,1.5884335422794455e-06,0.0,Canada,CAN,ontario,,,Windows-10-10.0.26200-SP0,3.11.9,3.2.6,8,Intel(R) Core(TM) i7-1065G7 CPU @ 1.30GHz,0,,-75.6718,45.3316,15.595848083496094,process,0.0,0,0.0,0.0,N,1.0,0.0
2026-07-30T22:50:44,codecarbon,7d642d5a-33bb-42e4-8e99-a262f2502439,5b0fa12a-3dd7-45bb-9766-cc326314d9f1,1.9305273999925705,6.793465171826659e-07,3.518968532564109e-07,9.874802924106223,0.0,10.0,5.238723941339716e-06,0.0,5.257597499682258e-06,1.0496321441021974e-05,0.0,Canada,CAN,ontario,,,Windows-10-10.0.26200-SP0,3.11.9,3.2.6,8,Intel(R) Core(TM) i7-1065G7 CPU @ 1.30GHz,0,,-75.6718,45.3316,15.595848083496094,process,38.7,0,66.3,10.340187072753906,N,1.0,0.0
2026-07-30T22:50:49,codecarbon,6cf539f9-d4f3-446c-bca9-8fa4e89ce10b,5b0fa12a-3dd7-45bb-9766-cc326314d9f1,1.024282000027597,3.890585150115156e-07,3.798353529604477e-07,11.649008007492526,0.0,10.0,3.2608408002836387e-06,0.0,2.750352500394608e-06,6.011193300678246e-06,0.0,Canada,CAN,ontario,,,Windows-10-10.0.26200-SP0,3.11.9,3.2.6,8,Intel(R) Core(TM) i7-1065G7 CPU @ 1.30GHz,0,,-75.6718,45.3316,15.595848083496094,process,0.0,0,0.0,0.0,N,1.0,0.0
2026-07-30T22:50:55,codecarbon,832f874e-b744-4d36-b720-d38ccf60a3c8,5b0fa12a-3dd7-45bb-9766-cc326314d9f1,1.001305199926719,3.599068290683606e-07,3.594376910203808e-07,10.478777810225507,0.0,10.0,2.8692587710644527e-06,0.0,2.691523055545986e-06,5.560781826610438e-06,0.0,Canada,CAN,ontario,,,Windows-10-10.0.26200-SP0,3.11.9,3.2.6,8,Intel(R) Core(TM) i7-1065G7 CPU @ 1.30GHz,0,,-75.6718,45.3316,15.595848083496094,process,0.0,0,0.0,0.0,N,1.0,0.0
2026-07-30T22:51:01,codecarbon,3065c039-759b-414f-97da-4ae69c15082b,5b0fa12a-3dd7-45bb-9766-cc326314d9f1,0.4585625999607146,1.5827753604675028e-07,3.451601505668147e-07,10.14054937878682,0.0,10.0,1.2509085946809654e-06,0.0,1.1945766668456296e-06,2.445485261526595e-06,0.0,Canada,CAN,ontario,,,Windows-10-10.0.26200-SP0,3.11.9,3.2.6,8,Intel(R) Core(TM) i7-1065G7 CPU @ 1.30GHz,0,,-75.6718,45.3316,15.595848083496094,process,0.0,0,0.0,0.0,N,1.0,0.0
2026-07-30T22:51:07,codecarbon,99b74ec4-d54f-45fe-afaf-142d4a308d16,5b0fa12a-3dd7-45bb-9766-cc326314d9f1,1.2816834000404924,4.423601205050079e-07,3.45139931195982e-07,9.577009869556822,0.0,10.0,3.367401437570555e-06,0.0,3.4673344447380967e-06,6.834735882308652e-06,0.0,Canada,CAN,ontario,,,Windows-10-10.0.26200-SP0,3.11.9,3.2.6,8,Intel(R) Core(TM) i7-1065G7 CPU @ 1.30GHz,0,,-75.6718,45.3316,15.595848083496094,process,0.0,0,66.6,10.39303207397461,N,1.0,0.0
2026-07-30T22:51:12,codecarbon,dc00090b-ad79-408d-947c-c09314f894fb,5b0fa12a-3dd7-45bb-9766-cc326314d9f1,0.7243938001338392,2.84584956728331e-07,3.928594594207612e-07,12.38800193779043,0.0,10.0,2.453446192413985e-06,0.0,1.943566388864484e-06,4.397012581278469e-06,0.0,Canada,CAN,ontario,,,Windows-10-10.0.26200-SP0,3.11.9,3.2.6,8,Intel(R) Core(TM) i7-1065G7 CPU @ 1.30GHz,0,,-75.6718,45.3316,15.595848083496094,process,0.0,0,0.0,0.0,N,1.0,0.0
2026-07-30T22:51:18,codecarbon,f5c217ad-1f26-42d0-b549-aa80b342f163,5b0fa12a-3dd7-45bb-9766-cc326314d9f1,1.259140900103375,4.534742462645117e-07,3.60145751938708e-07,10.442927080127964,0.0,10.0,3.6021354037820774e-06,0.0,3.404320555920196e-06,7.006455959702273e-06,0.0,Canada,CAN,ontario,,,Windows-10-10.0.26200-SP0,3.11.9,3.2.6,8,Intel(R) Core(TM) i7-1065G7 CPU @ 1.30GHz,0,,-75.6718,45.3316,15.595848083496094,process,0.0,0,66.7,10.39862060546875,N,1.0,0.0
2026-07-30T22:51:24,codecarbon,8d62356d-c05c-4556-9aa7-147ea28cec10,5b0fa12a-3dd7-45bb-9766-cc326314d9f1,1.3222628000658003,4.741368610634401e-07,3.585798988218115e-07,10.31663345657318,0.0,10.0,3.7421071753331258e-06,0.0,3.583598889074185e-06,7.325706064407311e-06,0.0,Canada,CAN,ontario,,,Windows-10-10.0.26200-SP0,3.11.9,3.2.6,8,Intel(R) Core(TM) i7-1065G7 CPU @ 1.30GHz,0,,-75.6718,45.3316,15.595848083496094,process,0.0,0,66.7,10.401355743408203,N,1.0,0.0
2026-07-30T22:51:29,codecarbon,1aafc2f8-8e01-4580-9574-c6ce865841c8,5b0fa12a-3dd7-45bb-9766-cc326314d9f1,0.2819323998410254,1.0210652007533816e-07,3.621666758872462e-07,11.411193734508112,0.0,10.0,8.578551902100923e-07,0.0,7.197533333156673e-07,1.5776085235257595e-06,0.0,Canada,CAN,ontario,,,Windows-10-10.0.26200-SP0,3.11.9,3.2.6,8,Intel(R) Core(TM) i7-1065G7 CPU @ 1.30GHz,0,,-75.6718,45.3316,15.595848083496094,process,0.0,0,0.0,0.0,N,1.0,0.0
2026-07-30T22:51:36,codecarbon,20cc768a-2c8e-469f-8012-3d64e4ffabcb,5b0fa12a-3dd7-45bb-9766-cc326314d9f1,1.86903619999066,6.788562233104284e-07,3.6321191816071874e-07,10.48592301828159,0.0,10.0,5.39281554388153e-06,0.0,5.095930555317966e-06,1.0488746099199495e-05,0.0,Canada,CAN,ontario,,,Windows-10-10.0.26200-SP0,3.11.9,3.2.6,8,Intel(R) Core(TM) i7-1065G7 CPU @ 1.30GHz,0,,-75.6718,45.3316,15.595848083496094,process,0.0,0,66.7,10.40719985961914,N,1.0,0.0
2026-07-30T22:51:42,codecarbon,42aa3705-c077-4bda-8f65-8f2158b62de1,5b0fa12a-3dd7-45bb-9766-cc326314d9f1,1.8167685000225904,6.544061804954053e-07,3.602033943715274e-07,10.366586066189384,0.0,10.0,5.1752534579036e-06,0.0,4.935724444739107e-06,1.0110977902642706e-05,0.0,Canada,CAN,ontario,,,Windows-10-10.0.26200-SP0,3.11.9,3.2.6,8,Intel(R) Core(TM) i7-1065G7 CPU @ 1.30GHz,0,,-75.6718,45.3316,15.595848083496094,process,38.8,0,66.7,10.40463638305664,N,1.0,0.0
2026-07-30T22:51:48,codecarbon,424db205-67b3-4912-a434-b2e38c9fde72,5b0fa12a-3dd7-45bb-9766-cc326314d9f1,1.2315246001817286,4.864887394028862e-07,3.9502965619289945e-07,12.366924141211552,0.0,10.0,4.181263235653293e-06,0.0,3.335286944638938e-06,7.51655018029223e-06,0.0,Canada,CAN,ontario,,,Windows-10-10.0.26200-SP0,3.11.9,3.2.6,8,Intel(R) Core(TM) i7-1065G7 CPU @ 1.30GHz,0,,-75.6718,45.3316,15.595848083496094,process,0.0,0,66.7,10.401756286621094,N,1.0,0.0
2026-07-30T22:51:54,codecarbon,6ada4d59-b786-4e67-863c-6ff0cfbc6842,5b0fa12a-3dd7-45bb-9766-cc326314d9f1,0.897930100094527,3.231494676048823e-07,3.598826540850604e-07,10.543197824419495,0.0,10.0,2.5832682661465394e-06,0.0,2.409589722649091e-06,4.992857988795631e-06,0.0,Canada,CAN,ontario,,,Windows-10-10.0.26200-SP0,3.11.9,3.2.6,8,Intel(R) Core(TM) i7-1065G7 CPU @ 1.30GHz,0,,-75.6718,45.3316,15.595848083496094,process,0.0,0,0.0,0.0,N,1.0,0.0
2026-07-30T22:51:59,codecarbon,56bcef48-13ca-4c14-a8cf-a008096a7707,5b0fa12a-3dd7-45bb-9766-cc326314d9f1,0.6230576001107693,2.130784603189277e-07,3.419883816216123e-07,9.78667704164873,0.0,10.0,1.6509874068409258e-06,0.0,1.641205833422848e-06,3.2921932402637737e-06,0.0,Canada,CAN,ontario,,,Windows-10-10.0.26200-SP0,3.11.9,3.2.6,8,Intel(R) Core(TM) i7-1065G7 CPU @ 1.30GHz,0,,-75.6718,45.3316,15.595848083496094,process,0.0,0,0.0,0.0,N,1.0,0.0
2026-07-30T22:52:04,codecarbon,c43de999-809d-4d34-9eb4-e47e2fd860b3,5b0fa12a-3dd7-45bb-9766-cc326314d9f1,0.2461543998215347,9.294029720574221e-08,3.775691081415777e-07,12.433358392972238,0.0,10.0,8.13106410646467e-07,0.0,6.228783329586602e-07,1.4359847436051272e-06,0.0,Canada,CAN,ontario,,,Windows-10-10.0.26200-SP0,3.11.9,3.2.6,8,Intel(R) Core(TM) i7-1065G7 CPU @ 1.30GHz,0,,-75.6718,45.3316,15.595848083496094,process,0.0,0,0.0,0.0,N,1.0,0.0
2026-07-30T22:52:10,codecarbon,0c2041f0-5367-49e8-8765-84fdbbb689a9,5b0fa12a-3dd7-45bb-9766-cc326314d9f1,0.7349247999954969,2.648613196839401e-07,3.603924097888152e-07,10.611409619040064,0.0,10.0,2.1266305381670143e-06,0.0,1.965639722119603e-06,4.092270260286617e-06,0.0,Canada,CAN,ontario,,,Windows-10-10.0.26200-SP0,3.11.9,3.2.6,8,Intel(R) Core(TM) i7-1065G7 CPU @ 1.30GHz,0,,-75.6718,45.3316,15.595848083496094,process,0.0,0,0.0,0.0,N,1.0,0.0
2026-07-30T22:52:15,codecarbon,cd574423-9562-40bf-9dc4-b49ca61c85f6,5b0fa12a-3dd7-45bb-9766-cc326314d9f1,0.528821799904108,1.8870864905678493e-07,3.568473332434551e-07,10.703943632526563,0.0,10.0,1.528428004161658e-06,0.0,1.3872366663741154e-06,2.9156646705357736e-06,0.0,Canada,CAN,ontario,,,Windows-10-10.0.26200-SP0,3.11.9,3.2.6,8,Intel(R) Core(TM) i7-1065G7 CPU @ 1.30GHz,0,,-75.6718,45.3316,15.595848083496094,process,0.0,0,0.0,0.0,N,1.0,0.0
2026-07-30T22:52:21,codecarbon,37846890-78f4-4cec-b211-d8c74df5bb62,5b0fa12a-3dd7-45bb-9766-cc326314d9f1,0.7156080000568181,2.798905505692776e-07,3.911227243785072e-07,12.530328968104367,0.0,10.0,2.428878619220299e-06,0.0,1.8956025001696413e-06,4.324481119389941e-06,0.0,Canada,CAN,ontario,,,Windows-10-10.0.26200-SP0,3.11.9,3.2.6,8,Intel(R) Core(TM) i7-1065G7 CPU @ 1.30GHz,0,,-75.6718,45.3316,15.595848083496094,process,0.0,0,0.0,0.0,N,1.0,0.0
2026-07-30T22:52:27,codecarbon,0b2b261b-0da4-4905-87df-bb50d0510fb6,5b0fa12a-3dd7-45bb-9766-cc326314d9f1,1.1720112999901175,4.276531699658091e-07,3.648882651297092e-07,10.757700097450972,0.0,10.0,3.4498450086028937e-06,0.0,3.1576594441301294e-06,6.607504452733024e-06,0.0,Canada,CAN,ontario,,,Windows-10-10.0.26200-SP0,3.11.9,3.2.6,8,Intel(R) Core(TM) i7-1065G7 CPU @ 1.30GHz,0,,-75.6718,45.3316,15.595848083496094,process,0.0,0,66.4,10.357070922851562,N,1.0,0.0
2026-07-30T22:52:33,codecarbon,b0994ccb-8549-4d7b-894b-6a6e4ba237d1,5b0fa12a-3dd7-45bb-9766-cc326314d9f1,1.802666199859232,5.623251447566929e-07,3.1194080457080976e-07,7.6109192495138975,0.0,10.0,3.775477888229279e-06,0.0,4.912791388859558e-06,8.688269277088837e-06,0.0,Canada,CAN,ontario,,,Windows-10-10.0.26200-SP0,3.11.9,3.2.6,8,Intel(R) Core(TM) i7-1065G7 CPU @ 1.30GHz,0,,-75.6718,45.3316,15.595848083496094,process,0.0,0,66.7,10.396564483642578,N,1.0,0.0
2026-07-30T22:52:39,codecarbon,398e2989-3607-4690-9155-e120c15437cb,5b0fa12a-3dd7-45bb-9766-cc326314d9f1,0.990127299912274,3.008273935737382e-07,3.038269862879165e-07,7.366567455998845,0.0,10.0,1.9915646077083493e-06,0.0,2.656403610793253e-06,4.647968218501603e-06,0.0,Canada,CAN,ontario,,,Windows-10-10.0.26200-SP0,3.11.9,3.2.6,8,Intel(R) Core(TM) i7-1065G7 CPU @ 1.30GHz,0,,-75.6718,45.3316,15.595848083496094,process,0.0,0,0.0,0.0,N,1.0,0.0
2026-07-30T22:52:46,codecarbon,f5f589a5-aca0-470c-b479-223502a0a287,5b0fa12a-3dd7-45bb-9766-cc326314d9f1,1.7119876998476684,5.949410903429047e-07,3.4751481590425104e-07,9.6285384323899,0.0,10.0,4.537066804031183e-06,0.0,4.655138888887854e-06,9.192205692919036e-06,0.0,Canada,CAN,ontario,,,Windows-10-10.0.26200-SP0,3.11.9,3.2.6,8,Intel(R) Core(TM) i7-1065G7 CPU @ 1.30GHz,0,,-75.6718,45.3316,15.595848083496094,process,0.0,0,66.7,10.39767837524414,N,1.0,0.0
2026-07-30T22:52:51,codecarbon,a15a193d-6c28-4404-96a7-dc71bd70036e,5b0fa12a-3dd7-45bb-9766-cc326314d9f1,0.4833694000262767,1.6870050468647128e-07,3.490094835901909e-07,10.305396848171556,0.0,10.0,1.3435709806364029e-06,0.0,1.2629555557699257e-06,2.606526536406328e-06,0.0,Canada,CAN,ontario,,,Windows-10-10.0.26200-SP0,3.11.9,3.2.6,8,Intel(R) Core(TM) i7-1065G7 CPU @ 1.30GHz,0,,-75.6718,45.3316,15.595848083496094,process,0.0,0,0.0,0.0,N,1.0,0.0
2026-07-30T22:52:58,codecarbon,e3a05918-30cf-4cef-aaa0-a42545cb2381,5b0fa12a-3dd7-45bb-9766-cc326314d9f1,2.097963099833578,7.75384086473197e-07,3.695890011290976e-07,10.7911244855248,0.0,10.0,6.241402054096743e-06,0.0,5.73875888884585e-06,1.1980160942942593e-05,0.0,Canada,CAN,ontario,,,Windows-10-10.0.26200-SP0,3.11.9,3.2.6,8,Intel(R) Core(TM) i7-1065G7 CPU @ 1.30GHz,0,,-75.6718,45.3316,15.595848083496094,process,0.0,0,67.85,10.579303741455078,N,1.0,0.0
2026-07-30T22:53:04,codecarbon,7e1e5b5f-3a56-401d-a6b5-a83fa3f606cd,5b0fa12a-3dd7-45bb-9766-cc326314d9f1,1.168531300034374,4.243912344624091e-07,3.631834546921636e-07,10.62577592725142,0.0,10.0,3.401531654480593e-06,0.0,3.1555738888629195e-06,6.557105543343513e-06,0.0,Canada,CAN,ontario,,,Windows-10-10.0.26200-SP0,3.11.9,3.2.6,8,Intel(R) Core(TM) i7-1065G7 CPU @ 1.30GHz,0,,-75.6718,45.3316,15.595848083496094,process,0.0,0,66.2,10.325000762939451,N,1.0,0.0
2026-07-30T22:53:10,codecarbon,63be07bd-afdf-47f5-9bb8-63288a89bcc7,5b0fa12a-3dd7-45bb-9766-cc326314d9f1,1.0489755999296904,4.112752906395122e-07,3.920732671637727e-07,12.372072817040983,0.0,10.0,3.542356423937157e-06,0.0,2.8120997219553425e-06,6.354456145892499e-06,0.0,Canada,CAN,ontario,,,Windows-10-10.0.26200-SP0,3.11.9,3.2.6,8,Intel(R) Core(TM) i7-1065G7 CPU @ 1.30GHz,0,,-75.6718,45.3316,15.595848083496094,process,0.0,0,0.0,0.0,N,1.0,0.0
2026-07-30T22:53:17,codecarbon,07597a5f-e60a-4b58-9f32-00b0aab5ab6a,5b0fa12a-3dd7-45bb-9766-cc326314d9f1,2.374919899972156,8.564185350178116e-07,3.606094399343121e-07,10.27224274742168,0.0,10.0,6.729036059007238e-06,0.0,6.503156944462615e-06,1.3232193003469853e-05,0.0,Canada,CAN,ontario,,,Windows-10-10.0.26200-SP0,3.11.9,3.2.6,8,Intel(R) Core(TM) i7-1065G7 CPU @ 1.30GHz,0,,-75.6718,45.3316,15.595848083496094,process,0.0,0,66.25,10.334930419921877,N,1.0,0.0
2026-07-30T22:53:22,codecarbon,9797841b-223d-4d8f-be0c-2399451a3b61,5b0fa12a-3dd7-45bb-9766-cc326314d9f1,0.5502766000572592,1.9406366281350217e-07,3.526656644918371e-07,10.38142655442202,0.0,10.0,1.54663848142201e-06,0.0,1.4517644446136222e-06,2.9984029260356323e-06,0.0,Canada,CAN,ontario,,,Windows-10-10.0.26200-SP0,3.11.9,3.2.6,8,Intel(R) Core(TM) i7-1065G7 CPU @ 1.30GHz,0,,-75.6718,45.3316,15.595848083496094,process,0.0,0,0.0,0.0,N,1.0,0.0
2026-07-30T22:53:28,codecarbon,31c81f7b-fa25-46e3-8d40-0cd9456bfe71,5b0fa12a-3dd7-45bb-9766-cc326314d9f1,0.6129864000249654,2.416874407095781e-07,3.942786344032018e-07,12.57110319291264,0.0,10.0,2.098551524302901e-06,0.0,1.6356680555165642e-06,3.734219579819465e-06,0.0,Canada,CAN,ontario,,,Windows-10-10.0.26200-SP0,3.11.9,3.2.6,8,Intel(R) Core(TM) i7-1065G7 CPU @ 1.30GHz,0,,-75.6718,45.3316,15.595848083496094,process,0.0,0,0.0,0.0,N,1.0,0.0
2026-07-30T22:53:33,codecarbon,c8885eb1-e8fa-4dad-bbf3-c0a17d48f08e,5b0fa12a-3dd7-45bb-9766-cc326314d9f1,0.5874773999676108,2.059111911053979e-07,3.505006169033061e-07,10.30554030174312,0.0,10.0,1.6361825793171568e-06,0.0,1.5452719442287668e-06,3.181454523545924e-06,0.0,Canada,CAN,ontario,,,Windows-10-10.0.26200-SP0,3.11.9,3.2.6,8,Intel(R) Core(TM) i7-1065G7 CPU @ 1.30GHz,0,,-75.6718,45.3316,15.595848083496094,process,0.0,0,0.0,0.0,N,1.0,0.0
2026-07-30T22:53:39,codecarbon,2068b7e5-cddb-4204-b81c-aec7b8a7a90d,5b0fa12a-3dd7-45bb-9766-cc326314d9f1,1.434415900148451,5.167003721799486e-07,3.602165676819909e-07,10.391614660810774,0.0,10.0,4.092028206565957e-06,0.0,3.891310278171053e-06,7.983338484737009e-06,0.0,Canada,CAN,ontario,,,Windows-10-10.0.26200-SP0,3.11.9,3.2.6,8,Intel(R) Core(TM) i7-1065G7 CPU @ 1.30GHz,0,,-75.6718,45.3316,15.595848083496094,process,0.0,0,65.6,10.232898712158203,N,1.0,0.0
2026-07-30T22:53:44,codecarbon,62619579-847d-47af-a58e-0ae8bc04ebcc,5b0fa12a-3dd7-45bb-9766-cc326314d9f1,0.425559900002554,1.493374533412225e-07,3.509199371001032e-07,10.526412224275914,0.0,10.0,1.203650208482996e-06,0.0,1.1037052777181896e-06,2.3073554862011854e-06,0.0,Canada,CAN,ontario,,,Windows-10-10.0.26200-SP0,3.11.9,3.2.6,8,Intel(R) Core(TM) i7-1065G7 CPU @ 1.30GHz,0,,-75.6718,45.3316,15.595848083496094,process,0.0,0,0.0,0.0,N,1.0,0.0
2026-07-30T22:53:51,codecarbon,e6c37975-3faa-474d-b223-1cbd42c11302,5b0fa12a-3dd7-45bb-9766-cc326314d9f1,1.5558205000124872,5.620713666439522e-07,3.612700608067839e-07,10.415403837656736,0.0,10.0,4.45453658224395e-06,0.0,4.229811666947272e-06,8.684348249191222e-06,0.0,Canada,CAN,ontario,,,Windows-10-10.0.26200-SP0,3.11.9,3.2.6,8,Intel(R) Core(TM) i7-1065G7 CPU @ 1.30GHz,0,,-75.6718,45.3316,15.595848083496094,process,0.0,0,65.8,10.257999420166016,N,1.0,0.0
2026-07-30T22:53:56,codecarbon,d0c05fa9-f89e-47db-a8c6-bfe9a92a809e,5b0fa12a-3dd7-45bb-9766-cc326314d9f1,0.3189031998626888,1.0745301822830685e-07,3.369455630253106e-07,9.83244968758872,0.0,10.0,8.392768748511553e-07,0.0,8.209383328600476e-07,1.6602152077112027e-06,0.0,Canada,CAN,ontario,,,Windows-10-10.0.26200-SP0,3.11.9,3.2.6,8,Intel(R) Core(TM) i7-1065G7 CPU @ 1.30GHz,0,,-75.6718,45.3316,15.595848083496094,process,0.0,0,0.0,0.0,N,1.0,0.0
2026-07-30T22:54:02,codecarbon,06f40ec3-ebf4-4a9b-afae-502912cf7162,5b0fa12a-3dd7-45bb-9766-cc326314d9f1,1.2250381000339985,4.799205657041824e-07,3.917597058335273e-07,12.249676920020809,0.0,10.0,4.112610913378933e-06,0.0,3.30245694430131e-06,7.415067857680244e-06,0.0,Canada,CAN,ontario,,,Windows-10-10.0.26200-SP0,3.11.9,3.2.6,8,Intel(R) Core(TM) i7-1065G7 CPU @ 1.30GHz,0,,-75.6718,45.3316,15.595848083496094,process,0.0,0,65.8,10.267791748046877,N,1.0,0.0
2026-07-30T22:54:08,codecarbon,c7fd2bf9-61c3-44de-b566-ee581d3c19a5,5b0fa12a-3dd7-45bb-9766-cc326314d9f1,1.4610316001344472,5.148307997203253e-07,3.523748560078711e-07,9.931244002762853,0.0,10.0,3.986403273855562e-06,0.0,3.968049166724086e-06,7.954452440579648e-06,0.0,Canada,CAN,ontario,,,Windows-10-10.0.26200-SP0,3.11.9,3.2.6,8,Intel(R) Core(TM) i7-1065G7 CPU @ 1.30GHz,0,,-75.6718,45.3316,15.595848083496094,process,0.0,0,65.9,10.27474594116211,N,1.0,0.0
2026-07-30T22:54:14,codecarbon,648dcf8e-bf9b-413b-8aa1-bb78fb4f8c5f,5b0fa12a-3dd7-45bb-9766-cc326314d9f1,1.6302537000738084,5.853425249016026e-07,3.5904995944809185e-07,10.27845610566367,0.0,10.0,4.6070966766527495e-06,0.0,4.43680527775238e-06,9.04390195440513e-06,0.0,Canada,CAN,ontario,,,Windows-10-10.0.26200-SP0,3.11.9,3.2.6,8,Intel(R) Core(TM) i7-1065G7 CPU @ 1.30GHz,0,,-75.6718,45.3316,15.595848083496094,process,38.3,0,65.9,10.27267074584961,N,1.0,0.0
2026-07-30T22:54:19,codecarbon,a70ecdfd-be55-4a0e-806c-1215f3826c52,5b0fa12a-3dd7-45bb-9766-cc326314d9f1,0.3254063001368195,1.256194223373953e-07,3.860386915821165e-07,12.438200415755851,0.0,10.0,1.0910692667727544e-06,0.0,8.498280554906362e-07,1.9408973222633906e-06,0.0,Canada,CAN,ontario,,,Windows-10-10.0.26200-SP0,3.11.9,3.2.6,8,Intel(R) Core(TM) i7-1065G7 CPU @ 1.30GHz,0,,-75.6718,45.3316,15.595848083496094,process,0.0,0,0.0,0.0,N,1.0,0.0
2026-07-30T22:54:25,codecarbon,658d9858-1de8-4534-adcd-6f6f3e0d6613,5b0fa12a-3dd7-45bb-9766-cc326314d9f1,1.2639593000058085,4.47530820214541e-07,3.5407059405511265e-07,10.061030731814784,0.0,10.0,3.488766649794155e-06,0.0,3.4258597226451256e-06,6.91462637243928e-06,0.0,Canada,CAN,ontario,,,Windows-10-10.0.26200-SP0,3.11.9,3.2.6,8,Intel(R) Core(TM) i7-1065G7 CPU @ 1.30GHz,0,,-75.6718,45.3316,15.595848083496094,process,0.0,0,66.0,10.285606384277344,N,1.0,0.0
2026-07-30T22:54:31,codecarbon,7d1f0e12-e7e8-4359-98fa-8d55dd5a58cf,5b0fa12a-3dd7-45bb-9766-cc326314d9f1,0.8167832000181079,2.8788119281475844e-07,3.5245728953335005e-07,10.270806283362464,0.0,10.0,2.276788400574686e-06,0.0,2.171153055193524e-06,4.447941455768209e-06,0.0,Canada,CAN,ontario,,,Windows-10-10.0.26200-SP0,3.11.9,3.2.6,8,Intel(R) Core(TM) i7-1065G7 CPU @ 1.30GHz,0,,-75.6718,45.3316,15.595848083496094,process,0.0,0,0.0,0.0,N,1.0,0.0
2026-07-30T22:54:36,codecarbon,62de0c67-f838-40c8-96b7-39353d3432eb,5b0fa12a-3dd7-45bb-9766-cc326314d9f1,0.5807293001562357,2.260236141361686e-07,3.892064927245115e-07,12.389426009891952,0.0,10.0,1.954541048950319e-06,0.0,1.5376627781531878e-06,3.4922038271035064e-06,0.0,Canada,CAN,ontario,,,Windows-10-10.0.26200-SP0,3.11.9,3.2.6,8,Intel(R) Core(TM) i7-1065G7 CPU @ 1.30GHz,0,,-75.6718,45.3316,15.595848083496094,process,0.0,0,0.0,0.0,N,1.0,0.0
2026-07-30T22:54:42,codecarbon,7118b1a8-b528-4d40-b327-82aa288633f5,5b0fa12a-3dd7-45bb-9766-cc326314d9f1,0.7509139999747276,2.650639289385066e-07,3.529883967370797e-07,10.28869653259514,0.0,10.0,2.0995848644505507e-06,0.0,1.9958158334096274e-06,4.095400697860178e-06,0.0,Canada,CAN,ontario,,,Windows-10-10.0.26200-SP0,3.11.9,3.2.6,8,Intel(R) Core(TM) i7-1065G7 CPU @ 1.30GHz,0,,-75.6718,45.3316,15.595848083496094,process,0.0,0,0.0,0.0,N,1.0,0.0
2026-07-30T22:54:47,codecarbon,c19bdccc-df97-424d-a105-347e91a6f65e,5b0fa12a-3dd7-45bb-9766-cc326314d9f1,0.3328251000493765,1.1668323094140417e-07,3.5058422854554405e-07,10.580749638957538,0.0,10.0,9.43804336949979e-07,0.0,8.590233331132267e-07,1.8028276700632053e-06,0.0,Canada,CAN,ontario,,,Windows-10-10.0.26200-SP0,3.11.9,3.2.6,8,Intel(R) Core(TM) i7-1065G7 CPU @ 1.30GHz,0,,-75.6718,45.3316,15.595848083496094,process,0.0,0,0.0,0.0,N,1.0,0.0
2026-07-30T22:54:52,codecarbon,3a7da587-4575-442f-b83f-32cf381cce74,5b0fa12a-3dd7-45bb-9766-cc326314d9f1,0.4228618999477476,1.6318483869368386e-07,3.85905750113331e-07,12.38558273199594,0.0,10.0,1.4153294383056746e-06,0.0,1.105976666763632e-06,2.5213061050693063e-06,0.0,Canada,CAN,ontario,,,Windows-10-10.0.26200-SP0,3.11.9,3.2.6,8,Intel(R) Core(TM) i7-1065G7 CPU @ 1.30GHz,0,,-75.6718,45.3316,15.595848083496094,process,0.0,0,0.0,0.0,N,1.0,0.0
2026-07-30T22:54:58,codecarbon,77c39502-3e7d-4259-8386-209dc7bcd2a1,5b0fa12a-3dd7-45bb-9766-cc326314d9f1,1.7325554001145065,6.198430614139117e-07,3.577623326636168e-07,10.200779103376872,0.0,10.0,4.860597570195918e-06,0.0,4.716358888739099e-06,9.576956458935015e-06,0.0,Canada,CAN,ontario,,,Windows-10-10.0.26200-SP0,3.11.9,3.2.6,8,Intel(R) Core(TM) i7-1065G7 CPU @ 1.30GHz,0,,-75.6718,45.3316,15.595848083496094,process,0.0,0,66.3,10.340038299560549,N,1.0,0.0
2026-07-30T22:55:05,codecarbon,6d913162-eed4-4fbb-9798-f2948ca0132f,5b0fa12a-3dd7-45bb-9766-cc326314d9f1,1.52351039997302,5.354991073374179e-07,3.514902867396909e-07,9.869786470891023,0.0,10.0,4.132221336148937e-06,0.0,4.141569166677073e-06,8.27379050282601e-06,0.0,Canada,CAN,ontario,,,Windows-10-10.0.26200-SP0,3.11.9,3.2.6,8,Intel(R) Core(TM) i7-1065G7 CPU @ 1.30GHz,0,,-75.6718,45.3316,15.595848083496094,process,0.0,0,66.4,10.347904205322266,N,1.0,0.0
2026-07-30T22:55:10,codecarbon,b5e0659c-637f-4683-8cb5-510a613e9016,5b0fa12a-3dd7-45bb-9766-cc326314d9f1,1.0164571998175234,4.047305711369209e-07,3.981776814700895e-07,12.648048761760592,0.0,10.0,3.5208239827664867e-06,0.0,2.7325122222666525e-06,6.253336205033139e-06,0.0,Canada,CAN,ontario,,,Windows-10-10.0.26200-SP0,3.11.9,3.2.6,8,Intel(R) Core(TM) i7-1065G7 CPU @ 1.30GHz,0,,-75.6718,45.3316,15.595848083496094,process,0.0,0,0.0,0.0,N,1.0,0.0
2026-07-30T22:55:16,codecarbon,0ca2e7aa-77d6-43fe-840f-3b14e59ba9be,5b0fa12a-3dd7-45bb-9766-cc326314d9f1,0.4570843998808414,1.5058043137256338e-07,3.294368204467679e-07,9.171377346495536,0.0,10.0,1.1306310946570487e-06,0.0,1.1959291664728271e-06,2.326560261129876e-06,0.0,Canada,CAN,ontario,,,Windows-10-10.0.26200-SP0,3.11.9,3.2.6,8,Intel(R) Core(TM) i7-1065G7 CPU @ 1.30GHz,0,,-75.6718,45.3316,15.595848083496094,process,0.0,0,0.0,0.0,N,1.0,0.0
2026-07-30T22:55:22,codecarbon,8d96ccee-9a62-4ad0-97b1-54e31b26a939,5b0fa12a-3dd7-45bb-9766-cc326314d9f1,1.594513599993661,5.741223119260105e-07,3.600610944480454e-07,10.33958226510273,0.0,10.0,4.5334110976462925e-06,0.0,4.337131666640441e-06,8.870542764286733e-06,0.0,Canada,CAN,ontario,,,Windows-10-10.0.26200-SP0,3.11.9,3.2.6,8,Intel(R) Core(TM) i7-1065G7 CPU @ 1.30GHz,0,,-75.6718,45.3316,15.595848083496094,process,0.0,0,66.3,10.341655731201172,N,1.0,0.0
2026-07-30T22:55:28,codecarbon,e8db979c-a3df-416c-b153-19cb3362f691,5b0fa12a-3dd7-45bb-9766-cc326314d9f1,1.354279599850997,5.384527916048458e-07,3.975935188450659e-07,12.535566136389692,0.0,10.0,4.659250908147041e-06,0.0,3.6601758329197767e-06,8.319426741066818e-06,0.0,Canada,CAN,ontario,,,Windows-10-10.0.26200-SP0,3.11.9,3.2.6,8,Intel(R) Core(TM) i7-1065G7 CPU @ 1.30GHz,0,,-75.6718,45.3316,15.595848083496094,process,0.0,0,66.4,10.349735260009766,N,1.0,0.0
2026-07-30T22:55:34,codecarbon,b0a66089-3df6-408b-b1d1-e7c0c029327e,5b0fa12a-3dd7-45bb-9766-cc326314d9f1,1.1401577999349684,4.221814433477576e-07,3.702833444386713e-07,11.051893239967953,0.0,10.0,3.4482081895717403e-06,0.0,3.0747547221835703e-06,6.52296291175531e-06,0.0,Canada,CAN,ontario,,,Windows-10-10.0.26200-SP0,3.11.9,3.2.6,8,Intel(R) Core(TM) i7-1065G7 CPU @ 1.30GHz,0,,-75.6718,45.3316,15.595848083496094,process,38.9,0,66.3,10.346080780029297,N,1.0,0.0
2026-07-30T22:55:40,codecarbon,9b2ff36c-e011-4a41-b5dc-1e181cc159d7,5b0fa12a-3dd7-45bb-9766-cc326314d9f1,1.1328013001475483,4.119305869418685e-07,3.636388719612294e-07,10.65278790579984,0.0,10.0,3.306787821012493e-06,0.0,3.057793055712763e-06,6.364580876725256e-06,0.0,Canada,CAN,ontario,,,Windows-10-10.0.26200-SP0,3.11.9,3.2.6,8,Intel(R) Core(TM) i7-1065G7 CPU @ 1.30GHz,0,,-75.6718,45.3316,15.595848083496094,process,0.0,0,66.3,10.34588623046875,N,1.0,0.0
2026-07-30T22:55:45,codecarbon,cb4f1704-3e62-4e0f-832a-a7b56bcd3f2f,5b0fa12a-3dd7-45bb-9766-cc326314d9f1,0.5438329998869449,2.1373101187335294e-07,3.930085373961945e-07,12.526900291769694,0.0,10.0,1.85382639656154e-06,0.0,1.448449166491628e-06,3.3022755630531675e-06,0.0,Canada,CAN,ontario,,,Windows-10-10.0.26200-SP0,3.11.9,3.2.6,8,Intel(R) Core(TM) i7-1065G7 CPU @ 1.30GHz,0,,-75.6718,45.3316,15.595848083496094,process,0.0,0,0.0,0.0,N,1.0,0.0
2026-07-30T22:55:51,codecarbon,e2d451e7-2e75-4fa2-9f88-c69ab71147c0,5b0fa12a-3dd7-45bb-9766-cc326314d9f1,0.4326766000594944,1.508828687035658e-07,3.487197335904436e-07,10.191548857716354,0.0,10.0,1.1923933812865091e-06,0.0,1.13883972258514e-06,2.331233103871649e-06,0.0,Canada,CAN,ontario,,,Windows-10-10.0.26200-SP0,3.11.9,3.2.6,8,Intel(R) Core(TM) i7-1065G7 CPU @ 1.30GHz,0,,-75.6718,45.3316,15.595848083496094,process,0.0,0,0.0,0.0,N,1.0,0.0
2026-07-30T22:55:56,codecarbon,52779237-eeca-45e1-8e84-3824a138d3f7,5b0fa12a-3dd7-45bb-9766-cc326314d9f1,1.0197757999412715,3.600793354154952e-07,3.530965683204406e-07,10.142965628817649,0.0,10.0,2.825395767003969e-06,0.0,2.738051388749025e-06,5.563447155752994e-06,0.0,Canada,CAN,ontario,,,Windows-10-10.0.26200-SP0,3.11.9,3.2.6,8,Intel(R) Core(TM) i7-1065G7 CPU @ 1.30GHz,0,,-75.6718,45.3316,15.595848083496094,process,0.0,0,0.0,0.0,N,1.0,0.0
2026-07-30T22:56:02,codecarbon,f1fd15f6-ec63-4013-8411-71ccaf016722,5b0fa12a-3dd7-45bb-9766-cc326314d9f1,1.207731100032106,4.846167849585941e-07,4.012621559101286e-07,12.701739171895673,0.0,10.0,4.210995944297204e-06,0.0,3.276631388709777e-06,7.487627333006981e-06,0.0,Canada,CAN,ontario,,,Windows-10-10.0.26200-SP0,3.11.9,3.2.6,8,Intel(R) Core(TM) i7-1065G7 CPU @ 1.30GHz,0,,-75.6718,45.3316,15.595848083496094,process,0.0,0,66.4,10.350513458251951,N,1.0,0.0
2026-07-30T22:56:07,codecarbon,058220f9-2db0-4e31-949f-b3aa057c006f,5b0fa12a-3dd7-45bb-9766-cc326314d9f1,0.4638857000973075,1.645107298739052e-07,3.546363464952604e-07,10.581438780310071,0.0,10.0,1.3246641614979308e-06,0.0,1.2171277776360513e-06,2.541791939133982e-06,0.0,Canada,CAN,ontario,,,Windows-10-10.0.26200-SP0,3.11.9,3.2.6,8,Intel(R) Core(TM) i7-1065G7 CPU @ 1.30GHz,0,,-75.6718,45.3316,15.595848083496094,process,0.0,0,0.0,0.0,N,1.0,0.0
2026-07-30T22:56:13,codecarbon,33be2e58-df0a-4a86-95d3-1d1f98842f88,5b0fa12a-3dd7-45bb-9766-cc326314d9f1,1.1806929998565463,4.286326660986913e-07,3.630348161213541e-07,10.603779033149744,0.0,10.0,3.4311260480351566e-06,0.0,3.191512222272448e-06,6.622638270307604e-06,0.0,Canada,CAN,ontario,,,Windows-10-10.0.26200-SP0,3.11.9,3.2.6,8,Intel(R) Core(TM) i7-1065G7 CPU @ 1.30GHz,0,,-75.6718,45.3316,15.595848083496094,process,0.0,0,66.4,10.348983764648438,N,1.0,0.0
2026-07-30T22:56:19,codecarbon,1cb29f10-59bf-4355-a0d5-39b9c8cb524b,5b0fa12a-3dd7-45bb-9766-cc326314d9f1,0.8175419000908732,3.249721209877844e-07,3.974990406628239e-07,12.695323724754893,0.0,10.0,2.8318721597335685e-06,0.0,2.189146944632133e-06,5.021019104365701e-06,0.0,Canada,CAN,ontario,,,Windows-10-10.0.26200-SP0,3.11.9,3.2.6,8,Intel(R) Core(TM) i7-1065G7 CPU @ 1.30GHz,0,,-75.6718,45.3316,15.595848083496094,process,0.0,0,0.0,0.0,N,1.0,0.0
2026-07-30T22:56:24,codecarbon,07659d8e-d4ac-4a8d-871a-2c8c94a71212,5b0fa12a-3dd7-45bb-9766-cc326314d9f1,0.4622413001488894,1.62994980642647e-07,3.52618817466431e-07,10.464213433941923,0.0,10.0,1.3063774031014777e-06,0.0,1.211995278329899e-06,2.5183726814313767e-06,0.0,Canada,CAN,ontario,,,Windows-10-10.0.26200-SP0,3.11.9,3.2.6,8,Intel(R) Core(TM) i7-1065G7 CPU @ 1.30GHz,0,,-75.6718,45.3316,15.595848083496094,process,0.0,0,0.0,0.0,N,1.0,0.0
2026-07-30T22:56:30,codecarbon,d00298b0-797b-48dc-bfc8-7f29b70ee547,5b0fa12a-3dd7-45bb-9766-cc326314d9f1,0.6215395000763237,2.213776771105507e-07,3.561763606067932e-07,10.54252803136583,0.0,10.0,1.776809853945241e-06,0.0,1.6436113891864404e-06,3.420421243131681e-06,0.0,Canada,CAN,ontario,,,Windows-10-10.0.26200-SP0,3.11.9,3.2.6,8,Intel(R) Core(TM) i7-1065G7 CPU @ 1.30GHz,0,,-75.6718,45.3316,15.595848083496094,process,0.0,0,0.0,0.0,N,1.0,0.0
2026-07-30T22:56:35,codecarbon,156a426d-ad00-4918-93e7-7cc19ddc68cc,5b0fa12a-3dd7-45bb-9766-cc326314d9f1,0.632262900006026,2.4030982541928625e-07,3.80078959902591e-07,11.90049670094588,0.0,10.0,2.039865131496824e-06,0.0,1.67306944495067e-06,3.712934576447493e-06,0.0,Canada,CAN,ontario,,,Windows-10-10.0.26200-SP0,3.11.9,3.2.6,8,Intel(R) Core(TM) i7-1065G7 CPU @ 1.30GHz,0,,-75.6718,45.3316,15.595848083496094,process,0.0,0,0.0,0.0,N,1.0,0.0
2026-07-30T22:56:40,codecarbon,1ab30c68-986c-4b57-af6b-de7fc1d049b2,5b0fa12a-3dd7-45bb-9766-cc326314d9f1,0.4233636001590639,1.4844585562398673e-07,3.506344323607732e-07,10.380293938452407,0.0,10.0,1.1854725308262203e-06,0.0,1.108107222373494e-06,2.2935797531997144e-06,0.0,Canada,CAN,ontario,,,Windows-10-10.0.26200-SP0,3.11.9,3.2.6,8,Intel(R) Core(TM) i7-1065G7 CPU @ 1.30GHz,0,,-75.6718,45.3316,15.595848083496094,process,0.0,0,0.0,0.0,N,1.0,0.0
2026-07-30T22:56:47,codecarbon,50326552-f00b-479f-a310-c8a9d7dc4eb3,5b0fa12a-3dd7-45bb-9766-cc326314d9f1,1.7894984998274597,6.354125062793223e-07,3.5507853532181657e-07,10.02084545180833,0.0,10.0,4.938505901180533e-06,0.0,4.879008055043717e-06,9.81751395622425e-06,0.0,Canada,CAN,ontario,,,Windows-10-10.0.26200-SP0,3.11.9,3.2.6,8,Intel(R) Core(TM) i7-1065G7 CPU @ 1.30GHz,0,,-75.6718,45.3316,15.595848083496094,process,0.0,0,66.4,10.360416412353516,N,1.0,0.0
2026-07-30T22:56:52,codecarbon,3079a397-5251-4efe-beb4-4784487c1139,5b0fa12a-3dd7-45bb-9766-cc326314d9f1,0.6991382997948676,2.744563790601934e-07,3.925637876522012e-07,12.451339322089854,0.0,10.0,2.3738014948026266e-06,0.0,1.8667183331369112e-06,4.240519827939538e-06,0.0,Canada,CAN,ontario,,,Windows-10-10.0.26200-SP0,3.11.9,3.2.6,8,Intel(R) Core(TM) i7-1065G7 CPU @ 1.30GHz,0,,-75.6718,45.3316,15.595848083496094,process,0.0,0,0.0,0.0,N,1.0,0.0
2026-07-30T22:56:59,codecarbon,80d23359-8e78-4ce7-9f0c-ef2272b2f8f7,5b0fa12a-3dd7-45bb-9766-cc326314d9f1,1.824656000128016,6.523164739810847e-07,3.57501070851338e-07,10.162958472972855,0.0,10.0,5.104348151570336e-06,0.0,4.974342500402903e-06,1.0078690651973238e-05,0.0,Canada,CAN,ontario,,,Windows-10-10.0.26200-SP0,3.11.9,3.2.6,8,Intel(R) Core(TM) i7-1065G7 CPU @ 1.30GHz,0,,-75.6718,45.3316,15.595848083496094,process,0.0,0,66.4,10.353771209716797,N,1.0,0.0
2026-07-30T22:57:04,codecarbon,5e49332f-7e89-45fc-ad1f-f1348dadc39c,5b0fa12a-3dd7-45bb-9766-cc326314d9f1,0.3015670999884605,1.0138098759297025e-07,3.3618053029275936e-07,9.91610893819258,0.0,10.0,7.982930448076926e-07,0.0,7.681055557137976e-07,1.5663986005214902e-06,0.0,Canada,CAN,ontario,,,Windows-10-10.0.26200-SP0,3.11.9,3.2.6,8,Intel(R) Core(TM) i7-1065G7 CPU @ 1.30GHz,0,,-75.6718,45.3316,15.595848083496094,process,0.0,0,0.0,0.0,N,1.0,0.0
2026-07-30T22:57:09,codecarbon,79c813e4-c350-48ad-81eb-3b343cd73e09,5b0fa12a-3dd7-45bb-9766-cc326314d9f1,0.4916135999374091,1.8285792697042826e-07,3.719545736605114e-07,11.456138123651137,0.0,10.0,1.526327694625408e-06,0.0,1.2989397218916567e-06,2.8252674165170647e-06,0.0,Canada,CAN,ontario,,,Windows-10-10.0.26200-SP0,3.11.9,3.2.6,8,Intel(R) Core(TM) i7-1065G7 CPU @ 1.30GHz,0,,-75.6718,45.3316,15.595848083496094,process,0.0,0,0.0,0.0,N,1.0,0.0
2026-07-30T22:57:15,codecarbon,faf5f511-6c11-4381-aa8d-7ac2beefad35,5b0fa12a-3dd7-45bb-9766-cc326314d9f1,1.0289038000628352,3.697515572440674e-07,3.593645559686791e-07,10.514812984771202,0.0,10.0,2.9515439304011763e-06,0.0,2.761345000342569e-06,5.712888930743746e-06,0.0,Canada,CAN,ontario,,,Windows-10-10.0.26200-SP0,3.11.9,3.2.6,8,Intel(R) Core(TM) i7-1065G7 CPU @ 1.30GHz,0,,-75.6718,45.3316,15.595848083496094,process,0.0,0,0.0,0.0,N,1.0,0.0
2026-07-30T22:57:20,codecarbon,202f48af-acf6-4ad3-b6be-b8d71be31ffa,5b0fa12a-3dd7-45bb-9766-cc326314d9f1,0.8762437000405043,3.001911067728307e-07,3.425886049268649e-07,9.5423042042117,0.0,10.0,2.2860002515540167e-06,0.0,2.3521369446017264e-06,4.638137196155743e-06,0.0,Canada,CAN,ontario,,,Windows-10-10.0.26200-SP0,3.11.9,3.2.6,8,Intel(R) Core(TM) i7-1065G7 CPU @ 1.30GHz,0,,-75.6718,45.3316,15.595848083496094,process,0.0,0,0.0,0.0,N,1.0,0.0
2026-07-30T22:57:27,codecarbon,8c789cc4-93ef-475a-acf9-3a5a308b8e13,5b0fa12a-3dd7-45bb-9766-cc326314d9f1,1.3092140001244843,5.199441642181902e-07,3.971422274500213e-07,12.489539937609166,0.0,10.0,4.485975955285522e-06,0.0,3.5474811111473373e-06,8.03345706643286e-06,0.0,Canada,CAN,ontario,,,Windows-10-10.0.26200-SP0,3.11.9,3.2.6,8,Intel(R) Core(TM) i7-1065G7 CPU @ 1.30GHz,0,,-75.6718,45.3316,15.595848083496094,process,0.0,0,66.4,10.355003356933594,N,1.0,0.0
2026-07-30T22:57:32,codecarbon,ccd46ec4-a381-4218-8f99-1f6798d929ec,5b0fa12a-3dd7-45bb-9766-cc326314d9f1,0.5528651000931859,2.018151915254097e-07,3.650351441814532e-07,11.0655585672364,0.0,10.0,1.657690755499699e-06,0.0,1.4604780557824091e-06,3.118168811282108e-06,0.0,Canada,CAN,ontario,,,Windows-10-10.0.26200-SP0,3.11.9,3.2.6,8,Intel(R) Core(TM) i7-1065G7 CPU @ 1.30GHz,0,,-75.6718,45.3316,15.595848083496094,process,0.0,0,0.0,0.0,N,1.0,0.0
2026-07-30T22:57:37,codecarbon,9cce86d1-cf42-4898-95d7-d061c6c7f3ac,5b0fa12a-3dd7-45bb-9766-cc326314d9f1,0.6129030999727547,2.144367748936365e-07,3.4987059928913533e-07,10.13235188014516,0.0,10.0,1.686726424953412e-06,0.0,1.6264536107579868e-06,3.313180035711399e-06,0.0,Canada,CAN,ontario,,,Windows-10-10.0.26200-SP0,3.11.9,3.2.6,8,Intel(R) Core(TM) i7-1065G7 CPU @ 1.30GHz,0,,-75.6718,45.3316,15.595848083496094,process,0.0,0,0.0,0.0,N,1.0,0.0
2026-07-30T22:57:43,codecarbon,04d64c0d-6981-480a-8b44-2a22071dbe3b,5b0fa12a-3dd7-45bb-9766-cc326314d9f1,1.208371799904853,4.5361671457384433e-07,3.753949857234024e-07,11.30249859424494,0.0,10.0,3.742511904740035e-06,0.0,3.266145277949464e-06,7.0086571826895e-06,0.0,Canada,CAN,ontario,,,Windows-10-10.0.26200-SP0,3.11.9,3.2.6,8,Intel(R) Core(TM) i7-1065G7 CPU @ 1.30GHz,0,,-75.6718,45.3316,15.595848083496094,process,0.0,0,66.9,10.437213897705078,N,1.0,0.0
2026-07-30T22:57:50,codecarbon,a219e56a-9349-4fb5-94f6-2693d6d4d9ea,5b0fa12a-3dd7-45bb-9766-cc326314d9f1,2.413352199830115,8.774222512278847e-07,3.635699137861642e-07,10.422046627992277,0.0,10.0,6.9426813906688325e-06,0.0,6.614031944061733e-06,1.3556713334730566e-05,0.0,Canada,CAN,ontario,,,Windows-10-10.0.26200-SP0,3.11.9,3.2.6,8,Intel(R) Core(TM) i7-1065G7 CPU @ 1.30GHz,0,,-75.6718,45.3316,15.595848083496094,process,19.2,0,67.1,10.462156295776367,N,1.0,0.0
2026-07-30T22:57:56,codecarbon,9ae03ce7-f570-44bf-8203-1ec051e3906a,5b0fa12a-3dd7-45bb-9766-cc326314d9f1,0.4834175000432879,1.580483963825251e-07,3.269397495299044e-07,9.066961815163252,0.0,10.0,1.18012880110575e-06,0.0,1.2618161117037135e-06,2.441944912809464e-06,0.0,Canada,CAN,ontario,,,Windows-10-10.0.26200-SP0,3.11.9,3.2.6,8,Intel(R) Core(TM) i7-1065G7 CPU @ 1.30GHz,0,,-75.6718,45.3316,15.595848083496094,process,0.0,0,0.0,0.0,N,1.0,0.0
2026-07-30T22:58:01,codecarbon,3ab77ed5-7b04-45b6-9d3a-3f9c0e70d7bd,5b0fa12a-3dd7-45bb-9766-cc326314d9f1,0.9091203999705612,3.565286372359396e-07,3.9216877901704163e-07,12.396369324386324,0.0,10.0,3.0747386303684696e-06,0.0,2.4338480550795794e-06,5.508586685448049e-06,0.0,Canada,CAN,ontario,,,Windows-10-10.0.26200-SP0,3.11.9,3.2.6,8,Intel(R) Core(TM) i7-1065G7 CPU @ 1.30GHz,0,,-75.6718,45.3316,15.595848083496094,process,0.0,0,0.0,0.0,N,1.0,0.0
2026-07-30T22:58:09,codecarbon,f3214ed5-7766-4785-94db-9f4f47f7ed6c,5b0fa12a-3dd7-45bb-9766-cc326314d9f1,3.3141635998617858,1.0403666824453626e-06,3.139153065614353e-07,7.595074600234298,0.0,10.0,6.957864719093169e-06,0.0,9.116440277365554e-06,1.607430499645872e-05,0.0,Canada,CAN,ontario,,,Windows-10-10.0.26200-SP0,3.11.9,3.2.6,8,Intel(R) Core(TM) i7-1065G7 CPU @ 1.30GHz,0,,-75.6718,45.3316,15.595848083496094,process,0.0,0,67.83333333333333,10.581550598144531,N,1.0,0.0
2026-07-30T22:58:16,codecarbon,a1d31caf-7f7d-4be3-9991-3ffbda83b01e,5b0fa12a-3dd7-45bb-9766-cc326314d9f1,1.6020645000971854,5.63006050607884e-07,3.514253331084551e-07,9.838941477784427,0.0,10.0,4.335470802133629e-06,0.0,4.363318889065542e-06,8.698789691199172e-06,0.0,Canada,CAN,ontario,,,Windows-10-10.0.26200-SP0,3.11.9,3.2.6,8,Intel(R) Core(TM) i7-1065G7 CPU @ 1.30GHz,0,,-75.6718,45.3316,15.595848083496094,process,0.0,0,66.6,10.384746551513672,N,1.0,0.0
2026-07-30T22:58:21,codecarbon,0ee94eed-4d27-49c7-8fd1-4ed8b7a13624,5b0fa12a-3dd7-45bb-9766-cc326314d9f1,0.8347692000679672,3.2257935109254496e-07,3.864293879868597e-07,12.095788559946072,0.0,10.0,2.750711004716521e-06,0.0,2.233338333381754e-06,4.984049338098275e-06,0.0,Canada,CAN,ontario,,,Windows-10-10.0.26200-SP0,3.11.9,3.2.6,8,Intel(R) Core(TM) i7-1065G7 CPU @ 1.30GHz,0,,-75.6718,45.3316,15.595848083496094,process,0.0,0,0.0,0.0,N,1.0,0.0
2026-07-30T22:58:27,codecarbon,ba0f4f1d-bbd3-412a-9bab-dfab997921f1,5b0fa12a-3dd7-45bb-9766-cc326314d9f1,0.507105499971658,1.8181564917173706e-07,3.5853614126034655e-07,10.61871932437836,0.0,10.0,1.46249969479686e-06,0.0,1.346663888802545e-06,2.809163583599405e-06,0.0,Canada,CAN,ontario,,,Windows-10-10.0.26200-SP0,3.11.9,3.2.6,8,Intel(R) Core(TM) i7-1065G7 CPU @ 1.30GHz,0,,-75.6718,45.3316,15.595848083496094,process,0.0,0,0.0,0.0,N,1.0,0.0
2026-07-30T22:58:33,codecarbon,d53a6655-0154-4aeb-8a80-48c63b860a93,5b0fa12a-3dd7-45bb-9766-cc326314d9f1,1.6243444001302123,5.696552077824701e-07,3.5069853889163217e-07,9.816822002122064,0.0,10.0,4.383269924953167e-06,0.0,4.418253333359543e-06,8.801523258312709e-06,0.0,Canada,CAN,ontario,,,Windows-10-10.0.26200-SP0,3.11.9,3.2.6,8,Intel(R) Core(TM) i7-1065G7 CPU @ 1.30GHz,0,,-75.6718,45.3316,15.595848083496094,process,42.1,0,66.8,10.413753509521484,N,1.0,0.0
2026-07-30T22:58:38,codecarbon,35ee1802-d63b-4100-be25-768cdd5de07d,5b0fa12a-3dd7-45bb-9766-cc326314d9f1,0.3437685000244528,1.2117951148804898e-07,3.525032441292011e-07,10.59103792646432,0.0,10.0,9.791785249051548e-07,0.0,8.931194445014829e-07,1.8722979694066376e-06,0.0,Canada,CAN,ontario,,,Windows-10-10.0.26200-SP0,3.11.9,3.2.6,8,Intel(R) Core(TM) i7-1065G7 CPU @ 1.30GHz,0,,-75.6718,45.3316,15.595848083496094,process,0.0,0,0.0,0.0,N,1.0,0.0
2026-07-30T22:58:44,codecarbon,37412b4a-efc4-478b-9ff1-c540a90d15e8,5b0fa12a-3dd7-45bb-9766-cc326314d9f1,0.948674299987033,3.3528250331674844e-07,3.534221421633656e-07,10.123211357719187,0.0,10.0,2.626540017993615e-06,0.0,2.5537808335179253e-06,5.180320851511541e-06,0.0,Canada,CAN,ontario,,,Windows-10-10.0.26200-SP0,3.11.9,3.2.6,8,Intel(R) Core(TM) i7-1065G7 CPU @ 1.30GHz,0,,-75.6718,45.3316,15.595848083496094,process,0.0,0,0.0,0.0,N,1.0,0.0
2026-07-30T22:58:50,codecarbon,6953f0bb-cc5c-4d5b-9f52-c73d70529816,5b0fa12a-3dd7-45bb-9766-cc326314d9f1,1.0343245000112802,3.657255967578698e-07,3.53588836727624e-07,10.15754731887089,0.0,10.0,2.871185087912805e-06,0.0,2.779500277635331e-06,5.650685365548136e-06,0.0,Canada,CAN,ontario,,,Windows-10-10.0.26200-SP0,3.11.9,3.2.6,8,Intel(R) Core(TM) i7-1065G7 CPU @ 1.30GHz,0,,-75.6718,45.3316,15.595848083496094,process,0.0,0,0.0,0.0,N,1.0,0.0
2026-07-30T22:58:55,codecarbon,0b91b71c-78c5-4157-a7ab-025abb5caf46,5b0fa12a-3dd7-45bb-9766-cc326314d9f1,0.4900035001337528,1.907623079315524e-07,3.893080516353074e-07,12.469364760551748,0.0,10.0,1.6506505184704978e-06,0.0,1.2967444445368729e-06,2.9473949630073704e-06,0.0,Canada,CAN,ontario,,,Windows-10-10.0.26200-SP0,3.11.9,3.2.6,8,Intel(R) Core(TM) i7-1065G7 CPU @ 1.30GHz,0,,-75.6718,45.3316,15.595848083496094,process,0.0,0,0.0,0.0,N,1.0,0.0
2026-07-30T22:59:00,codecarbon,ca08ef50-250a-4af8-ae6f-1ca41b6ddb08,5b0fa12a-3dd7-45bb-9766-cc326314d9f1,0.6343380000907928,2.211959720397172e-07,3.487036438114341e-07,10.15033867503717,0.0,10.0,1.7438876766079e-06,0.0,1.6737261114435066e-06,3.4176137880514066e-06,0.0,Canada,CAN,ontario,,,Windows-10-10.0.26200-SP0,3.11.9,3.2.6,8,Intel(R) Core(TM) i7-1065G7 CPU @ 1.30GHz,0,,-75.6718,45.3316,15.595848083496094,process,0.0,0,0.0,0.0,N,1.0,0.0
2026-07-30T22:59:06,codecarbon,0c9a48f0-ee3d-4e1d-8516-6bcd114549d7,5b0fa12a-3dd7-45bb-9766-cc326314d9f1,0.6835558998864144,2.379618157697309e-07,3.481234172790734e-07,10.04472626272368,0.0,10.0,1.8644061057743216e-06,0.0,1.81225027772598e-06,3.6766563835003006e-06,0.0,Canada,CAN,ontario,,,Windows-10-10.0.26200-SP0,3.11.9,3.2.6,8,Intel(R) Core(TM) i7-1065G7 CPU @ 1.30GHz,0,,-75.6718,45.3316,15.595848083496094,process,0.0,0,0.0,0.0,N,1.0,0.0
2026-07-30T22:59:11,codecarbon,88262a18-5809-448d-8bce-a2a9b02b95b7,5b0fa12a-3dd7-45bb-9766-cc326314d9f1,0.5940097998827696,2.354984526051489e-07,3.964555006527258e-07,12.86379463371339,0.0,10.0,2.07032590785511e-06,0.0,1.5682699999565052e-06,3.638595907811615e-06,0.0,Canada,CAN,ontario,,,Windows-10-10.0.26200-SP0,3.11.9,3.2.6,8,Intel(R) Core(TM) i7-1065G7 CPU @ 1.30GHz,0,,-75.6718,45.3316,15.595848083496094,process,0.0,0,0.0,0.0,N,1.0,0.0
2026-07-30T22:59:17,codecarbon,e783ed32-74da-40c9-8971-cd455794f0cd,5b0fa12a-3dd7-45bb-9766-cc326314d9f1,0.9289316998329014,3.3602266487919933e-07,3.617302164837781e-07,10.648906688202851,0.0,10.0,2.7001781917193493e-06,0.0,2.491578611079604e-06,5.191756802798953e-06,0.0,Canada,CAN,ontario,,,Windows-10-10.0.26200-SP0,3.11.9,3.2.6,8,Intel(R) Core(TM) i7-1065G7 CPU @ 1.30GHz,0,,-75.6718,45.3316,15.595848083496094,process,0.0,0,0.0,0.0,N,1.0,0.0
2026-07-30T22:59:22,codecarbon,973b0c24-d39d-4d2d-abd2-1935d726b6a2,5b0fa12a-3dd7-45bb-9766-cc326314d9f1,0.5003752000629902,1.7167409428471525e-07,3.430907332399845e-07,9.981442640409918,0.0,10.0,1.3480858797446895e-06,0.0,1.3043844445039417e-06,2.6524703242486312e-06,0.0,Canada,CAN,ontario,,,Windows-10-10.0.26200-SP0,3.11.9,3.2.6,8,Intel(R) Core(TM) i7-1065G7 CPU @ 1.30GHz,0,,-75.6718,45.3316,15.595848083496094,process,0.0,0,0.0,0.0,N,1.0,0.0
2026-07-30T22:59:28,codecarbon,5c5b33fd-4a24-4066-9873-26471817df75,5b0fa12a-3dd7-45bb-9766-cc326314d9f1,1.2242977998685092,4.725730316537688e-07,3.859951653139649e-07,11.908428829336426,0.0,10.0,3.997537827583091e-06,0.0,3.3040061107991883e-06,7.30154393838228e-06,0.0,Canada,CAN,ontario,,,Windows-10-10.0.26200-SP0,3.11.9,3.2.6,8,Intel(R) Core(TM) i7-1065G7 CPU @ 1.30GHz,0,,-75.6718,45.3316,15.595848083496094,process,40.1,0,66.9,10.434345245361328,N,1.0,0.0
2026-07-30T22:59:34,codecarbon,ac41cfac-3cfb-40d4-9bb4-eae1a711fb0a,5b0fa12a-3dd7-45bb-9766-cc326314d9f1,0.7057560998946428,2.4292040798552824e-07,3.441988075225876e-07,9.800326515289806,0.0,10.0,1.8790699600194487e-06,0.0,1.8741997224020048e-06,3.753269682421454e-06,0.0,Canada,CAN,ontario,,,Windows-10-10.0.26200-SP0,3.11.9,3.2.6,8,Intel(R) Core(TM) i7-1065G7 CPU @ 1.30GHz,0,,-75.6718,45.3316,15.595848083496094,process,0.0,0,0.0,0.0,N,1.0,0.0
2026-07-30T22:59:39,codecarbon,b464eeb2-e68e-42d8-acbf-f466401c1a54,5b0fa12a-3dd7-45bb-9766-cc326314d9f1,1.1236167000606656,3.912491137723585e-07,3.4820514304498537e-07,9.805211864456767,0.0,10.0,3.0163568982672145e-06,0.0,3.0286825003309383e-06,6.045039398598152e-06,0.0,Canada,CAN,ontario,,,Windows-10-10.0.26200-SP0,3.11.9,3.2.6,8,Intel(R) Core(TM) i7-1065G7 CPU @ 1.30GHz,0,,-75.6718,45.3316,15.595848083496094,process,0.0,0,67.2,10.487068176269531,N,1.0,0.0
2026-07-30T22:59:45,codecarbon,f896079e-ca12-494c-af9d-8761015d266b,5b0fa12a-3dd7-45bb-9766-cc326314d9f1,0.7498717000707984,2.886297205705588e-07,3.84905471887135e-07,12.02560059072244,0.0,10.0,2.457389725246619e-06,0.0,2.002116944640875e-06,4.459506669887494e-06,0.0,Canada,CAN,ontario,,,Windows-10-10.0.26200-SP0,3.11.9,3.2.6,8,Intel(R) Core(TM) i7-1065G7 CPU @ 1.30GHz,0,,-75.6718,45.3316,15.595848083496094,process,0.0,0,0.0,0.0,N,1.0,0.0
2026-07-30T22:59:52,codecarbon,55140e65-999c-460b-919d-56b1aaa18bf6,5b0fa12a-3dd7-45bb-9766-cc326314d9f1,2.0008814001921564,7.14374612708828e-07,3.570299632153222e-07,10.10312632719184,0.0,10.0,5.5703065011766085e-06,0.0,5.467220555551144e-06,1.1037527056727753e-05,0.0,Canada,CAN,ontario,,,Windows-10-10.0.26200-SP0,3.11.9,3.2.6,8,Intel(R) Core(TM) i7-1065G7 CPU @ 1.30GHz,0,,-75.6718,45.3316,15.595848083496094,process,0.0,0,67.2,10.48249053955078,N,1.0,0.0
2026-07-30T22:59:57,codecarbon,267c213c-19fe-487a-9748-4be8057735b1,5b0fa12a-3dd7-45bb-9766-cc326314d9f1,0.489718500059098,1.6758424961361997e-07,3.422052660730529e-07,9.93378494704143,0.0,10.0,1.3150374867511977e-06,0.0,1.2742422223608528e-06,2.5892797091120505e-06,0.0,Canada,CAN,ontario,,,Windows-10-10.0.26200-SP0,3.11.9,3.2.6,8,Intel(R) Core(TM) i7-1065G7 CPU @ 1.30GHz,0,,-75.6718,45.3316,15.595848083496094,process,0.0,0,0.0,0.0,N,1.0,0.0
2026-07-30T23:00:03,codecarbon,c61f6a63-6e96-4957-80b8-9ad8a6229362,5b0fa12a-3dd7-45bb-9766-cc326314d9f1,0.7966640000231564,3.075003462164644e-07,3.859849901684102e-07,12.08020904374935,0.0,10.0,2.6224630516522588e-06,0.0,2.128606388578192e-06,4.751069440230451e-06,0.0,Canada,CAN,ontario,,,Windows-10-10.0.26200-SP0,3.11.9,3.2.6,8,Intel(R) Core(TM) i7-1065G7 CPU @ 1.30GHz,0,,-75.6718,45.3316,15.595848083496094,process,0.0,0,0.0,0.0,N,1.0,0.0
2026-07-30T23:00:08,codecarbon,95e93389-3f74-498e-b546-6db050b89574,5b0fa12a-3dd7-45bb-9766-cc326314d9f1,0.5149660999886692,1.809928153161937e-07,3.5146549514652725e-07,10.34933717855447,0.0,10.0,1.4409833500959432e-06,0.0,1.3554669444500986e-06,2.796450294546042e-06,0.0,Canada,CAN,ontario,,,Windows-10-10.0.26200-SP0,3.11.9,3.2.6,8,Intel(R) Core(TM) i7-1065G7 CPU @ 1.30GHz,0,,-75.6718,45.3316,15.595848083496094,process,0.0,0,0.0,0.0,N,1.0,0.0
2026-07-30T23:00:14,codecarbon,7fa6acf5-5ef4-4548-90d3-ccc02c59d79e,5b0fa12a-3dd7-45bb-9766-cc326314d9f1,1.0528362998738885,3.781788379080619e-07,3.592000370364901e-07,10.426473838652964,0.0,10.0,3.006023655006752e-06,0.0,2.8370719441833595e-06,5.8430955991901104e-06,0.0,Canada,CAN,ontario,,,Windows-10-10.0.26200-SP0,3.11.9,3.2.6,8,Intel(R) Core(TM) i7-1065G7 CPU @ 1.30GHz,0,,-75.6718,45.3316,15.595848083496094,process,0.0,0,0.0,0.0,N,1.0,0.0
2026-07-30T23:00:20,codecarbon,7dab65c6-61e8-4ac1-9054-89d45850d97b,5b0fa12a-3dd7-45bb-9766-cc326314d9f1,1.3527811001986263,5.218925357527603e-07,3.857923027429432e-07,11.84286042727636,0.0,10.0,4.393818660318288e-06,0.0,3.6697419444357767e-06,8.063560604754064e-06,0.0,Canada,CAN,ontario,,,Windows-10-10.0.26200-SP0,3.11.9,3.2.6,8,Intel(R) Core(TM) i7-1065G7 CPU @ 1.30GHz,0,,-75.6718,45.3316,15.595848083496094,process,0.0,0,67.3,10.49627685546875,N,1.0,0.0
2026-07-30T23:00:25,codecarbon,e9ae9629-6e90-4739-8b4a-b6a7c333bbbd,5b0fa12a-3dd7-45bb-9766-cc326314d9f1,0.3227858000900596,1.0958638465922925e-07,3.395018759457628e-07,9.853825053912477,0.0,10.0,8.552173086087526e-07,0.0,8.379597223312077e-07,1.6931770309399603e-06,0.0,Canada,CAN,ontario,,,Windows-10-10.0.26200-SP0,3.11.9,3.2.6,8,Intel(R) Core(TM) i7-1065G7 CPU @ 1.30GHz,0,,-75.6718,45.3316,15.595848083496094,process,0.0,0,0.0,0.0,N,1.0,0.0
2026-07-30T23:00:30,codecarbon,4edd3d1e-f51e-450f-b31f-93ae8f34f5c3,5b0fa12a-3dd7-45bb-9766-cc326314d9f1,0.3297532999422401,1.124218794818841e-07,3.4092723105902505e-07,10.07793694944892,0.0,10.0,8.88452725026808e-07,0.0,8.485344445539846e-07,1.7369871695807927e-06,0.0,Canada,CAN,ontario,,,Windows-10-10.0.26200-SP0,3.11.9,3.2.6,8,Intel(R) Core(TM) i7-1065G7 CPU @ 1.30GHz,0,,-75.6718,45.3316,15.595848083496094,process,0.0,0,0.0,0.0,N,1.0,0.0
2026-07-30T23:00:35,codecarbon,d20a9ece-d680-4b42-8405-95601ff147b1,5b0fa12a-3dd7-45bb-9766-cc326314d9f1,0.5830854999367148,2.3034304558284537e-07,3.950416287282837e-07,12.638117285251584,0.0,10.0,2.006601976958923e-06,0.0,1.5523397221436932e-06,3.558941699102616e-06,0.0,Canada,CAN,ontario,,,Windows-10-10.0.26200-SP0,3.11.9,3.2.6,8,Intel(R) Core(TM) i7-1065G7 CPU @ 1.30GHz,0,,-75.6718,45.3316,15.595848083496094,process,0.0,0,0.0,0.0,N,1.0,0.0
2026-07-30T23:00:41,codecarbon,d429292d-37bb-42ac-a249-f99a11664254,5b0fa12a-3dd7-45bb-9766-cc326314d9f1,0.6515595999080688,2.2634578459905346e-07,3.473907600025992e-07,10.005429561240469,0.0,10.0,1.7693718367977069e-06,0.0,1.727809722069651e-06,3.497181558867358e-06,0.0,Canada,CAN,ontario,,,Windows-10-10.0.26200-SP0,3.11.9,3.2.6,8,Intel(R) Core(TM) i7-1065G7 CPU @ 1.30GHz,0,,-75.6718,45.3316,15.595848083496094,process,0.0,0,0.0,0.0,N,1.0,0.0
2026-07-30T23:00:46,codecarbon,2516ba4c-7958-4b2d-b438-628914165b81,5b0fa12a-3dd7-45bb-9766-cc326314d9f1,0.4966536001302302,1.7159488491504757e-07,3.455021465062424e-07,9.991075996811157,0.0,10.0,1.3427526015834104e-06,0.0,1.3084938891956375e-06,2.651246490779048e-06,0.0,Canada,CAN,ontario,,,Windows-10-10.0.26200-SP0,3.11.9,3.2.6,8,Intel(R) Core(TM) i7-1065G7 CPU @ 1.30GHz,0,,-75.6718,45.3316,15.595848083496094,process,0.0,0,0.0,0.0,N,1.0,0.0
2026-07-30T23:00:51,codecarbon,0f40d106-7cd9-40d7-aa71-0a754532f0fb,5b0fa12a-3dd7-45bb-9766-cc326314d9f1,0.4546708001289516,1.802196324074992e-07,3.96373887120937e-07,12.808214692669386,0.0,10.0,1.5793460873675143e-06,0.0,1.2051580557858364e-06,2.7845041431533507e-06,0.0,Canada,CAN,ontario,,,Windows-10-10.0.26200-SP0,3.11.9,3.2.6,8,Intel(R) Core(TM) i7-1065G7 CPU @ 1.30GHz,0,,-75.6718,45.3316,15.595848083496094,process,0.0,0,0.0,0.0,N,1.0,0.0
2026-07-30T23:00:56,codecarbon,540f115c-4efb-457b-9f9d-baabcac1ab73,5b0fa12a-3dd7-45bb-9766-cc326314d9f1,0.556518399855122,1.9448537515317722e-07,3.494680053773737e-07,10.138942183354352,0.0,10.0,1.5301519742907992e-06,0.0,1.4747666667163786e-06,3.0049186410071777e-06,0.0,Canada,CAN,ontario,,,Windows-10-10.0.26200-SP0,3.11.9,3.2.6,8,Intel(R) Core(TM) i7-1065G7 CPU @ 1.30GHz,0,,-75.6718,45.3316,15.595848083496094,process,0.0,0,0.0,0.0,N,1.0,0.0
2026-07-30T23:01:04,codecarbon,29b53c9c-f2ed-45c1-9a73-efc4c459e7b6,5b0fa12a-3dd7-45bb-9766-cc326314d9f1,2.985144600039348,1.0706800002440072e-06,3.586693925077848e-07,10.131844780771027,0.0,10.0,8.354605785829479e-06,0.0,8.188058611186636e-06,1.6542664397016114e-05,0.0,Canada,CAN,ontario,,,Windows-10-10.0.26200-SP0,3.11.9,3.2.6,8,Intel(R) Core(TM) i7-1065G7 CPU @ 1.30GHz,0,,-75.6718,45.3316,15.595848083496094,process,0.0,0,67.3,10.490697860717772,N,1.0,0.0
2026-07-30T23:01:09,codecarbon,4f314867-757f-416e-a332-2301d96d5569,5b0fa12a-3dd7-45bb-9766-cc326314d9f1,0.5253145000897348,2.057004103226688e-07,3.915757327991723e-07,12.516206449092357,0.0,10.0,1.7861408865229427e-06,0.0,1.3920569443143903e-06,3.178197830837333e-06,0.0,Canada,CAN,ontario,,,Windows-10-10.0.26200-SP0,3.11.9,3.2.6,8,Intel(R) Core(TM) i7-1065G7 CPU @ 1.30GHz,0,,-75.6718,45.3316,15.595848083496094,process,0.0,0,0.0,0.0,N,1.0,0.0
2026-07-30T23:01:16,codecarbon,50aeeb66-97af-4261-8061-9661002ad132,5b0fa12a-3dd7-45bb-9766-cc326314d9f1,1.749565500067547,6.267602382970442e-07,3.58237652876012e-07,10.213638224923432,0.0,10.0,4.916611094984722e-06,0.0,4.767220000374234e-06,9.683831095358956e-06,0.0,Canada,CAN,ontario,,,Windows-10-10.0.26200-SP0,3.11.9,3.2.6,8,Intel(R) Core(TM) i7-1065G7 CPU @ 1.30GHz,0,,-75.6718,45.3316,15.595848083496094,process,0.0,0,67.3,10.490291595458984,N,1.0,0.0
2026-07-30T23:01:21,codecarbon,ca0e02f0-3327-45ad-b603-14b77ada1bbd,5b0fa12a-3dd7-45bb-9766-cc326314d9f1,0.3427649999503046,1.1960645040546928e-07,3.489459262842188e-07,10.528001883406132,0.0,10.0,9.655815416782116e-07,0.0,8.824116666801274e-07,1.847993208358339e-06,0.0,Canada,CAN,ontario,,,Windows-10-10.0.26200-SP0,3.11.9,3.2.6,8,Intel(R) Core(TM) i7-1065G7 CPU @ 1.30GHz,0,,-75.6718,45.3316,15.595848083496094,process,0.0,0,0.0,0.0,N,1.0,0.0
2026-07-30T23:01:26,codecarbon,76192a37-22cb-4b08-8cc5-faa3076c9a4e,5b0fa12a-3dd7-45bb-9766-cc326314d9f1,0.8714598000515252,3.431756916117483e-07,3.937940586490139e-07,12.5494315508431,0.0,10.0,2.977242130679975e-06,0.0,2.325033333747545e-06,5.30227546442752e-06,0.0,Canada,CAN,ontario,,,Windows-10-10.0.26200-SP0,3.11.9,3.2.6,8,Intel(R) Core(TM) i7-1065G7 CPU @ 1.30GHz,0,,-75.6718,45.3316,15.595848083496094,process,0.0,0,0.0,0.0,N,1.0,0.0
2026-07-30T23:01:32,codecarbon,8967ad6d-f3e1-43a5-aaec-52291735d07c,5b0fa12a-3dd7-45bb-9766-cc326314d9f1,0.6773612000979483,2.337143635291232e-07,3.450365381060022e-07,9.990193139262503,0.0,10.0,1.8270609123004656e-06,0.0,1.7839697221966667e-06,3.611030634497132e-06,0.0,Canada,CAN,ontario,,,Windows-10-10.0.26200-SP0,3.11.9,3.2.6,8,Intel(R) Core(TM) i7-1065G7 CPU @ 1.30GHz,0,,-75.6718,45.3316,15.595848083496094,process,0.0,0,0.0,0.0,N,1.0,0.0
2026-07-30T23:01:38,codecarbon,cf099f6d-1931-45be-a36f-9ac019d25411,5b0fa12a-3dd7-45bb-9766-cc326314d9f1,1.3072734999004751,4.674742446678951e-07,3.575948297762363e-07,10.286920577350743,0.0,10.0,3.686991210580971e-06,0.0,3.53577333347251e-06,7.2227645440534815e-06,0.0,Canada,CAN,ontario,,,Windows-10-10.0.26200-SP0,3.11.9,3.2.6,8,Intel(R) Core(TM) i7-1065G7 CPU @ 1.30GHz,0,,-75.6718,45.3316,15.595848083496094,process,0.0,0,67.2,10.48635482788086,N,1.0,0.0
2026-07-30T23:01:43,codecarbon,56db171a-d2ae-427c-888c-2f7c462529e3,5b0fa12a-3dd7-45bb-9766-cc326314d9f1,0.6183829999063164,2.436105119807638e-07,3.939476214864741e-07,12.558653587904915,0.0,10.0,2.1144352692285947e-06,0.0,1.6494969442848944e-06,3.763932213513489e-06,0.0,Canada,CAN,ontario,,,Windows-10-10.0.26200-SP0,3.11.9,3.2.6,8,Intel(R) Core(TM) i7-1065G7 CPU @ 1.30GHz,0,,-75.6718,45.3316,15.595848083496094,process,0.0,0,0.0,0.0,N,1.0,0.0
2026-07-30T23:01:49,codecarbon,16157a2d-378c-4bf3-ac71-30b07c0ca482,5b0fa12a-3dd7-45bb-9766-cc326314d9f1,0.9729019999504088,3.478866930196707e-07,3.575762954926635e-07,10.38435996178936,0.0,10.0,2.7607230558049066e-06,0.0,2.6143402773110817e-06,5.375063333115989e-06,0.0,Canada,CAN,ontario,,,Windows-10-10.0.26200-SP0,3.11.9,3.2.6,8,Intel(R) Core(TM) i7-1065G7 CPU @ 1.30GHz,0,,-75.6718,45.3316,15.595848083496094,process,0.0,0,0.0,0.0,N,1.0,0.0
2026-07-30T23:01:54,codecarbon,4abd816e-e3be-4c04-98b0-2fe7c79b154f,5b0fa12a-3dd7-45bb-9766-cc326314d9f1,0.6484348999802023,2.222012343168354e-07,3.426731570487948e-07,9.768882890642397,0.0,10.0,1.7168301528832128e-06,0.0,1.7163155555155955e-06,3.4331457083988085e-06,0.0,Canada,CAN,ontario,,,Windows-10-10.0.26200-SP0,3.11.9,3.2.6,8,Intel(R) Core(TM) i7-1065G7 CPU @ 1.30GHz,0,,-75.6718,45.3316,15.595848083496094,process,0.0,0,0.0,0.0,N,1.0,0.0
2026-07-30T23:02:01,codecarbon,f4ce7c3c-e33a-427c-a245-42c0c5d21442,5b0fa12a-3dd7-45bb-9766-cc326314d9f1,2.110108599998057,8.256007775897598e-07,3.912598515500671e-07,12.010460647271566,0.0,10.0,6.985423033770515e-06,0.0,5.7706166666725445e-06,1.2756039700443058e-05,0.0,Canada,CAN,ontario,,,Windows-10-10.0.26200-SP0,3.11.9,3.2.6,8,Intel(R) Core(TM) i7-1065G7 CPU @ 1.30GHz,0,,-75.6718,45.3316,15.595848083496094,process,20.8,0,67.3,10.501972198486328,N,1.0,0.0
2026-07-30T23:02:06,codecarbon,c7741196-1d5b-419a-8ce5-13a88224c541,5b0fa12a-3dd7-45bb-9766-cc326314d9f1,0.3280801000073552,1.0913041025477117e-07,3.3263343388497065e-07,9.453740513604115,0.0,10.0,8.348038900811495e-07,0.0,8.513280559175959e-07,1.6861319459987454e-06,0.0,Canada,CAN,ontario,,,Windows-10-10.0.26200-SP0,3.11.9,3.2.6,8,Intel(R) Core(TM) i7-1065G7 CPU @ 1.30GHz,0,,-75.6718,45.3316,15.595848083496094,process,0.0,0,0.0,0.0,N,1.0,0.0
2026-07-30T23:02:12,codecarbon,4a089001-c17e-4336-9a34-4ee5a6d03b28,5b0fa12a-3dd7-45bb-9766-cc326314d9f1,0.7743238999973983,2.766643511925749e-07,3.572979617360442e-07,10.51451218576507,0.0,10.0,2.2137268554753847e-06,0.0,2.060907499657737e-06,4.274634355133121e-06,0.0,Canada,CAN,ontario,,,Windows-10-10.0.26200-SP0,3.11.9,3.2.6,8,Intel(R) Core(TM) i7-1065G7 CPU @ 1.30GHz,0,,-75.6718,45.3316,15.595848083496094,process,0.0,0,0.0,0.0,N,1.0,0.0
2026-07-30T23:02:18,codecarbon,284a47be-125a-4c70-a1cf-906b572752fa,5b0fa12a-3dd7-45bb-9766-cc326314d9f1,1.5986126000061631,6.323784942148589e-07,3.955795758224481e-07,12.319625026887383,0.0,10.0,5.418154660205913e-06,0.0,4.3524819439173575e-06,9.77063660412327e-06,0.0,Canada,CAN,ontario,,,Windows-10-10.0.26200-SP0,3.11.9,3.2.6,8,Intel(R) Core(TM) i7-1065G7 CPU @ 1.30GHz,0,,-75.6718,45.3316,15.595848083496094,process,0.0,0,67.1,10.464981079101562,N,1.0,0.0
2026-07-30T23:02:24,codecarbon,f40649aa-b193-4aee-8ac4-a22ff36b7fea,5b0fa12a-3dd7-45bb-9766-cc326314d9f1,1.4112471998669207,5.091447178356485e-07,3.607764237786693e-07,10.41553660771192,0.0,10.0,4.036533978892915e-06,0.0,3.830065000026176e-06,7.86659897891909e-06,0.0,Canada,CAN,ontario,,,Windows-10-10.0.26200-SP0,3.11.9,3.2.6,8,Intel(R) Core(TM) i7-1065G7 CPU @ 1.30GHz,0,,-75.6718,45.3316,15.595848083496094,process,0.0,0,67.1,10.471820831298828,N,1.0,0.0
2026-07-30T23:02:30,codecarbon,2e6b0694-d2a3-442f-86d0-15bc76788fa7,5b0fa12a-3dd7-45bb-9766-cc326314d9f1,0.2825873999390751,1.0007584990831325e-07,3.541412318096605e-07,10.925750406529405,0.0,10.0,8.235511988549823e-07,0.0,7.226822218702485e-07,1.546233420725231e-06,0.0,Canada,CAN,ontario,,,Windows-10-10.0.26200-SP0,3.11.9,3.2.6,8,Intel(R) Core(TM) i7-1065G7 CPU @ 1.30GHz,0,,-75.6718,45.3316,15.595848083496094,process,0.0,0,0.0,0.0,N,1.0,0.0
2026-07-30T23:02:35,codecarbon,f5e3f261-9061-43fa-8429-d77c604abdd9,5b0fa12a-3dd7-45bb-9766-cc326314d9f1,0.7084674998186529,2.595794580006808e-07,3.663957176117826e-07,11.043189055442088,0.0,10.0,2.1271197497742346e-06,0.0,1.8835424995308533e-06,4.010662249305088e-06,0.0,Canada,CAN,ontario,,,Windows-10-10.0.26200-SP0,3.11.9,3.2.6,8,Intel(R) Core(TM) i7-1065G7 CPU @ 1.30GHz,0,,-75.6718,45.3316,15.595848083496094,process,0.0,0,0.0,0.0,N,1.0,0.0
2026-07-30T23:02:42,codecarbon,3630a8b7-4dcc-477d-85a3-69449c042b1d,5b0fa12a-3dd7-45bb-9766-cc326314d9f1,2.432252400089056,8.766995270768387e-07,3.604475946019167e-07,10.256088212643611,0.0,10.0,6.881554857980377e-06,0.0,6.663991944191771e-06,1.3545546802172148e-05,0.0,Canada,CAN,ontario,,,Windows-10-10.0.26200-SP0,3.11.9,3.2.6,8,Intel(R) Core(TM) i7-1065G7 CPU @ 1.30GHz,0,,-75.6718,45.3316,15.595848083496094,process,21.45,0,67.3,10.493915557861328,N,1.0,0.0
2026-07-30T23:02:49,codecarbon,cd7f1c9e-b5e2-455f-8a5f-fc4634c726df,5b0fa12a-3dd7-45bb-9766-cc326314d9f1,1.7061791999731213,6.114290176341357e-07,3.583615470425193e-07,10.22948618924897,0.0,10.0,4.801257364475728e-06,0.0,4.6456969440138585e-06,9.446954308489586e-06,0.0,Canada,CAN,ontario,,,Windows-10-10.0.26200-SP0,3.11.9,3.2.6,8,Intel(R) Core(TM) i7-1065G7 CPU @ 1.30GHz,0,,-75.6718,45.3316,15.595848083496094,process,0.0,0,67.3,10.491741180419922,N,1.0,0.0
2026-07-30T23:02:56,codecarbon,211d84d2-c5ed-42cb-96b8-cf8f4c186e69,5b0fa12a-3dd7-45bb-9766-cc326314d9f1,2.317859000060708,7.507548163370814e-07,3.23900123483533e-07,8.222582399714915,0.0,10.0,5.255230796072947e-06,0.0,6.344392777989722e-06,1.1599623574062668e-05,0.0,Canada,CAN,ontario,,,Windows-10-10.0.26200-SP0,3.11.9,3.2.6,8,Intel(R) Core(TM) i7-1065G7 CPU @ 1.30GHz,0,,-75.6718,45.3316,15.595848083496094,process,0.0,0,68.69999999999999,10.716571807861328,N,1.0,0.0
2026-07-30T23:03:02,codecarbon,9e6afbd8-1d73-4d9d-8dbf-ebed96dff779,5b0fa12a-3dd7-45bb-9766-cc326314d9f1,1.310423200018704,4.289665847559033e-07,3.273496567748347e-07,8.550026077770552,0.0,10.0,3.0751261295801606e-06,0.0,3.552671389317968e-06,6.6277975188981285e-06,0.0,Canada,CAN,ontario,,,Windows-10-10.0.26200-SP0,3.11.9,3.2.6,8,Intel(R) Core(TM) i7-1065G7 CPU @ 1.30GHz,0,,-75.6718,45.3316,15.595848083496094,process,40.1,0,67.3,10.493156433105469,N,1.0,0.0
2026-07-30T23:03:07,codecarbon,d14ddac7-b0d0-4a46-ace7-f0f9cd7a78f0,5b0fa12a-3dd7-45bb-9766-cc326314d9f1,0.5089357001706958,1.8064884262159338e-07,3.5495415739356505e-07,10.44322735556592,0.0,10.0,1.4419912604048682e-06,0.0,1.3491444444904723e-06,2.7911357048953407e-06,0.0,Canada,CAN,ontario,,,Windows-10-10.0.26200-SP0,3.11.9,3.2.6,8,Intel(R) Core(TM) i7-1065G7 CPU @ 1.30GHz,0,,-75.6718,45.3316,15.595848083496094,process,0.0,0,0.0,0.0,N,1.0,0.0
2026-07-30T23:03:13,codecarbon,c53aaa19-e837-4d57-96e2-7517329fefe0,5b0fa12a-3dd7-45bb-9766-cc326314d9f1,0.9013714001048356,3.544117857094739e-07,3.93191736134798e-07,12.389325312298045,0.0,10.0,3.0515255832096526e-06,0.0,2.4243544444390053e-06,5.475880027648658e-06,0.0,Canada,CAN,ontario,,,Windows-10-10.0.26200-SP0,3.11.9,3.2.6,8,Intel(R) Core(TM) i7-1065G7 CPU @ 1.30GHz,0,,-75.6718,45.3316,15.595848083496094,process,0.0,0,0.0,0.0,N,1.0,0.0
2026-07-30T23:03:19,codecarbon,3ba06a77-fb4a-4b35-9692-ac75df3f036e,5b0fa12a-3dd7-45bb-9766-cc326314d9f1,1.4871823999565097,5.293367713397339e-07,3.559326491190413e-07,10.124914687789026,0.0,10.0,4.137705010833054e-06,0.0,4.040873611423498e-06,8.178578622256552e-06,0.0,Canada,CAN,ontario,,,Windows-10-10.0.26200-SP0,3.11.9,3.2.6,8,Intel(R) Core(TM) i7-1065G7 CPU @ 1.30GHz,0,,-75.6718,45.3316,15.595848083496094,process,0.0,0,67.1,10.466968536376951,N,1.0,0.0
2026-07-30T23:03:24,codecarbon,df01a922-173f-4947-86d3-e44f9c078764,5b0fa12a-3dd7-45bb-9766-cc326314d9f1,0.5845769001170993,2.020890804303092e-07,3.4570144730287456e-07,9.986267290277638,0.0,10.0,1.581831396425489e-06,0.0,1.540569166859819e-06,3.122400563285308e-06,0.0,Canada,CAN,ontario,,,Windows-10-10.0.26200-SP0,3.11.9,3.2.6,8,Intel(R) Core(TM) i7-1065G7 CPU @ 1.30GHz,0,,-75.6718,45.3316,15.595848083496094,process,0.0,0,0.0,0.0,N,1.0,0.0
2026-07-30T23:03:30,codecarbon,49c58ff2-a287-4ba9-ac81-d84f6ef6293a,5b0fa12a-3dd7-45bb-9766-cc326314d9f1,0.3934349999763071,1.4472564395537452e-07,3.678514721976692e-07,11.473150494633506,0.0,10.0,1.211510195282972e-06,0.0,1.0245899999669442e-06,2.2361001952499163e-06,0.0,Canada,CAN,ontario,,,Windows-10-10.0.26200-SP0,3.11.9,3.2.6,8,Intel(R) Core(TM) i7-1065G7 CPU @ 1.30GHz,0,,-75.6718,45.3316,15.595848083496094,process,0.0,0,0.0,0.0,N,1.0,0.0
2026-07-30T23:03:35,codecarbon,610d744d-319b-47cb-87b6-35387484344c,5b0fa12a-3dd7-45bb-9766-cc326314d9f1,0.554842900019139,1.9777452477425164e-07,3.564513932996701e-07,10.662591315766056,0.0,10.0,1.5959627474221863e-06,0.0,1.4597752778273492e-06,3.0557380252495355e-06,0.0,Canada,CAN,ontario,,,Windows-10-10.0.26200-SP0,3.11.9,3.2.6,8,Intel(R) Core(TM) i7-1065G7 CPU @ 1.30GHz,0,,-75.6718,45.3316,15.595848083496094,process,0.0,0,0.0,0.0,N,1.0,0.0
2026-07-30T23:03:40,codecarbon,f934213f-1fa3-44b9-b05f-004b75d8c49c,5b0fa12a-3dd7-45bb-9766-cc326314d9f1,0.7988199000246823,2.78742454422393e-07,3.489428022684216e-07,10.009881264329422,0.0,10.0,2.1764037168664456e-06,0.0,2.1303386110553724e-06,4.306742327921818e-06,0.0,Canada,CAN,ontario,,,Windows-10-10.0.26200-SP0,3.11.9,3.2.6,8,Intel(R) Core(TM) i7-1065G7 CPU @ 1.30GHz,0,,-75.6718,45.3316,15.595848083496094,process,0.0,0,0.0,0.0,N,1.0,0.0
2026-07-30T23:03:46,codecarbon,fc2a297f-b342-4430-9b5c-d983093bf02d,5b0fa12a-3dd7-45bb-9766-cc326314d9f1,0.5264997000340372,1.964566954292897e-07,3.731373359122315e-07,11.63031423972934,0.0,10.0,1.6541414734666378e-06,0.0,1.3812352780304435e-06,3.035376751497081e-06,0.0,Canada,CAN,ontario,,,Windows-10-10.0.26200-SP0,3.11.9,3.2.6,8,Intel(R) Core(TM) i7-1065G7 CPU @ 1.30GHz,0,,-75.6718,45.3316,15.595848083496094,process,0.0,0,0.0,0.0,N,1.0,0.0
2026-07-30T23:03:52,codecarbon,636e987b-beaa-4866-aad0-913eb17d88c7,5b0fa12a-3dd7-45bb-9766-cc326314d9f1,1.5727624001447111,5.595097455552198e-07,3.557496958877825e-07,10.088475271313882,0.0,10.0,4.363444905658977e-06,0.0,4.281324722493688e-06,8.644769628152665e-06,0.0,Canada,CAN,ontario,,,Windows-10-10.0.26200-SP0,3.11.9,3.2.6,8,Intel(R) Core(TM) i7-1065G7 CPU @ 1.30GHz,0,,-75.6718,45.3316,15.595848083496094,process,0.0,0,66.1,10.308860778808594,N,1.0,0.0
2026-07-30T23:03:59,codecarbon,fb77ba45-8510-4e6f-8e64-d23f93a9b2cf,5b0fa12a-3dd7-45bb-9766-cc326314d9f1,2.16176150017418,7.864501088557324e-07,3.638005898395201e-07,10.47159459081937,0.0,10.0,6.239631404521061e-06,0.0,5.911506389060783e-06,1.2151137793581844e-05,0.0,Canada,CAN,ontario,,,Windows-10-10.0.26200-SP0,3.11.9,3.2.6,8,Intel(R) Core(TM) i7-1065G7 CPU @ 1.30GHz,0,,-75.6718,45.3316,15.595848083496094,process,19.95,0,66.15,10.31944465637207,N,1.0,0.0
2026-07-30T23:04:06,codecarbon,0e7c4897-4b51-4291-8c60-6bc808f17d12,5b0fa12a-3dd7-45bb-9766-cc326314d9f1,1.871029700152576,7.388987259333779e-07,3.949155515132246e-07,12.224933140203206,0.0,10.0,6.3009135753290095e-06,0.0,5.115526111330837e-06,1.1416439686659849e-05,0.0,Canada,CAN,ontario,,,Windows-10-10.0.26200-SP0,3.11.9,3.2.6,8,Intel(R) Core(TM) i7-1065G7 CPU @ 1.30GHz,0,,-75.6718,45.3316,15.595848083496094,process,45.2,0,66.2,10.33010482788086,N,1.0,0.0
2026-07-30T23:04:11,codecarbon,7cc85087-5377-4560-991c-a1a21fb68968,5b0fa12a-3dd7-45bb-9766-cc326314d9f1,0.2968559998553246,9.839108319349153e-08,3.314438085854532e-07,9.538489742427286,0.0,10.0,7.572357943643998e-07,0.0,7.629669446032494e-07,1.5202027389676492e-06,0.0,Canada,CAN,ontario,,,Windows-10-10.0.26200-SP0,3.11.9,3.2.6,8,Intel(R) Core(TM) i7-1065G7 CPU @ 1.30GHz,0,,-75.6718,45.3316,15.595848083496094,process,0.0,0,0.0,0.0,N,1.0,0.0
2026-07-30T23:04:17,codecarbon,aeb1161a-4f1e-4161-a6d8-f808cbf7b301,5b0fa12a-3dd7-45bb-9766-cc326314d9f1,1.4123035001102835,4.976892585152094e-07,3.523954011841973e-07,9.955242130073309,0.0,10.0,3.8588584214034e-06,0.0,3.830746666709375e-06,7.689605088112774e-06,0.0,Canada,CAN,ontario,,,Windows-10-10.0.26200-SP0,3.11.9,3.2.6,8,Intel(R) Core(TM) i7-1065G7 CPU @ 1.30GHz,0,,-75.6718,45.3316,15.595848083496094,process,0.0,0,66.2,10.326339721679688,N,1.0,0.0
2026-07-30T23:04:23,codecarbon,37f7a26a-e360-4ed5-b948-77c2cddeae0a,5b0fa12a-3dd7-45bb-9766-cc326314d9f1,1.7069162998814136,6.797880675393805e-07,3.982550682693745e-07,12.461422860943474,0.0,10.0,5.852430054834225e-06,0.0,4.650713610721545e-06,1.0503143665555773e-05,0.0,Canada,CAN,ontario,,,Windows-10-10.0.26200-SP0,3.11.9,3.2.6,8,Intel(R) Core(TM) i7-1065G7 CPU @ 1.30GHz,0,,-75.6718,45.3316,15.595848083496094,process,0.0,0,66.3,10.337665557861328,N,1.0,0.0
2026-07-30T23:04:30,codecarbon,4bd54595-f719-49ca-ae36-b45112c80809,5b0fa12a-3dd7-45bb-9766-cc326314d9f1,1.4074859998654574,5.035495198982992e-07,3.577652068627566e-07,10.249992222632198,0.0,10.0,3.961346952712935e-06,0.0,3.818802777419074e-06,7.780149730132008e-06,0.0,Canada,CAN,ontario,,,Windows-10-10.0.26200-SP0,3.11.9,3.2.6,8,Intel(R) Core(TM) i7-1065G7 CPU @ 1.30GHz,0,,-75.6718,45.3316,15.595848083496094,process,0.0,0,66.3,10.338130950927734,N,1.0,0.0
2026-07-30T23:04:36,codecarbon,5cd24024-6a82-4f04-9489-313d5b324346,5b0fa12a-3dd7-45bb-9766-cc326314d9f1,1.370830999920145,4.938859408414935e-07,3.602821506591725e-07,10.416018837898584,0.0,10.0,3.91875482459391e-06,0.0,3.7120866666858393e-06,7.63084149127975e-06,0.0,Canada,CAN,ontario,,,Windows-10-10.0.26200-SP0,3.11.9,3.2.6,8,Intel(R) Core(TM) i7-1065G7 CPU @ 1.30GHz,0,,-75.6718,45.3316,15.595848083496094,process,0.0,0,66.3,10.335155487060549,N,1.0,0.0
2026-07-30T23:04:42,codecarbon,e08ec754-854f-4bbb-998b-5ced5cf3fbee,5b0fa12a-3dd7-45bb-9766-cc326314d9f1,1.8294001000467688,7.266215155724077e-07,3.971911423607288e-07,12.361533468394372,0.0,10.0,6.231640625774722e-06,0.0,4.995108611183241e-06,1.1226749236957965e-05,0.0,Canada,CAN,ontario,,,Windows-10-10.0.26200-SP0,3.11.9,3.2.6,8,Intel(R) Core(TM) i7-1065G7 CPU @ 1.30GHz,0,,-75.6718,45.3316,15.595848083496094,process,0.0,0,66.2,10.330001831054688,N,1.0,0.0
2026-07-30T23:04:48,codecarbon,fe11e6d1-452a-4354-949a-e2d913d1b2b5,5b0fa12a-3dd7-45bb-9766-cc326314d9f1,0.9586848998442292,3.434932729291495e-07,3.582963213303574e-07,10.53519854908874,0.0,10.0,2.748700902423916e-06,0.0,2.5584813886477303e-06,5.307182291071645e-06,0.0,Canada,CAN,ontario,,,Windows-10-10.0.26200-SP0,3.11.9,3.2.6,8,Intel(R) Core(TM) i7-1065G7 CPU @ 1.30GHz,0,,-75.6718,45.3316,15.595848083496094,process,0.0,0,0.0,0.0,N,1.0,0.0
2026-07-30T23:04:54,codecarbon,456dfc6e-e952-4627-aa22-9dba2d368862,5b0fa12a-3dd7-45bb-9766-cc326314d9f1,1.5003214001189915,5.306980995374858e-07,3.537229419612329e-07,10.010681790677994,0.0,10.0,4.125675313205708e-06,0.0,4.073936666827649e-06,8.199611980033358e-06,0.0,Canada,CAN,ontario,,,Windows-10-10.0.26200-SP0,3.11.9,3.2.6,8,Intel(R) Core(TM) i7-1065G7 CPU @ 1.30GHz,0,,-75.6718,45.3316,15.595848083496094,process,39.7,0,66.2,10.317089080810549,N,1.0,0.0
2026-07-30T23:05:00,codecarbon,f46e3e52-a4a9-4567-b76c-54bc25fc7acd,5b0fa12a-3dd7-45bb-9766-cc326314d9f1,1.2487983000464735,4.454480998549759e-07,3.5670139832701454e-07,10.216440710344752,0.0,10.0,3.499118172996468e-06,0.0,3.383328889160313e-06,6.882447062156781e-06,0.0,Canada,CAN,ontario,,,Windows-10-10.0.26200-SP0,3.11.9,3.2.6,8,Intel(R) Core(TM) i7-1065G7 CPU @ 1.30GHz,0,,-75.6718,45.3316,15.595848083496094,process,0.0,0,66.7,10.40544891357422,N,1.0,0.0
2026-07-30T23:05:06,codecarbon,80651765-2287-40ae-b98d-0b619e49a22e,5b0fa12a-3dd7-45bb-9766-cc326314d9f1,0.671093099983409,2.369204755013688e-07,3.530366733128771e-07,10.38597817357207,0.0,10.0,1.8883078692798328e-06,0.0,1.7722591667229105e-06,3.660567036002743e-06,0.0,Canada,CAN,ontario,,,Windows-10-10.0.26200-SP0,3.11.9,3.2.6,8,Intel(R) Core(TM) i7-1065G7 CPU @ 1.30GHz,0,,-75.6718,45.3316,15.595848083496094,process,0.0,0,0.0,0.0,N,1.0,0.0
2026-07-30T23:05:13,codecarbon,13fb8630-f485-4c1c-b8be-3ab23485a7e6,5b0fa12a-3dd7-45bb-9766-cc326314d9f1,1.844065099954605,6.791497344990702e-07,3.682894570890088e-07,10.769566217228215,0.0,10.0,5.466850194295936e-06,0.0,5.026430833256908e-06,1.0493281027552845e-05,0.0,Canada,CAN,ontario,,,Windows-10-10.0.26200-SP0,3.11.9,3.2.6,8,Intel(R) Core(TM) i7-1065G7 CPU @ 1.30GHz,0,,-75.6718,45.3316,15.595848083496094,process,0.0,0,65.9,10.284576416015623,N,1.0,0.0
2026-07-30T23:05:19,codecarbon,444a0d74-46da-4e71-a9f8-7abd66c767c6,5b0fa12a-3dd7-45bb-9766-cc326314d9f1,1.2271107998676598,4.591909438415789e-07,3.742049567904554e-07,11.229119040320043,0.0,10.0,3.777007452879368e-06,0.0,3.3177749997574006e-06,7.0947824526367686e-06,0.0,Canada,CAN,ontario,,,Windows-10-10.0.26200-SP0,3.11.9,3.2.6,8,Intel(R) Core(TM) i7-1065G7 CPU @ 1.30GHz,0,,-75.6718,45.3316,15.595848083496094,process,0.0,0,65.9,10.278987884521484,N,1.0,0.0
2026-07-30T23:05:25,codecarbon,73d8abc7-75d7-46d7-a1c0-f186e43a0137,5b0fa12a-3dd7-45bb-9766-cc326314d9f1,1.6945562998298556,6.105817748670738e-07,3.603195567644346e-07,10.338854558766224,0.0,10.0,4.819233331138804e-06,0.0,4.614630555604688e-06,9.433863886743492e-06,0.0,Canada,CAN,ontario,,,Windows-10-10.0.26200-SP0,3.11.9,3.2.6,8,Intel(R) Core(TM) i7-1065G7 CPU @ 1.30GHz,0,,-75.6718,45.3316,15.595848083496094,process,0.0,0,66.0,10.286941528320312,N,1.0,0.0
2026-07-30T23:05:30,codecarbon,cd1bbdcf-7baa-4fff-9b6e-25bf6ec50cf5,5b0fa12a-3dd7-45bb-9766-cc326314d9f1,0.3822411999572068,1.318096641855477e-07,3.448337442439596e-07,10.128011621497713,0.0,10.0,1.0410886987869e-06,0.0,9.954516665958282e-07,2.036540365382728e-06,0.0,Canada,CAN,ontario,,,Windows-10-10.0.26200-SP0,3.11.9,3.2.6,8,Intel(R) Core(TM) i7-1065G7 CPU @ 1.30GHz,0,,-75.6718,45.3316,15.595848083496094,process,0.0,0,0.0,0.0,N,1.0,0.0
2026-07-30T23:05:36,codecarbon,40c31cc4-0f37-4ba3-a6f0-8b76d33b9176,5b0fa12a-3dd7-45bb-9766-cc326314d9f1,1.0190995999146253,4.010481208458303e-07,3.935318205202199e-07,12.361091161258962,0.0,10.0,3.4476731391792696e-06,0.0,2.7487669444073824e-06,6.196440083586652e-06,0.0,Canada,CAN,ontario,,,Windows-10-10.0.26200-SP0,3.11.9,3.2.6,8,Intel(R) Core(TM) i7-1065G7 CPU @ 1.30GHz,0,,-75.6718,45.3316,15.595848083496094,process,0.0,0,0.0,0.0,N,1.0,0.0
2026-07-30T23:05:42,codecarbon,a6db303a-53f2-47b9-89e4-eca71984f729,5b0fa12a-3dd7-45bb-9766-cc326314d9f1,0.98325839987956,3.421058665599205e-07,3.479307846257152e-07,9.855518875839133,0.0,10.0,2.6485357320309537e-06,0.0,2.637210277478314e-06,5.285746009509268e-06,0.0,Canada,CAN,ontario,,,Windows-10-10.0.26200-SP0,3.11.9,3.2.6,8,Intel(R) Core(TM) i7-1065G7 CPU @ 1.30GHz,0,,-75.6718,45.3316,15.595848083496094,process,0.0,0,0.0,0.0,N,1.0,0.0
2026-07-30T23:05:48,codecarbon,8e6aa7ea-8cc8-4076-8849-c56488a38fc3,5b0fa12a-3dd7-45bb-9766-cc326314d9f1,1.7767735000234095,6.33773441277622e-07,3.566990622435959e-07,10.12055000392748,0.0,10.0,4.948426338318108e-06,0.0,4.843763055719642e-06,9.79218939403775e-06,0.0,Canada,CAN,ontario,,,Windows-10-10.0.26200-SP0,3.11.9,3.2.6,8,Intel(R) Core(TM) i7-1065G7 CPU @ 1.30GHz,0,,-75.6718,45.3316,15.595848083496094,process,0.0,0,65.9,10.282096862792969,N,1.0,0.0
2026-07-30T23:05:54,codecarbon,06a3c104-90a3-4efa-b0b7-0f465987f455,5b0fa12a-3dd7-45bb-9766-cc326314d9f1,1.2007728000171485,4.828928757837735e-07,4.021517440908699e-07,12.890119119261003,0.0,10.0,4.231149375618354e-06,0.0,3.2298425005541908e-06,7.460991876172545e-06,0.0,Canada,CAN,ontario,,,Windows-10-10.0.26200-SP0,3.11.9,3.2.6,8,Intel(R) Core(TM) i7-1065G7 CPU @ 1.30GHz,0,,-75.6718,45.3316,15.595848083496094,process,0.0,0,65.9,10.284473419189451,N,1.0,0.0
2026-07-30T23:06:00,codecarbon,5a814da5-1f3a-47e3-9d4e-5ddb2931ad0d,5b0fa12a-3dd7-45bb-9766-cc326314d9f1,1.4209199000615629,4.990663066623546e-07,3.512276143368336e-07,9.911818425539352,0.0,10.0,3.862246050882431e-06,0.0,3.848635277891946e-06,7.710881328774377e-06,0.0,Canada,CAN,ontario,,,Windows-10-10.0.26200-SP0,3.11.9,3.2.6,8,Intel(R) Core(TM) i7-1065G7 CPU @ 1.30GHz,0,,-75.6718,45.3316,15.595848083496094,process,0.0,0,66.6,10.393661499023438,N,1.0,0.0
2026-07-30T23:06:07,codecarbon,5c6946d9-bb8d-4b32-9c04-097180aa56cf,5b0fa12a-3dd7-45bb-9766-cc326314d9f1,1.551274300087243,5.658430227831997e-07,3.647601347816933e-07,10.62748462931658,0.0,10.0,4.528950988914894e-06,0.0,4.213671666932189e-06,8.742622655847083e-06,0.0,Canada,CAN,ontario,,,Windows-10-10.0.26200-SP0,3.11.9,3.2.6,8,Intel(R) Core(TM) i7-1065G7 CPU @ 1.30GHz,0,,-75.6718,45.3316,15.595848083496094,process,100.0,0,66.5,10.36962890625,N,1.0,0.0
2026-07-30T23:06:14,codecarbon,b1b4f612-05e6-439d-95ab-14223e822ab8,5b0fa12a-3dd7-45bb-9766-cc326314d9f1,2.7040709999855608,8.284098104945653e-07,3.063565307637961e-07,7.199465868588346,0.0,10.0,5.375540986283586e-06,0.0,7.423899999897307e-06,1.2799440986180892e-05,0.0,Canada,CAN,ontario,,,Windows-10-10.0.26200-SP0,3.11.9,3.2.6,8,Intel(R) Core(TM) i7-1065G7 CPU @ 1.30GHz,0,,-75.6718,45.3316,15.595848083496094,process,0.0,0,67.75,10.570354461669922,N,1.0,0.0
2026-07-30T23:06:21,codecarbon,b1f95519-f101-478b-bf02-658c448901c2,5b0fa12a-3dd7-45bb-9766-cc326314d9f1,1.9947037999518216,7.108119359230645e-07,3.56349617391932e-07,10.084749296107605,0.0,10.0,5.540028732206834e-06,0.0,5.442452777384056e-06,1.0982481509590893e-05,0.0,Canada,CAN,ontario,,,Windows-10-10.0.26200-SP0,3.11.9,3.2.6,8,Intel(R) Core(TM) i7-1065G7 CPU @ 1.30GHz,0,,-75.6718,45.3316,15.595848083496094,process,0.0,0,67.9,10.587852478027344,N,1.0,0.0
2026-07-30T23:06:28,codecarbon,86dd0e30-d89e-4897-847a-e5c9349bc7b0,5b0fa12a-3dd7-45bb-9766-cc326314d9f1,1.5756469999905676,5.479170670691295e-07,3.477410023135953e-07,9.67053187146618,0.0,10.0,4.186833672442529e-06,0.0,4.278821944414328e-06,8.465655616856856e-06,0.0,Canada,CAN,ontario,,,Windows-10-10.0.26200-SP0,3.11.9,3.2.6,8,Intel(R) Core(TM) i7-1065G7 CPU @ 1.30GHz,0,,-75.6718,45.3316,15.595848083496094,process,0.0,0,68.5,10.68600845336914,N,1.0,0.0
2026-07-30T23:06:39,codecarbon,3f3cdefe-b9f5-4b3e-931b-804f2b79d536,5b0fa12a-3dd7-45bb-9766-cc326314d9f1,6.127557799918577,1.844716439544376e-06,3.010524747018932e-07,6.835639710238492,0.0,10.0,1.159727114030428e-05,0.0,1.6904732222125556e-05,2.850200336242984e-05,0.0,Canada,CAN,ontario,,,Windows-10-10.0.26200-SP0,3.11.9,3.2.6,8,Intel(R) Core(TM) i7-1065G7 CPU @ 1.30GHz,0,,-75.6718,45.3316,15.595848083496094,process,8.059999999999999,0,71.22,11.107999420166015,N,1.0,0.0
2026-07-30T23:06:45,codecarbon,0a28af38-dd5c-4020-b8d4-1385ca046924,5b0fa12a-3dd7-45bb-9766-cc326314d9f1,1.5763960001058877,4.495621148515289e-07,2.851834912175186e-07,6.166098647562618,0.0,10.0,2.668448901060132e-06,0.0,4.277562222624611e-06,6.946011123684743e-06,0.0,Canada,CAN,ontario,,,Windows-10-10.0.26200-SP0,3.11.9,3.2.6,8,Intel(R) Core(TM) i7-1065G7 CPU @ 1.30GHz,0,,-75.6718,45.3316,15.595848083496094,process,0.0,0,72.8,11.350059509277344,N,1.0,0.0
2026-07-30T23:06:52,codecarbon,d49dc8e7-9a06-4102-b321-95bedc154437,5b0fa12a-3dd7-45bb-9766-cc326314d9f1,1.425604899879545,4.882973477000665e-07,3.425194089479664e-07,9.417732836006802,0.0,10.0,3.6833142910579233e-06,0.0,3.861179999593232e-06,7.5444942906511555e-06,0.0,Canada,CAN,ontario,,,Windows-10-10.0.26200-SP0,3.11.9,3.2.6,8,Intel(R) Core(TM) i7-1065G7 CPU @ 1.30GHz,0,,-75.6718,45.3316,15.595848083496094,process,40.4,0,71.8,11.196182250976562,N,1.0,0.0
2026-07-30T23:06:57,codecarbon,f573bd2d-1250-4d10-93bf-830b2c3e6594,5b0fa12a-3dd7-45bb-9766-cc326314d9f1,0.7755319999996573,2.607828094607187e-07,3.3626311933077415e-07,9.349216679399753,0.0,10.0,1.969770880314875e-06,0.0,2.059483889024705e-06,4.02925476933958e-06,0.0,Canada,CAN,ontario,,,Windows-10-10.0.26200-SP0,3.11.9,3.2.6,8,Intel(R) Core(TM) i7-1065G7 CPU @ 1.30GHz,0,,-75.6718,45.3316,15.595848083496094,process,0.0,0,0.0,0.0,N,1.0,0.0
2026-07-30T23:07:03,codecarbon,838c88b1-157b-4ff9-acfc-17f543f144fb,5b0fa12a-3dd7-45bb-9766-cc326314d9f1,0.5856921998783946,1.973896074490243e-07,3.370193550298393e-07,9.50512231634891,0.0,10.0,1.5068172050204763e-06,0.0,1.5429736108570875e-06,3.049790815877564e-06,0.0,Canada,CAN,ontario,,,Windows-10-10.0.26200-SP0,3.11.9,3.2.6,8,Intel(R) Core(TM) i7-1065G7 CPU @ 1.30GHz,0,,-75.6718,45.3316,15.595848083496094,process,0.0,0,0.0,0.0,N,1.0,0.0
2026-07-30T23:07:09,codecarbon,84bfa32a-9396-4511-97d0-aea1fb5b027b,5b0fa12a-3dd7-45bb-9766-cc326314d9f1,1.3416009999345988,5.09540405588883e-07,3.798002577619744e-07,11.55942087839192,0.0,10.0,4.24880482033909e-06,0.0,3.623907777687742e-06,7.872712598026833e-06,0.0,Canada,CAN,ontario,,,Windows-10-10.0.26200-SP0,3.11.9,3.2.6,8,Intel(R) Core(TM) i7-1065G7 CPU @ 1.30GHz,0,,-75.6718,45.3316,15.595848083496094,process,0.0,0,71.1,11.084114074707031,N,1.0,0.0
2026-07-30T23:07:15,codecarbon,d18b5cc9-f041-47c7-a7f3-5f06f9afc21e,5b0fa12a-3dd7-45bb-9766-cc326314d9f1,1.5757295000366869,5.706326498323653e-07,3.621387108758703e-07,10.48028397635704,0.0,10.0,4.536529783196583e-06,0.0,4.280095555845441e-06,8.816625339042025e-06,0.0,Canada,CAN,ontario,,,Windows-10-10.0.26200-SP0,3.11.9,3.2.6,8,Intel(R) Core(TM) i7-1065G7 CPU @ 1.30GHz,0,,-75.6718,45.3316,15.595848083496094,process,0.0,0,71.0,11.070064544677734,N,1.0,0.0
2026-07-30T23:07:21,codecarbon,7fe52c88-5e09-4ef4-8776-d93281c633ce,5b0fa12a-3dd7-45bb-9766-cc326314d9f1,1.1068184000905603,3.710908543885294e-07,3.3527709185008725e-07,9.115500521182826,0.0,10.0,2.7580407838591298e-06,0.0,2.97554111134054e-06,5.733581895199669e-06,0.0,Canada,CAN,ontario,,,Windows-10-10.0.26200-SP0,3.11.9,3.2.6,8,Intel(R) Core(TM) i7-1065G7 CPU @ 1.30GHz,0,,-75.6718,45.3316,15.595848083496094,process,0.0,0,70.9,11.061965942382812,N,1.0,0.0
2026-07-30T23:07:27,codecarbon,aa87452e-9e8b-420d-a0bd-da734c1671dd,5b0fa12a-3dd7-45bb-9766-cc326314d9f1,0.937769099837169,3.689798515641773e-07,3.934655680468099e-07,12.457933200552745,0.0,10.0,3.183991992373597e-06,0.0,2.5169736110708783e-06,5.7009656034444754e-06,0.0,Canada,CAN,ontario,,,Windows-10-10.0.26200-SP0,3.11.9,3.2.6,8,Intel(R) Core(TM) i7-1065G7 CPU @ 1.30GHz,0,,-75.6718,45.3316,15.595848083496094,process,0.0,0,0.0,0.0,N,1.0,0.0
2026-07-30T23:07:33,codecarbon,3f8bee45-ed50-4db9-8a7d-c3cab989a84a,5b0fa12a-3dd7-45bb-9766-cc326314d9f1,1.163668300025165,3.792098478350255e-07,3.258745192481611e-07,8.53818139167612,0.0,10.0,2.7195025587938098e-06,0.0,3.139522777766817e-06,5.859025336560626e-06,0.0,Canada,CAN,ontario,,,Windows-10-10.0.26200-SP0,3.11.9,3.2.6,8,Intel(R) Core(TM) i7-1065G7 CPU @ 1.30GHz,0,,-75.6718,45.3316,15.595848083496094,process,0.0,0,70.5,10.9893798828125,N,1.0,0.0
2026-07-30T23:07:38,codecarbon,83248ce8-0321-4dbf-ba09-bcb181fdfe9c,5b0fa12a-3dd7-45bb-9766-cc326314d9f1,0.3918614001013338,1.3810272567217714e-07,3.5242747980909657e-07,10.553676531383337,0.0,10.0,1.1130103685567934e-06,0.0,1.0207616665866223e-06,2.133772035143416e-06,0.0,Canada,CAN,ontario,,,Windows-10-10.0.26200-SP0,3.11.9,3.2.6,8,Intel(R) Core(TM) i7-1065G7 CPU @ 1.30GHz,0,,-75.6718,45.3316,15.595848083496094,process,0.0,0,0.0,0.0,N,1.0,0.0
2026-07-30T23:07:44,codecarbon,5a7f6f5d-fb06-4e38-9e3c-2f48f14c6ee2,5b0fa12a-3dd7-45bb-9766-cc326314d9f1,1.0843076999299228,3.901066751148474e-07,3.597748822959197e-07,10.467329255827682,0.0,10.0,3.105296630210547e-06,0.0,2.9220913886092607e-06,6.027388018819808e-06,0.0,Canada,CAN,ontario,,,Windows-10-10.0.26200-SP0,3.11.9,3.2.6,8,Intel(R) Core(TM) i7-1065G7 CPU @ 1.30GHz,0,,-75.6718,45.3316,15.595848083496094,process,0.0,0,70.5,10.997074127197266,N,1.0,0.0
2026-07-30T23:07:50,codecarbon,2d4522d7-51f7-45c2-9952-ed12f0ec2f34,5b0fa12a-3dd7-45bb-9766-cc326314d9f1,1.159577899845317,4.00869659268803e-07,3.457030867199844e-07,9.67216499189842,0.0,10.0,3.0692135762984308e-06,0.0,3.1244691661817746e-06,6.193682742480205e-06,0.0,Canada,CAN,ontario,,,Windows-10-10.0.26200-SP0,3.11.9,3.2.6,8,Intel(R) Core(TM) i7-1065G7 CPU @ 1.30GHz,0,,-75.6718,45.3316,15.595848083496094,process,0.0,0,70.7,11.025714874267578,N,1.0,0.0
2026-07-30T23:07:56,codecarbon,d212e978-5b8b-4082-a374-eb1eb7d45676,5b0fa12a-3dd7-45bb-9766-cc326314d9f1,0.9404426999390124,3.255665389510826e-07,3.461843437906376e-07,9.81991691985958,0.0,10.0,2.5158498943571523e-06,0.0,2.514353333066942e-06,5.030203227424094e-06,0.0,Canada,CAN,ontario,,,Windows-10-10.0.26200-SP0,3.11.9,3.2.6,8,Intel(R) Core(TM) i7-1065G7 CPU @ 1.30GHz,0,,-75.6718,45.3316,15.595848083496094,process,0.0,0,0.0,0.0,N,1.0,0.0
2026-07-30T23:08:01,codecarbon,d3f49e59-7191-4308-85ea-fba55c119dd4,5b0fa12a-3dd7-45bb-9766-cc326314d9f1,0.5431332001462579,1.9411545572400146e-07,3.573993555756286e-07,10.628992368617814,0.0,10.0,1.564389269013329e-06,0.0,1.4348138893385314e-06,2.9992031583518607e-06,0.0,Canada,CAN,ontario,,,Windows-10-10.0.26200-SP0,3.11.9,3.2.6,8,Intel(R) Core(TM) i7-1065G7 CPU @ 1.30GHz,0,,-75.6718,45.3316,15.595848083496094,process,0.0,0,0.0,0.0,N,1.0,0.0
2026-07-30T23:08:07,codecarbon,e9bc5e90-9ba6-483c-8b06-1c716f00ede6,5b0fa12a-3dd7-45bb-9766-cc326314d9f1,1.0800853001419457,2.565494174111159e-07,2.375269965968429e-07,3.580304216747926,0.0,10.0,1.0576412589139394e-06,0.0,2.906205000019529e-06,3.963846258933468e-06,0.0,Canada,CAN,ontario,,,Windows-10-10.0.26200-SP0,3.11.9,3.2.6,8,Intel(R) Core(TM) i7-1065G7 CPU @ 1.30GHz,0,,-75.6718,45.3316,15.595848083496094,process,0.0,0,71.8,11.19390106201172,N,1.0,0.0
2026-07-30T23:08:14,codecarbon,5de7f76e-c7c4-4314-979d-d81c9ef06fe3,5b0fa12a-3dd7-45bb-9766-cc326314d9f1,1.839398599928245,7.311375534302794e-07,3.974872838648465e-07,12.383507644065638,0.0,10.0,6.272772576787005e-06,0.0,5.0237522221222105e-06,1.1296524798909216e-05,0.0,Canada,CAN,ontario,,,Windows-10-10.0.26200-SP0,3.11.9,3.2.6,8,Intel(R) Core(TM) i7-1065G7 CPU @ 1.30GHz,0,,-75.6718,45.3316,15.595848083496094,process,0.0,0,71.4,11.14315414428711,N,1.0,0.0
2026-07-30T23:08:20,codecarbon,b6ec41c1-1f7f-4f21-9aff-d33ae76a1bf1,5b0fa12a-3dd7-45bb-9766-cc326314d9f1,0.8402519000228494,2.972052110208947e-07,3.537096566075157e-07,10.278021492093126,0.0,10.0,2.3509954926540032e-06,0.0,2.241007778017472e-06,4.592003270671475e-06,0.0,Canada,CAN,ontario,,,Windows-10-10.0.26200-SP0,3.11.9,3.2.6,8,Intel(R) Core(TM) i7-1065G7 CPU @ 1.30GHz,0,,-75.6718,45.3316,15.595848083496094,process,0.0,0,0.0,0.0,N,1.0,0.0
2026-07-30T23:08:25,codecarbon,4cc3acbf-81cc-43eb-aa10-f57e004e8fda,5b0fa12a-3dd7-45bb-9766-cc326314d9f1,0.7983121001161635,2.80185641576122e-07,3.5097256014953524e-07,10.126004031442804,0.0,10.0,2.1990460122275644e-06,0.0,2.129994444678434e-06,4.329040456905999e-06,0.0,Canada,CAN,ontario,,,Windows-10-10.0.26200-SP0,3.11.9,3.2.6,8,Intel(R) Core(TM) i7-1065G7 CPU @ 1.30GHz,0,,-75.6718,45.3316,15.595848083496094,process,0.0,0,0.0,0.0,N,1.0,0.0
2026-07-30T23:08:31,codecarbon,4e9e3583-0db4-485a-955b-8bfd170f3b35,5b0fa12a-3dd7-45bb-9766-cc326314d9f1,0.8438609999138862,3.190002610747064e-07,3.780246522913839e-07,11.625277181810084,0.0,10.0,2.673706863346991e-06,0.0,2.2550433330858747e-06,4.9287501964328655e-06,0.0,Canada,CAN,ontario,,,Windows-10-10.0.26200-SP0,3.11.9,3.2.6,8,Intel(R) Core(TM) i7-1065G7 CPU @ 1.30GHz,0,,-75.6718,45.3316,15.595848083496094,process,0.0,0,0.0,0.0,N,1.0,0.0
2026-07-30T23:08:37,codecarbon,82ae808a-94ff-4d83-a7d2-424f92cb0f40,5b0fa12a-3dd7-45bb-9766-cc326314d9f1,1.7041974000167102,6.015179706124455e-07,3.529626148981025e-07,9.94545179898927,0.0,10.0,4.661716703864028e-06,0.0,4.63210583354036e-06,9.293822537404388e-06,0.0,Canada,CAN,ontario,,,Windows-10-10.0.26200-SP0,3.11.9,3.2.6,8,Intel(R) Core(TM) i7-1065G7 CPU @ 1.30GHz,0,,-75.6718,45.3316,15.595848083496094,process,0.0,0,70.4,10.9779052734375,N,1.0,0.0
2026-07-30T23:08:43,codecarbon,fb1272b4-8a48-48d3-9cfa-df529243fca9,5b0fa12a-3dd7-45bb-9766-cc326314d9f1,1.2288969999644903,4.477744651416038e-07,3.643710295936457e-07,10.764631679247646,0.0,10.0,3.612518891952241e-06,0.0,3.305871944434734e-06,6.918390836386975e-06,0.0,Canada,CAN,ontario,,,Windows-10-10.0.26200-SP0,3.11.9,3.2.6,8,Intel(R) Core(TM) i7-1065G7 CPU @ 1.30GHz,0,,-75.6718,45.3316,15.595848083496094,process,0.0,0,70.4,10.980552673339844,N,1.0,0.0
2026-07-30T23:08:49,codecarbon,83b51570-bd8c-416f-b527-337ffdd146f5,5b0fa12a-3dd7-45bb-9766-cc326314d9f1,0.6577940999995917,2.599338789019474e-07,3.9515994275732893e-07,12.741875658306013,0.0,10.0,2.2741427144369543e-06,0.0,1.7419955557367455e-06,4.0161382701737e-06,0.0,Canada,CAN,ontario,,,Windows-10-10.0.26200-SP0,3.11.9,3.2.6,8,Intel(R) Core(TM) i7-1065G7 CPU @ 1.30GHz,0,,-75.6718,45.3316,15.595848083496094,process,0.0,0,0.0,0.0,N,1.0,0.0
2026-07-30T23:08:55,codecarbon,3bb15129-21e7-495b-9e33-ed26e9bdb95a,5b0fa12a-3dd7-45bb-9766-cc326314d9f1,1.1959957999642938,4.306079960694117e-07,3.600413948629815e-07,10.435644937071794,0.0,10.0,3.4199002774442346e-06,0.0,3.233258055600648e-06,6.653158333044882e-06,0.0,Canada,CAN,ontario,,,Windows-10-10.0.26200-SP0,3.11.9,3.2.6,8,Intel(R) Core(TM) i7-1065G7 CPU @ 1.30GHz,0,,-75.6718,45.3316,15.595848083496094,process,0.0,0,70.4,10.977581024169922,N,1.0,0.0
2026-07-30T23:09:00,codecarbon,7ba335a5-c2f1-46db-aaa0-43fd9a26dec6,5b0fa12a-3dd7-45bb-9766-cc326314d9f1,0.5975367999635637,2.133228331803318e-07,3.570036744068979e-07,10.65252944559754,0.0,10.0,1.7223361734209136e-06,0.0,1.5736327778237563e-06,3.2959689512446697e-06,0.0,Canada,CAN,ontario,,,Windows-10-10.0.26200-SP0,3.11.9,3.2.6,8,Intel(R) Core(TM) i7-1065G7 CPU @ 1.30GHz,0,,-75.6718,45.3316,15.595848083496094,process,0.0,0,0.0,0.0,N,1.0,0.0
2026-07-30T23:09:06,codecarbon,7a80a13a-084e-444d-bf24-398085baa552,5b0fa12a-3dd7-45bb-9766-cc326314d9f1,1.1667625999543816,4.6644095006488923e-07,3.997736558260663e-07,12.705533163167352,0.0,10.0,4.0596278403427394e-06,0.0,3.1471716666904585e-06,7.206799507033198e-06,0.0,Canada,CAN,ontario,,,Windows-10-10.0.26200-SP0,3.11.9,3.2.6,8,Intel(R) Core(TM) i7-1065G7 CPU @ 1.30GHz,0,,-75.6718,45.3316,15.595848083496094,process,100.0,0,70.4,10.973682403564451,N,1.0,0.0
2026-07-30T23:09:13,codecarbon,16295ae6-8a02-4032-af3e-9da1cb79340f,5b0fa12a-3dd7-45bb-9766-cc326314d9f1,2.044194299960509,7.444401724023506e-07,3.641729029460322e-07,10.511259206308884,0.0,10.0,5.918793997614606e-06,0.0,5.583264444592513e-06,1.150205844220712e-05,0.0,Canada,CAN,ontario,,,Windows-10-10.0.26200-SP0,3.11.9,3.2.6,8,Intel(R) Core(TM) i7-1065G7 CPU @ 1.30GHz,0,,-75.6718,45.3316,15.595848083496094,process,45.4,0,70.3,10.971492767333984,N,1.0,0.0
2026-07-30T23:09:19,codecarbon,f5d8d69e-65ba-4eb4-b20e-2cdb6a1a2674,5b0fa12a-3dd7-45bb-9766-cc326314d9f1,1.7058349000290036,6.100717134771715e-07,3.57638194333343e-07,10.205756836286184,0.0,10.0,4.785251735810984e-06,0.0,4.640731388806469e-06,9.425983124617452e-06,0.0,Canada,CAN,ontario,,,Windows-10-10.0.26200-SP0,3.11.9,3.2.6,8,Intel(R) Core(TM) i7-1065G7 CPU @ 1.30GHz,0,,-75.6718,45.3316,15.595848083496094,process,48.7,0,70.3,10.968338012695312,N,1.0,0.0
2026-07-30T23:09:25,codecarbon,ccc97288-7e56-4066-8ed4-b6af88bf9ac3,5b0fa12a-3dd7-45bb-9766-cc326314d9f1,0.6621835997793823,2.496341619760636e-07,3.769863253321789e-07,11.556597291203794,0.0,10.0,2.086992421761349e-06,0.0,1.770008888302578e-06,3.857001310063927e-06,0.0,Canada,CAN,ontario,,,Windows-10-10.0.26200-SP0,3.11.9,3.2.6,8,Intel(R) Core(TM) i7-1065G7 CPU @ 1.30GHz,0,,-75.6718,45.3316,15.595848083496094,process,0.0,0,0.0,0.0,N,1.0,0.0
2026-07-30T23:09:32,codecarbon,1aa7f75e-c4b3-42af-a966-32e300d94fea,5b0fa12a-3dd7-45bb-9766-cc326314d9f1,2.121753100072965,7.645600198021534e-07,3.603435384521701e-07,10.276591166186638,0.0,10.0,6.010369679049428e-06,0.0,5.802552777782289e-06,1.1812922456831716e-05,0.0,Canada,CAN,ontario,,,Windows-10-10.0.26200-SP0,3.11.9,3.2.6,8,Intel(R) Core(TM) i7-1065G7 CPU @ 1.30GHz,0,,-75.6718,45.3316,15.595848083496094,process,0.0,0,70.35,10.97352409362793,N,1.0,0.0
2026-07-30T23:09:37,codecarbon,2818aa0b-7ecf-4a83-bd00-13948c19f78b,5b0fa12a-3dd7-45bb-9766-cc326314d9f1,0.3706953001674264,1.3124522958410565e-07,3.5405150678961415e-07,10.75434844010444,0.0,10.0,1.0687017258501344e-06,0.0,9.591177778525485e-07,2.027819503702683e-06,0.0,Canada,CAN,ontario,,,Windows-10-10.0.26200-SP0,3.11.9,3.2.6,8,Intel(R) Core(TM) i7-1065G7 CPU @ 1.30GHz,0,,-75.6718,45.3316,15.595848083496094,process,0.0,0,0.0,0.0,N,1.0,0.0
2026-07-30T23:09:43,codecarbon,d54fae62-f59e-4157-a1ee-f3582bfd9410,5b0fa12a-3dd7-45bb-9766-cc326314d9f1,1.524356999900192,6.043006614412943e-07,3.964298792742521e-07,12.419989352158048,0.0,10.0,5.198041544013211e-06,0.0,4.138775277856944e-06,9.336816821870155e-06,0.0,Canada,CAN,ontario,,,Windows-10-10.0.26200-SP0,3.11.9,3.2.6,8,Intel(R) Core(TM) i7-1065G7 CPU @ 1.30GHz,0,,-75.6718,45.3316,15.595848083496094,process,0.0,0,70.5,10.98819351196289,N,1.0,0.0
2026-07-30T23:09:49,codecarbon,26444cc8-bc4c-4330-890c-c0f05446fd8f,5b0fa12a-3dd7-45bb-9766-cc326314d9f1,1.4783390001393857,5.259804711741584e-07,3.55791514073948e-07,10.144740369895487,0.0,10.0,4.117395331878695e-06,0.0,4.009326388930074e-06,8.126721720808769e-06,0.0,Canada,CAN,ontario,,,Windows-10-10.0.26200-SP0,3.11.9,3.2.6,8,Intel(R) Core(TM) i7-1065G7 CPU @ 1.30GHz,0,,-75.6718,45.3316,15.595848083496094,process,0.0,0,70.5,10.98773956298828,N,1.0,0.0
2026-07-30T23:09:55,codecarbon,834c21c0-c5e3-4c15-a6d1-f0605e66251c,5b0fa12a-3dd7-45bb-9766-cc326314d9f1,1.1845932002179325,4.279711359994003e-07,3.612811013271606e-07,10.54036890320224,0.0,10.0,3.418583611780244e-06,0.0,3.1938336116986144e-06,6.612417223478858e-06,0.0,Canada,CAN,ontario,,,Windows-10-10.0.26200-SP0,3.11.9,3.2.6,8,Intel(R) Core(TM) i7-1065G7 CPU @ 1.30GHz,0,,-75.6718,45.3316,15.595848083496094,process,0.0,0,70.4,10.984634399414062,N,1.0,0.0
2026-07-30T23:10:01,codecarbon,c1ac3838-8c5e-496a-bac6-f1090c7d2645,5b0fa12a-3dd7-45bb-9766-cc326314d9f1,0.8024039999581873,3.111571298844209e-07,3.877811300799037e-07,12.21435636843228,0.0,10.0,2.672237885977339e-06,0.0,2.135331110589e-06,4.807568996566338e-06,0.0,Canada,CAN,ontario,,,Windows-10-10.0.26200-SP0,3.11.9,3.2.6,8,Intel(R) Core(TM) i7-1065G7 CPU @ 1.30GHz,0,,-75.6718,45.3316,15.595848083496094,process,0.0,0,0.0,0.0,N,1.0,0.0
2026-07-30T23:10:07,codecarbon,652911e7-b1d8-422f-b031-3163f591cbcd,5b0fa12a-3dd7-45bb-9766-cc326314d9f1,1.432086099870503,5.170078259213435e-07,3.610172781986322e-07,10.424388958906585,0.0,10.0,4.101351611708869e-06,0.0,3.886737222395216e-06,7.988088834104087e-06,0.0,Canada,CAN,ontario,,,Windows-10-10.0.26200-SP0,3.11.9,3.2.6,8,Intel(R) Core(TM) i7-1065G7 CPU @ 1.30GHz,0,,-75.6718,45.3316,15.595848083496094,process,100.0,0,70.5,10.994865417480469,N,1.0,0.0
2026-07-30T23:10:13,codecarbon,e80db6a6-ee3e-4903-b308-c86110d557ac,5b0fa12a-3dd7-45bb-9766-cc326314d9f1,0.7857025000266731,2.808093885282745e-07,3.57399128192594e-07,10.483655046516152,0.0,10.0,2.243068564192179e-06,0.0,2.0956091666852847e-06,4.338677730877464e-06,0.0,Canada,CAN,ontario,,,Windows-10-10.0.26200-SP0,3.11.9,3.2.6,8,Intel(R) Core(TM) i7-1065G7 CPU @ 1.30GHz,0,,-75.6718,45.3316,15.595848083496094,process,0.0,0,0.0,0.0,N,1.0,0.0
2026-07-30T23:10:18,codecarbon,067fe275-1c45-4da8-bcc3-a11030490023,5b0fa12a-3dd7-45bb-9766-cc326314d9f1,0.6977593000046909,2.731013439827538e-07,3.913976409643237e-07,12.236385476453677,0.0,10.0,2.3374987029904973e-06,0.0,1.8820849997508857e-06,4.219583702741383e-06,0.0,Canada,CAN,ontario,,,Windows-10-10.0.26200-SP0,3.11.9,3.2.6,8,Intel(R) Core(TM) i7-1065G7 CPU @ 1.30GHz,0,,-75.6718,45.3316,15.595848083496094,process,0.0,0,0.0,0.0,N,1.0,0.0
2026-07-30T23:10:24,codecarbon,571aafda-ed26-492c-b10b-28efb213ee1b,5b0fa12a-3dd7-45bb-9766-cc326314d9f1,1.557429900160059,5.31210727940885e-07,3.410816293473573e-07,9.30265601607532,0.0,10.0,3.979419904142486e-06,0.0,4.2281124999539725e-06,8.207532404096458e-06,0.0,Canada,CAN,ontario,,,Windows-10-10.0.26200-SP0,3.11.9,3.2.6,8,Intel(R) Core(TM) i7-1065G7 CPU @ 1.30GHz,0,,-75.6718,45.3316,15.595848083496094,process,0.0,0,70.5,10.986957550048828,N,1.0,0.0
2026-07-30T23:10:31,codecarbon,b79a6e0a-21f4-4466-b4df-7e36c246e5a6,5b0fa12a-3dd7-45bb-9766-cc326314d9f1,1.948482499923557,7.107026496084301e-07,3.647467450368748e-07,10.547347377428489,0.0,10.0,5.660230747043867e-06,0.0,5.3205622217824895e-06,1.0980792968826358e-05,0.0,Canada,CAN,ontario,,,Windows-10-10.0.26200-SP0,3.11.9,3.2.6,8,Intel(R) Core(TM) i7-1065G7 CPU @ 1.30GHz,0,,-75.6718,45.3316,15.595848083496094,process,100.0,0,70.5,10.991958618164062,N,1.0,0.0
2026-07-30T23:10:36,codecarbon,4ff41a94-3929-40be-bfac-f1ea1c314bf2,5b0fa12a-3dd7-45bb-9766-cc326314d9f1,0.5089285001158714,1.9958737802675562e-07,3.921717451101953e-07,12.538484453402765,0.0,10.0,1.7329557783548696e-06,0.0,1.3507919444236906e-06,3.0837477227785604e-06,0.0,Canada,CAN,ontario,,,Windows-10-10.0.26200-SP0,3.11.9,3.2.6,8,Intel(R) Core(TM) i7-1065G7 CPU @ 1.30GHz,0,,-75.6718,45.3316,15.595848083496094,process,0.0,0,0.0,0.0,N,1.0,0.0
2026-07-30T23:10:43,codecarbon,d680be71-5b34-4875-a3ef-79ce6679c677,5b0fa12a-3dd7-45bb-9766-cc326314d9f1,1.4758629000280052,5.28536543386664e-07,3.5812035343976377e-07,10.252308428646446,0.0,10.0,4.1569357194056894e-06,0.0,4.009278888891762e-06,8.166214608297451e-06,0.0,Canada,CAN,ontario,,,Windows-10-10.0.26200-SP0,3.11.9,3.2.6,8,Intel(R) Core(TM) i7-1065G7 CPU @ 1.30GHz,0,,-75.6718,45.3316,15.595848083496094,process,0.0,0,70.5,10.991096496582031,N,1.0,0.0
2026-07-30T23:10:48,codecarbon,5540c97e-9f3d-4833-9c9b-d54a663c822f,5b0fa12a-3dd7-45bb-9766-cc326314d9f1,0.8160837001632899,2.889144862784844e-07,3.540255567176204e-07,10.244646679029415,0.0,10.0,2.27943758583564e-06,0.0,2.1844688893502783e-06,4.463906475185918e-06,0.0,Canada,CAN,ontario,,,Windows-10-10.0.26200-SP0,3.11.9,3.2.6,8,Intel(R) Core(TM) i7-1065G7 CPU @ 1.30GHz,0,,-75.6718,45.3316,15.595848083496094,process,0.0,0,0.0,0.0,N,1.0,0.0
2026-07-30T23:10:54,codecarbon,2c2223a2-96f6-4ccf-b02b-9b1a1c01e52c,5b0fa12a-3dd7-45bb-9766-cc326314d9f1,0.6131949999835342,2.3827686915439935e-07,3.885825376279938e-07,12.19689022166128,0.0,10.0,2.040121651735679e-06,0.0,1.641402500293528e-06,3.681524152029207e-06,0.0,Canada,CAN,ontario,,,Windows-10-10.0.26200-SP0,3.11.9,3.2.6,8,Intel(R) Core(TM) i7-1065G7 CPU @ 1.30GHz,0,,-75.6718,45.3316,15.595848083496094,process,0.0,0,0.0,0.0,N,1.0,0.0
2026-07-30T23:10:59,codecarbon,f59106f3-575f-46b8-8ffc-26a60118f519,5b0fa12a-3dd7-45bb-9766-cc326314d9f1,0.3686657999642193,1.304756704877748e-07,3.5391313894708445e-07,10.745832512089937,0.0,10.0,1.0621001755460706e-06,0.0,9.5382916689333e-07,2.0159293424394004e-06,0.0,Canada,CAN,ontario,,,Windows-10-10.0.26200-SP0,3.11.9,3.2.6,8,Intel(R) Core(TM) i7-1065G7 CPU @ 1.30GHz,0,,-75.6718,45.3316,15.595848083496094,process,0.0,0,0.0,0.0,N,1.0,0.0
2026-07-30T23:11:04,codecarbon,bd7d16aa-3450-41a5-8bb4-379f1b583572,5b0fa12a-3dd7-45bb-9766-cc326314d9f1,1.137245199875906,4.158030116945812e-07,3.656230087759023e-07,10.795431128028,0.0,10.0,3.358937220951264e-06,0.0,3.065474999473534e-06,6.424412220424797e-06,0.0,Canada,CAN,ontario,,,Windows-10-10.0.26200-SP0,3.11.9,3.2.6,8,Intel(R) Core(TM) i7-1065G7 CPU @ 1.30GHz,0,,-75.6718,45.3316,15.595848083496094,process,0.0,0,70.3,10.958431243896484,N,1.0,0.0
2026-07-30T23:11:10,codecarbon,f04963d9-590d-4c37-9565-104baf8edce1,5b0fa12a-3dd7-45bb-9766-cc326314d9f1,0.4671443998813629,1.777416871334556e-07,3.804855354759583e-07,11.906063935808657,0.0,10.0,1.5096941984706728e-06,0.0,1.236524166435831e-06,2.746218364906504e-06,0.0,Canada,CAN,ontario,,,Windows-10-10.0.26200-SP0,3.11.9,3.2.6,8,Intel(R) Core(TM) i7-1065G7 CPU @ 1.30GHz,0,,-75.6718,45.3316,15.595848083496094,process,0.0,0,0.0,0.0,N,1.0,0.0
2026-07-30T23:11:16,codecarbon,b9cfae65-bf81-47c0-9498-01ea1296acb6,5b0fa12a-3dd7-45bb-9766-cc326314d9f1,1.4548959999810904,5.211333984682188e-07,3.581928869657984e-07,10.2740557753215,0.0,10.0,4.104540077551079e-06,0.0,3.947291389340535e-06,8.051831466891612e-06,0.0,Canada,CAN,ontario,,,Windows-10-10.0.26200-SP0,3.11.9,3.2.6,8,Intel(R) Core(TM) i7-1065G7 CPU @ 1.30GHz,0,,-75.6718,45.3316,15.595848083496094,process,0.0,0,70.1,10.935653686523438,N,1.0,0.0
2026-07-30T23:11:23,codecarbon,d8322d45-96ef-4cbc-b4c1-be3b86ac34f3,5b0fa12a-3dd7-45bb-9766-cc326314d9f1,2.111258400138468,7.998463867912052e-07,3.788481726058483e-07,11.374426065224526,0.0,10.0,6.607049914113273e-06,0.0,5.751068611344737e-06,1.2358118525458007e-05,0.0,Canada,CAN,ontario,,,Windows-10-10.0.26200-SP0,3.11.9,3.2.6,8,Intel(R) Core(TM) i7-1065G7 CPU @ 1.30GHz,0,,-75.6718,45.3316,15.595848083496094,process,0.0,0,70.05,10.922996520996094,N,1.0,0.0
2026-07-30T23:11:29,codecarbon,4c970e2e-8a84-411c-be6f-6a8690630a49,5b0fa12a-3dd7-45bb-9766-cc326314d9f1,1.141527900006622,4.488003934129612e-07,3.9315762094851793e-07,12.274201575806972,0.0,10.0,3.8444173365945945e-06,0.0,3.089824722458919e-06,6.934242059053513e-06,0.0,Canada,CAN,ontario,,,Windows-10-10.0.26200-SP0,3.11.9,3.2.6,8,Intel(R) Core(TM) i7-1065G7 CPU @ 1.30GHz,0,,-75.6718,45.3316,15.595848083496094,process,0.0,0,70.1,10.928665161132812,N,1.0,0.0
2026-07-30T23:11:34,codecarbon,6742b3c0-45b7-46cc-b2c6-aeb1c136482d,5b0fa12a-3dd7-45bb-9766-cc326314d9f1,0.3071229001507163,1.0854327258731626e-07,3.534196653328363e-07,10.721295121071892,0.0,10.0,8.829108636270982e-07,0.0,7.941494443609069e-07,1.6770603079880052e-06,0.0,Canada,CAN,ontario,,,Windows-10-10.0.26200-SP0,3.11.9,3.2.6,8,Intel(R) Core(TM) i7-1065G7 CPU @ 1.30GHz,0,,-75.6718,45.3316,15.595848083496094,process,0.0,0,0.0,0.0,N,1.0,0.0
2026-07-30T23:11:40,codecarbon,6c550ade-5235-4058-9e43-d12f6475ff22,5b0fa12a-3dd7-45bb-9766-cc326314d9f1,1.099356999853626,4.017008250498815e-07,3.653961589396038e-07,10.78024442305268,0.0,10.0,3.242759209534796e-06,0.0,2.9637655553718407e-06,6.206524764906636e-06,0.0,Canada,CAN,ontario,,,Windows-10-10.0.26200-SP0,3.11.9,3.2.6,8,Intel(R) Core(TM) i7-1065G7 CPU @ 1.30GHz,0,,-75.6718,45.3316,15.595848083496094,process,0.0,0,70.0,10.91655731201172,N,1.0,0.0
2026-07-30T23:11:46,codecarbon,98828bfe-b62b-4528-8f4a-664e36ddf8e2,5b0fa12a-3dd7-45bb-9766-cc326314d9f1,1.2597240000031888,4.934729995684028e-07,3.917310455045341e-07,12.283850854528067,0.0,10.0,4.23010407293619e-06,0.0,3.394357221744334e-06,7.624461294680524e-06,0.0,Canada,CAN,ontario,,,Windows-10-10.0.26200-SP0,3.11.9,3.2.6,8,Intel(R) Core(TM) i7-1065G7 CPU @ 1.30GHz,0,,-75.6718,45.3316,15.595848083496094,process,0.0,0,69.7,10.862922668457031,N,1.0,0.0
2026-07-30T23:11:51,codecarbon,16ffb262-fa87-4a3e-a0cd-fd6b74ece593,5b0fa12a-3dd7-45bb-9766-cc326314d9f1,0.9603122998960316,3.3949320097027295e-07,3.535237453555768e-07,10.200289488384067,0.0,10.0,2.673315386187888e-06,0.0,2.5720633333548905e-06,5.245378719542778e-06,0.0,Canada,CAN,ontario,,,Windows-10-10.0.26200-SP0,3.11.9,3.2.6,8,Intel(R) Core(TM) i7-1065G7 CPU @ 1.30GHz,0,,-75.6718,45.3316,15.595848083496094,process,0.0,0,0.0,0.0,N,1.0,0.0
2026-07-30T23:11:57,codecarbon,7ebc216a-02c9-49fd-a60d-e9aa42ed1b1e,5b0fa12a-3dd7-45bb-9766-cc326314d9f1,0.8385034000966698,2.9887905675777045e-07,3.564434642999816e-07,10.386258108614566,0.0,10.0,2.3747004942103706e-06,0.0,2.243164722393784e-06,4.617865216604154e-06,0.0,Canada,CAN,ontario,,,Windows-10-10.0.26200-SP0,3.11.9,3.2.6,8,Intel(R) Core(TM) i7-1065G7 CPU @ 1.30GHz,0,,-75.6718,45.3316,15.595848083496094,process,0.0,0,0.0,0.0,N,1.0,0.0
2026-07-30T23:12:03,codecarbon,ecbd062e-7635-48de-bd08-f842e596ca99,5b0fa12a-3dd7-45bb-9766-cc326314d9f1,0.6929538999684155,2.7470440680395104e-07,3.964252265792457e-07,12.718117273536269,0.0,10.0,2.398018675964398e-06,0.0,1.846333333135893e-06,4.244352009100292e-06,0.0,Canada,CAN,ontario,,,Windows-10-10.0.26200-SP0,3.11.9,3.2.6,8,Intel(R) Core(TM) i7-1065G7 CPU @ 1.30GHz,0,,-75.6718,45.3316,15.595848083496094,process,0.0,0,0.0,0.0,N,1.0,0.0
2026-07-30T23:12:09,codecarbon,032301a2-cc89-4ac0-b838-a851bbf8f348,5b0fa12a-3dd7-45bb-9766-cc326314d9f1,1.215305000077933,4.4100300983965963e-07,3.6287434825939147e-07,10.614759124847428,0.0,10.0,3.5333115767261014e-06,0.0,3.2804561112748668e-06,6.8137676880009686e-06,0.0,Canada,CAN,ontario,,,Windows-10-10.0.26200-SP0,3.11.9,3.2.6,8,Intel(R) Core(TM) i7-1065G7 CPU @ 1.30GHz,0,,-75.6718,45.3316,15.595848083496094,process,0.0,0,69.0,10.759136199951172,N,1.0,0.0
2026-07-30T23:12:16,codecarbon,88cc3d5f-5682-45ea-9098-4cda7b28ed43,5b0fa12a-3dd7-45bb-9766-cc326314d9f1,2.768808400025592,7.021393340140059e-07,2.535889930150155e-07,4.255447782724014,0.0,10.0,3.2527480878751467e-06,0.0,7.595736389177748e-06,1.0848484477052895e-05,0.0,Canada,CAN,ontario,,,Windows-10-10.0.26200-SP0,3.11.9,3.2.6,8,Intel(R) Core(TM) i7-1065G7 CPU @ 1.30GHz,0,,-75.6718,45.3316,15.595848083496094,process,0.0,0,69.0,10.759666442871094,N,1.0,0.0
2026-07-30T23:12:22,codecarbon,03f3abd4-05fc-4a8b-b99a-d08e3e444a24,5b0fa12a-3dd7-45bb-9766-cc326314d9f1,0.8518142998218536,2.930525251502511e-07,3.440333476575111e-07,9.52036883624154,0.0,10.0,2.222999776290677e-06,0.0,2.3048419440682565e-06,4.527841720358933e-06,0.0,Canada,CAN,ontario,,,Windows-10-10.0.26200-SP0,3.11.9,3.2.6,8,Intel(R) Core(TM) i7-1065G7 CPU @ 1.30GHz,0,,-75.6718,45.3316,15.595848083496094,process,0.0,0,0.0,0.0,N,1.0,0.0
2026-07-30T23:12:29,codecarbon,ae4d1444-885c-4fc9-8c15-987c5837b289,5b0fa12a-3dd7-45bb-9766-cc326314d9f1,2.211697699967772,8.036074368630808e-07,3.633441572393871e-07,10.44569587799018,0.0,10.0,6.3681276726653584e-06,0.0,6.0481013891856286e-06,1.2416229061850989e-05,0.0,Canada,CAN,ontario,,,Windows-10-10.0.26200-SP0,3.11.9,3.2.6,8,Intel(R) Core(TM) i7-1065G7 CPU @ 1.30GHz,0,,-75.6718,45.3316,15.595848083496094,process,0.0,0,67.3,10.496170043945312,N,1.0,0.0
2026-07-30T23:12:37,codecarbon,70fe0d60-f8d4-4775-9dce-a7749a81870a,5b0fa12a-3dd7-45bb-9766-cc326314d9f1,3.0110498000867665,1.039564947494576e-06,3.452500013332957e-07,9.371007130053718,0.0,10.0,7.79286575421624e-06,0.0,8.269051944241963e-06,1.60619176984582e-05,0.0,Canada,CAN,ontario,,,Windows-10-10.0.26200-SP0,3.11.9,3.2.6,8,Intel(R) Core(TM) i7-1065G7 CPU @ 1.30GHz,0,,-75.6718,45.3316,15.595848083496094,process,22.6,0,67.5,10.522493362426758,N,1.0,0.0
2026-07-30T23:12:42,codecarbon,9b31e7d2-6244-463f-b807-90142e61b523,5b0fa12a-3dd7-45bb-9766-cc326314d9f1,0.6519784999545664,2.5630692918604976e-07,3.931217504931692e-07,12.417288061970606,0.0,10.0,2.2108774442859983e-06,0.0,1.7492222224569157e-06,3.960099666742914e-06,0.0,Canada,CAN,ontario,,,Windows-10-10.0.26200-SP0,3.11.9,3.2.6,8,Intel(R) Core(TM) i7-1065G7 CPU @ 1.30GHz,0,,-75.6718,45.3316,15.595848083496094,process,0.0,0,0.0,0.0,N,1.0,0.0
2026-07-30T23:12:48,codecarbon,0428ec51-9453-47ae-9686-ce88d65ab162,5b0fa12a-3dd7-45bb-9766-cc326314d9f1,0.9706967000383884,3.39008687891038e-07,3.492426500240819e-07,9.9497801109385,0.0,10.0,2.636060194514796e-06,0.0,2.6018325000121773e-06,5.237892694526973e-06,0.0,Canada,CAN,ontario,,,Windows-10-10.0.26200-SP0,3.11.9,3.2.6,8,Intel(R) Core(TM) i7-1065G7 CPU @ 1.30GHz,0,,-75.6718,45.3316,15.595848083496094,process,0.0,0,0.0,0.0,N,1.0,0.0
2026-07-30T23:12:53,codecarbon,b3bdaff7-ec5a-46b1-ad17-7b7cbd575928,5b0fa12a-3dd7-45bb-9766-cc326314d9f1,0.280932999914512,9.861140864527112e-08,3.510139737064659e-07,10.972620369296369,0.0,10.0,8.158496806301228e-07,0.0,7.077572220522497e-07,1.5236069026823729e-06,0.0,Canada,CAN,ontario,,,Windows-10-10.0.26200-SP0,3.11.9,3.2.6,8,Intel(R) Core(TM) i7-1065G7 CPU @ 1.30GHz,0,,-75.6718,45.3316,15.595848083496094,process,0.0,0,0.0,0.0,N,1.0,0.0
2026-07-30T23:12:59,codecarbon,570de9e8-ad80-4a8b-8f68-6e6f6357224e,5b0fa12a-3dd7-45bb-9766-cc326314d9f1,1.0879993999842554,3.978001061109627e-07,3.656252991653482e-07,10.781343811953583,0.0,10.0,3.2118434807676165e-06,0.0,2.9344127778636503e-06,6.146256258631267e-06,0.0,Canada,CAN,ontario,,,Windows-10-10.0.26200-SP0,3.11.9,3.2.6,8,Intel(R) Core(TM) i7-1065G7 CPU @ 1.30GHz,0,,-75.6718,45.3316,15.595848083496094,process,40.6,0,66.5,10.36565399169922,N,1.0,0.0
2026-07-30T23:13:05,codecarbon,309116d9-ade3-4eb4-943d-ad8496546475,5b0fa12a-3dd7-45bb-9766-cc326314d9f1,1.1469874000176787,3.64435877360402e-07,3.177331131578123e-07,8.131193765372245,0.0,10.0,2.5521314629831428e-06,0.0,3.0786269447869728e-06,5.630758407770116e-06,0.0,Canada,CAN,ontario,,,Windows-10-10.0.26200-SP0,3.11.9,3.2.6,8,Intel(R) Core(TM) i7-1065G7 CPU @ 1.30GHz,0,,-75.6718,45.3316,15.595848083496094,process,0.0,0,66.8,10.422351837158203,N,1.0,0.0
2026-07-30T23:13:10,codecarbon,11d7cb93-43b8-458e-812a-3e02eccc11ab,5b0fa12a-3dd7-45bb-9766-cc326314d9f1,0.7442348001059145,2.6698109126857817e-07,3.587323398886792e-07,10.586812019735223,0.0,10.0,2.142598423381204e-06,0.0,1.9824236113992003e-06,4.125022034780404e-06,0.0,Canada,CAN,ontario,,,Windows-10-10.0.26200-SP0,3.11.9,3.2.6,8,Intel(R) Core(TM) i7-1065G7 CPU @ 1.30GHz,0,,-75.6718,45.3316,15.595848083496094,process,0.0,0,0.0,0.0,N,1.0,0.0
2026-07-30T23:13:16,codecarbon,0c911e75-6ec9-407c-b38f-dc772ad2e5b1,5b0fa12a-3dd7-45bb-9766-cc326314d9f1,0.7757934001274407,2.87643954932335e-07,3.707739133706001e-07,11.254485109011718,0.0,10.0,2.37192931816033e-06,0.0,2.072346666439747e-06,4.444275984600077e-06,0.0,Canada,CAN,ontario,,,Windows-10-10.0.26200-SP0,3.11.9,3.2.6,8,Intel(R) Core(TM) i7-1065G7 CPU @ 1.30GHz,0,,-75.6718,45.3316,15.595848083496094,process,0.0,0,0.0,0.0,N,1.0,0.0
2026-07-30T23:13:22,codecarbon,35144393-3338-49f1-ac38-29759646da2d,5b0fa12a-3dd7-45bb-9766-cc326314d9f1,1.2371664999518543,4.46194296862203e-07,3.6065824355862133e-07,10.459443897060758,0.0,10.0,3.5477954310823182e-06,0.0,3.3461808336950423e-06,6.893976264777361e-06,0.0,Canada,CAN,ontario,,,Windows-10-10.0.26200-SP0,3.11.9,3.2.6,8,Intel(R) Core(TM) i7-1065G7 CPU @ 1.30GHz,0,,-75.6718,45.3316,15.595848083496094,process,0.0,0,66.8,10.421417236328123,N,1.0,0.0
2026-07-30T23:13:27,codecarbon,12a2c589-8e8d-4123-aa62-c93a18dfd0bf,5b0fa12a-3dd7-45bb-9766-cc326314d9f1,0.4875581997912377,1.6368558874900669e-07,3.357252299706854e-07,9.51241767456588,0.0,10.0,1.2515913346832495e-06,0.0,1.2774516666670226e-06,2.529043001350272e-06,0.0,Canada,CAN,ontario,,,Windows-10-10.0.26200-SP0,3.11.9,3.2.6,8,Intel(R) Core(TM) i7-1065G7 CPU @ 1.30GHz,0,,-75.6718,45.3316,15.595848083496094,process,0.0,0,0.0,0.0,N,1.0,0.0
2026-07-30T23:13:32,codecarbon,02c90b8d-eb4b-4306-9ef4-32c05bb0636a,5b0fa12a-3dd7-45bb-9766-cc326314d9f1,0.4959244998171925,1.86162328918105e-07,3.7538441635113417e-07,11.57247734232332,0.0,10.0,1.5591605147693056e-06,0.0,1.3171619438152349e-06,2.87632245858454e-06,0.0,Canada,CAN,ontario,,,Windows-10-10.0.26200-SP0,3.11.9,3.2.6,8,Intel(R) Core(TM) i7-1065G7 CPU @ 1.30GHz,0,,-75.6718,45.3316,15.595848083496094,process,0.0,0,0.0,0.0,N,1.0,0.0
2026-07-30T23:13:38,codecarbon,b899e0ef-5680-4599-aaeb-9fdf57560292,5b0fa12a-3dd7-45bb-9766-cc326314d9f1,1.5449310999829322,5.524658162670086e-07,3.575989998991619e-07,10.219967801893327,0.0,10.0,4.338272144713991e-06,0.0,4.197664444412415e-06,8.535936589126406e-06,0.0,Canada,CAN,ontario,,,Windows-10-10.0.26200-SP0,3.11.9,3.2.6,8,Intel(R) Core(TM) i7-1065G7 CPU @ 1.30GHz,0,,-75.6718,45.3316,15.595848083496094,process,0.0,0,66.9,10.43082046508789,N,1.0,0.0
2026-07-30T23:13:44,codecarbon,cef0fc3c-853d-46c4-9a57-c2afa31c2d4f,5b0fa12a-3dd7-45bb-9766-cc326314d9f1,0.9946196000091732,3.535102250056817e-07,3.5542254043899933e-07,10.269466825521176,0.0,10.0,2.789837304523521e-06,0.0,2.672113055854829e-06,5.46195036037835e-06,0.0,Canada,CAN,ontario,,,Windows-10-10.0.26200-SP0,3.11.9,3.2.6,8,Intel(R) Core(TM) i7-1065G7 CPU @ 1.30GHz,0,,-75.6718,45.3316,15.595848083496094,process,0.0,0,0.0,0.0,N,1.0,0.0
2026-07-30T23:13:50,codecarbon,d4aad449-9b71-41ee-84ea-b8452f7d8bf2,5b0fa12a-3dd7-45bb-9766-cc326314d9f1,0.8625491000711918,3.439156173099713e-07,3.987200465244073e-07,12.54688404070658,0.0,10.0,2.9720699936045e-06,0.0,2.34163777786307e-06,5.31370777146757e-06,0.0,Canada,CAN,ontario,,,Windows-10-10.0.26200-SP0,3.11.9,3.2.6,8,Intel(R) Core(TM) i7-1065G7 CPU @ 1.30GHz,0,,-75.6718,45.3316,15.595848083496094,process,0.0,0,0.0,0.0,N,1.0,0.0
2026-07-30T23:13:58,codecarbon,5398455f-2971-46f7-a212-f5e5b3d6bb31,5b0fa12a-3dd7-45bb-9766-cc326314d9f1,3.677328400081024,1.3252985328506026e-06,3.603971113434965e-07,10.197545663046323,0.0,10.0,1.0362903965089831e-05,0.0,1.0113773333270931e-05,2.0476677298360763e-05,0.0,Canada,CAN,ontario,,,Windows-10-10.0.26200-SP0,3.11.9,3.2.6,8,Intel(R) Core(TM) i7-1065G7 CPU @ 1.30GHz,0,,-75.6718,45.3316,15.595848083496094,process,28.46666666666667,0,67.0,10.44446309407552,N,1.0,0.0
2026-07-30T23:14:03,codecarbon,ce15659d-f1f7-4a7f-a2f3-cc121d286444,5b0fa12a-3dd7-45bb-9766-cc326314d9f1,0.4467673001345247,1.567487283850755e-07,3.508509426224287e-07,10.332243211051424,0.0,10.0,1.2481897984795185e-06,0.0,1.1736744445645146e-06,2.421864243044033e-06,0.0,Canada,CAN,ontario,,,Windows-10-10.0.26200-SP0,3.11.9,3.2.6,8,Intel(R) Core(TM) i7-1065G7 CPU @ 1.30GHz,0,,-75.6718,45.3316,15.595848083496094,process,0.0,0,0.0,0.0,N,1.0,0.0
2026-07-30T23:14:09,codecarbon,da754695-57e8-44c2-95db-ef1070f4f856,5b0fa12a-3dd7-45bb-9766-cc326314d9f1,1.10086700017564,4.462045849896821e-07,4.053210650500846e-07,12.928477162492978,0.0,10.0,3.907356055899808e-06,0.0,2.986779166773583e-06,6.894135222673391e-06,0.0,Canada,CAN,ontario,,,Windows-10-10.0.26200-SP0,3.11.9,3.2.6,8,Intel(R) Core(TM) i7-1065G7 CPU @ 1.30GHz,0,,-75.6718,45.3316,15.595848083496094,process,0.0,0,67.0,10.44952392578125,N,1.0,0.0
2026-07-30T23:14:16,codecarbon,8e759514-a3f7-4ec9-bdba-87db652c817d,5b0fa12a-3dd7-45bb-9766-cc326314d9f1,1.6313125998713076,5.851730816579702e-07,3.58713027597613e-07,10.269972987585165,0.0,10.0,4.605013951992657e-06,0.0,4.43627000010262e-06,9.041283952095276e-06,0.0,Canada,CAN,ontario,,,Windows-10-10.0.26200-SP0,3.11.9,3.2.6,8,Intel(R) Core(TM) i7-1065G7 CPU @ 1.30GHz,0,,-75.6718,45.3316,15.595848083496094,process,0.0,0,66.9,10.43828582763672,N,1.0,0.0
2026-07-30T23:14:22,codecarbon,594a63b4-5261-4296-b13f-14c97ab1d8bc,5b0fa12a-3dd7-45bb-9766-cc326314d9f1,1.177901100134477,4.138394934476324e-07,3.513363672046709e-07,9.979013943241435,0.0,10.0,3.2180241005013263e-06,0.0,3.176050555581848e-06,6.394074656083174e-06,0.0,Canada,CAN,ontario,,,Windows-10-10.0.26200-SP0,3.11.9,3.2.6,8,Intel(R) Core(TM) i7-1065G7 CPU @ 1.30GHz,0,,-75.6718,45.3316,15.595848083496094,process,0.0,0,67.2,10.48464584350586,N,1.0,0.0
2026-07-30T23:14:28,codecarbon,315e42a5-6449-44ce-bbb8-64bb03ed9797,5b0fa12a-3dd7-45bb-9766-cc326314d9f1,1.915395499905572,7.225461338757667e-07,3.772307776181933e-07,11.252385109996617,0.0,10.0,5.934557917354952e-06,0.0,5.229224166315464e-06,1.1163782083670416e-05,0.0,Canada,CAN,ontario,,,Windows-10-10.0.26200-SP0,3.11.9,3.2.6,8,Intel(R) Core(TM) i7-1065G7 CPU @ 1.30GHz,0,,-75.6718,45.3316,15.595848083496094,process,0.0,0,67.4,10.510501861572266,N,1.0,0.0
2026-07-30T23:14:34,codecarbon,eaffbd6a-11d2-4f07-baba-36e37900ad98,5b0fa12a-3dd7-45bb-9766-cc326314d9f1,1.048476199852303,3.671256707860868e-07,3.501516494487936e-07,9.95455504119657,0.0,10.0,2.852560148499312e-06,0.0,2.8197572217322886e-06,5.672317370231601e-06,0.0,Canada,CAN,ontario,,,Windows-10-10.0.26200-SP0,3.11.9,3.2.6,8,Intel(R) Core(TM) i7-1065G7 CPU @ 1.30GHz,0,,-75.6718,45.3316,15.595848083496094,process,0.0,0,0.0,0.0,N,1.0,0.0
2026-07-30T23:14:40,codecarbon,9b32021f-46bd-4966-81dc-949977246054,5b0fa12a-3dd7-45bb-9766-cc326314d9f1,0.6664803000167012,2.335239885176033e-07,3.503839325959844e-07,10.32155943352379,0.0,10.0,1.8553992233786056e-06,0.0,1.7526900001232409e-06,3.6080892235018473e-06,0.0,Canada,CAN,ontario,,,Windows-10-10.0.26200-SP0,3.11.9,3.2.6,8,Intel(R) Core(TM) i7-1065G7 CPU @ 1.30GHz,0,,-75.6718,45.3316,15.595848083496094,process,0.0,0,0.0,0.0,N,1.0,0.0
2026-07-30T23:14:46,codecarbon,850dbbfa-6cb6-45b6-82d2-85513d81fe90,5b0fa12a-3dd7-45bb-9766-cc326314d9f1,0.9985647001303732,3.978845201265944e-07,3.984564245808471e-07,12.675158676510607,0.0,10.0,3.457697729343792e-06,0.0,2.689862777737693e-06,6.147560507081485e-06,0.0,Canada,CAN,ontario,,,Windows-10-10.0.26200-SP0,3.11.9,3.2.6,8,Intel(R) Core(TM) i7-1065G7 CPU @ 1.30GHz,0,,-75.6718,45.3316,15.595848083496094,process,0.0,0,0.0,0.0,N,1.0,0.0
2026-07-30T23:14:52,codecarbon,88bbd6bb-a752-470d-b401-ad6cc3dfac29,5b0fa12a-3dd7-45bb-9766-cc326314d9f1,1.378513199975714,4.65063765795623e-07,3.373662042581937e-07,9.119597854815355,0.0,10.0,3.4495978300817246e-06,0.0,3.7359233331193935e-06,7.185521163201119e-06,0.0,Canada,CAN,ontario,,,Windows-10-10.0.26200-SP0,3.11.9,3.2.6,8,Intel(R) Core(TM) i7-1065G7 CPU @ 1.30GHz,0,,-75.6718,45.3316,15.595848083496094,process,0.0,0,67.0,10.447998046875,N,1.0,0.0
2026-07-30T23:14:57,codecarbon,30bba4fc-8e73-4be1-b655-98f0699b90e3,5b0fa12a-3dd7-45bb-9766-cc326314d9f1,0.4547709999606013,1.5688243736135824e-07,3.449701880175948e-07,10.07279055015704,0.0,10.0,1.234948184564587e-06,0.0,1.1889819443846744e-06,2.423930128949261e-06,0.0,Canada,CAN,ontario,,,Windows-10-10.0.26200-SP0,3.11.9,3.2.6,8,Intel(R) Core(TM) i7-1065G7 CPU @ 1.30GHz,0,,-75.6718,45.3316,15.595848083496094,process,0.0,0,0.0,0.0,N,1.0,0.0
2026-07-30T23:15:02,codecarbon,05ce0bb4-5cf3-4fa6-a573-41a9b1d28cdb,5b0fa12a-3dd7-45bb-9766-cc326314d9f1,0.3484849999658763,1.182573090828757e-07,3.3934691333760537e-07,9.8863638812564,0.0,10.0,9.241034227881632e-07,0.0,9.030447225086392e-07,1.8271481452968024e-06,0.0,Canada,CAN,ontario,,,Windows-10-10.0.26200-SP0,3.11.9,3.2.6,8,Intel(R) Core(TM) i7-1065G7 CPU @ 1.30GHz,0,,-75.6718,45.3316,15.595848083496094,process,0.0,0,0.0,0.0,N,1.0,0.0
2026-07-30T23:15:07,codecarbon,2a5d290e-38fc-4403-b96c-b7d1582b3d96,5b0fa12a-3dd7-45bb-9766-cc326314d9f1,0.3929318999871611,1.4467102941808666e-07,3.681834674731517e-07,11.390124109837576,0.0,10.0,1.2070130337564684e-06,0.0,1.028243333308233e-06,2.2352563670647017e-06,0.0,Canada,CAN,ontario,,,Windows-10-10.0.26200-SP0,3.11.9,3.2.6,8,Intel(R) Core(TM) i7-1065G7 CPU @ 1.30GHz,0,,-75.6718,45.3316,15.595848083496094,process,0.0,0,0.0,0.0,N,1.0,0.0
2026-07-30T23:15:12,codecarbon,41f9a2f6-5581-49e8-98f9-c59d20f58b15,5b0fa12a-3dd7-45bb-9766-cc326314d9f1,0.3370852000080049,1.1483130743222525e-07,3.406595941604624e-07,9.967635132067862,0.0,10.0,9.014723681621292e-07,0.0,8.727419448809492e-07,1.7742143130430784e-06,0.0,Canada,CAN,ontario,,,Windows-10-10.0.26200-SP0,3.11.9,3.2.6,8,Intel(R) Core(TM) i7-1065G7 CPU @ 1.30GHz,0,,-75.6718,45.3316,15.595848083496094,process,0.0,0,0.0,0.0,N,1.0,0.0
2026-07-30T23:15:18,codecarbon,4e6687ad-9f9e-4386-a770-6e4e792aaa3b,5b0fa12a-3dd7-45bb-9766-cc326314d9f1,1.111333099892363,3.9110050029169074e-07,3.519201401718085e-07,10.00472559872124,0.0,10.0,3.0443360069924293e-06,0.0,2.99840722194252e-06,6.0427432289349485e-06,0.0,Canada,CAN,ontario,,,Windows-10-10.0.26200-SP0,3.11.9,3.2.6,8,Intel(R) Core(TM) i7-1065G7 CPU @ 1.30GHz,0,,-75.6718,45.3316,15.595848083496094,process,0.0,0,66.0,10.300254821777344,N,1.0,0.0
2026-07-30T23:15:24,codecarbon,8d2dcc85-95eb-4bf0-abc9-4b01ae2f6534,5b0fa12a-3dd7-45bb-9766-cc326314d9f1,1.7617341000586748,6.858381530039895e-07,3.892972004010977e-07,11.966997959058665,0.0,10.0,5.802653706370293e-06,0.0,4.793967499992707e-06,1.0596621206363e-05,0.0,Canada,CAN,ontario,,,Windows-10-10.0.26200-SP0,3.11.9,3.2.6,8,Intel(R) Core(TM) i7-1065G7 CPU @ 1.30GHz,0,,-75.6718,45.3316,15.595848083496094,process,0.0,0,66.3,10.34042739868164,N,1.0,0.0
2026-07-30T23:15:30,codecarbon,62c8725b-25dc-43f7-84a7-3591a7c43c53,5b0fa12a-3dd7-45bb-9766-cc326314d9f1,0.8273291001096368,2.841065677961292e-07,3.434021210646158e-07,9.6371553313848,0.0,10.0,2.176546177773166e-06,0.0,2.2130750003270805e-06,4.389621178100246e-06,0.0,Canada,CAN,ontario,,,Windows-10-10.0.26200-SP0,3.11.9,3.2.6,8,Intel(R) Core(TM) i7-1065G7 CPU @ 1.30GHz,0,,-75.6718,45.3316,15.595848083496094,process,0.0,0,0.0,0.0,N,1.0,0.0
2026-07-30T23:15:36,codecarbon,d946be12-f7c9-49d8-a14e-8af1b4a675e7,5b0fa12a-3dd7-45bb-9766-cc326314d9f1,1.1301507998723537,4.078892374618495e-07,3.609157623105864e-07,10.50798070780153,0.0,10.0,3.252054820219912e-06,0.0,3.0500847218920377e-06,6.30213954211195e-06,0.0,Canada,CAN,ontario,,,Windows-10-10.0.26200-SP0,3.11.9,3.2.6,8,Intel(R) Core(TM) i7-1065G7 CPU @ 1.30GHz,0,,-75.6718,45.3316,15.595848083496094,process,45.4,0,66.4,10.351802825927734,N,1.0,0.0
2026-07-30T23:15:42,codecarbon,6025b89f-0319-497f-b601-8dd287f2947a,5b0fa12a-3dd7-45bb-9766-cc326314d9f1,1.4621256000827998,5.796984364504797e-07,3.96476497243227e-07,12.420935509649464,0.0,10.0,4.989278983678089e-06,0.0,3.967418333437915e-06,8.956697317116003e-06,0.0,Canada,CAN,ontario,,,Windows-10-10.0.26200-SP0,3.11.9,3.2.6,8,Intel(R) Core(TM) i7-1065G7 CPU @ 1.30GHz,0,,-75.6718,45.3316,15.595848083496094,process,39.4,0,66.4,10.347869873046877,N,1.0,0.0
2026-07-30T23:15:48,codecarbon,f90c4bf3-ef6b-442d-a41a-7314c49b3865,5b0fa12a-3dd7-45bb-9766-cc326314d9f1,1.588620100170374,5.575928179944028e-07,3.509919192981399e-07,9.825754388983448,0.0,10.0,4.292960251853562e-06,0.0,4.3221916667082245e-06,8.615151918561787e-06,0.0,Canada,CAN,ontario,,,Windows-10-10.0.26200-SP0,3.11.9,3.2.6,8,Intel(R) Core(TM) i7-1065G7 CPU @ 1.30GHz,0,,-75.6718,45.3316,15.595848083496094,process,0.0,0,66.4,10.351661682128906,N,1.0,0.0
2026-07-30T23:15:54,codecarbon,bc535cf9-dcd6-408a-941a-d33e2b6c27c6,5b0fa12a-3dd7-45bb-9766-cc326314d9f1,0.6126315000001341,2.129305429737137e-07,3.475670822895444e-07,10.075907808831737,0.0,10.0,1.6716297706367634e-06,0.0,1.618278055684641e-06,3.2899078263214044e-06,0.0,Canada,CAN,ontario,,,Windows-10-10.0.26200-SP0,3.11.9,3.2.6,8,Intel(R) Core(TM) i7-1065G7 CPU @ 1.30GHz,0,,-75.6718,45.3316,15.595848083496094,process,0.0,0,0.0,0.0,N,1.0,0.0
2026-07-30T23:16:00,codecarbon,9eda5302-7cb1-4ba7-b494-94c17d0d91b5,5b0fa12a-3dd7-45bb-9766-cc326314d9f1,0.9956332999281584,3.872909444290644e-07,3.889895451036139e-07,12.069205518384576,0.0,10.0,3.2923793591904564e-06,0.0,2.6915038890567504e-06,5.983883248247207e-06,0.0,Canada,CAN,ontario,,,Windows-10-10.0.26200-SP0,3.11.9,3.2.6,8,Intel(R) Core(TM) i7-1065G7 CPU @ 1.30GHz,0,,-75.6718,45.3316,15.595848083496094,process,0.0,0,0.0,0.0,N,1.0,0.0
2026-07-30T23:16:06,codecarbon,5ce743a1-2f5e-408d-a471-d88a907cb2af,5b0fa12a-3dd7-45bb-9766-cc326314d9f1,1.695835999911651,6.192766765131973e-07,3.651748615700222e-07,10.604397324868822,0.0,10.0,4.947944630686732e-06,0.0,4.620260833245185e-06,9.568205463931917e-06,0.0,Canada,CAN,ontario,,,Windows-10-10.0.26200-SP0,3.11.9,3.2.6,8,Intel(R) Core(TM) i7-1065G7 CPU @ 1.30GHz,0,,-75.6718,45.3316,15.595848083496094,process,0.0,0,66.3,10.337135314941406,N,1.0,0.0
2026-07-30T23:16:12,codecarbon,4839b89f-7d60-471f-ba34-e595c9b676a9,5b0fa12a-3dd7-45bb-9766-cc326314d9f1,0.6685304001439363,2.354830389991213e-07,3.5223983673505506e-07,10.35605337101912,0.0,10.0,1.8718566471417728e-06,0.0,1.7665011109784244e-06,3.638357758120197e-06,0.0,Canada,CAN,ontario,,,Windows-10-10.0.26200-SP0,3.11.9,3.2.6,8,Intel(R) Core(TM) i7-1065G7 CPU @ 1.30GHz,0,,-75.6718,45.3316,15.595848083496094,process,0.0,0,0.0,0.0,N,1.0,0.0
2026-07-30T23:16:17,codecarbon,8fdc2778-a0ff-43d6-98b4-fcf9c058f14a,5b0fa12a-3dd7-45bb-9766-cc326314d9f1,0.2949699000455439,1.1185234506056833e-07,3.791991828430566e-07,12.281209213728882,0.0,10.0,9.688294571495909e-07,0.0,7.593580553980752e-07,1.728187512547666e-06,0.0,Canada,CAN,ontario,,,Windows-10-10.0.26200-SP0,3.11.9,3.2.6,8,Intel(R) Core(TM) i7-1065G7 CPU @ 1.30GHz,0,,-75.6718,45.3316,15.595848083496094,process,0.0,0,0.0,0.0,N,1.0,0.0
2026-07-30T23:16:22,codecarbon,169c9caf-b606-4d92-902a-7274b3509b97,5b0fa12a-3dd7-45bb-9766-cc326314d9f1,0.8890251000411808,3.177949046833988e-07,3.574644907873559e-07,10.367571292566108,0.0,10.0,2.519733087442141e-06,0.0,2.390393611535223e-06,4.910126698977365e-06,0.0,Canada,CAN,ontario,,,Windows-10-10.0.26200-SP0,3.11.9,3.2.6,8,Intel(R) Core(TM) i7-1065G7 CPU @ 1.30GHz,0,,-75.6718,45.3316,15.595848083496094,process,0.0,0,0.0,0.0,N,1.0,0.0
2026-07-30T23:16:27,codecarbon,c341972c-ab42-48d0-9c23-0ff8d8d0fbe3,5b0fa12a-3dd7-45bb-9766-cc326314d9f1,0.4295726001728326,1.3996301629667694e-07,3.258192357714732e-07,8.851882047171527,0.0,10.0,1.0296991135969428e-06,0.0,1.1328155556434973e-06,2.1625146692404403e-06,0.0,Canada,CAN,ontario,,,Windows-10-10.0.26200-SP0,3.11.9,3.2.6,8,Intel(R) Core(TM) i7-1065G7 CPU @ 1.30GHz,0,,-75.6718,45.3316,15.595848083496094,process,0.0,0,0.0,0.0,N,1.0,0.0
2026-07-30T23:16:33,codecarbon,ee959e9d-5f4f-44d8-a23c-809eb201d436,5b0fa12a-3dd7-45bb-9766-cc326314d9f1,0.680988600011915,2.5520840456908094e-07,3.747616400107369e-07,11.474260346488547,0.0,10.0,2.129995952376008e-06,0.0,1.8131308335190016e-06,3.943126785895009e-06,0.0,Canada,CAN,ontario,,,Windows-10-10.0.26200-SP0,3.11.9,3.2.6,8,Intel(R) Core(TM) i7-1065G7 CPU @ 1.30GHz,0,,-75.6718,45.3316,15.595848083496094,process,0.0,0,0.0,0.0,N,1.0,0.0
2026-07-30T23:16:38,codecarbon,66ea4e82-8e8f-41ca-93f1-39fc2cd53d78,5b0fa12a-3dd7-45bb-9766-cc326314d9f1,0.483647899935022,1.6673390952907388e-07,3.447423415908029e-07,9.940766263329117,0.0,10.0,1.3009917094260777e-06,0.0,1.2751497224801116e-06,2.576141431906189e-06,0.0,Canada,CAN,ontario,,,Windows-10-10.0.26200-SP0,3.11.9,3.2.6,8,Intel(R) Core(TM) i7-1065G7 CPU @ 1.30GHz,0,,-75.6718,45.3316,15.595848083496094,process,0.0,0,0.0,0.0,N,1.0,0.0
2026-07-30T23:16:43,codecarbon,43710fe7-a9ee-45d8-bbb4-9c2ac733f244,5b0fa12a-3dd7-45bb-9766-cc326314d9f1,0.4101672999095171,1.432755158852915e-07,3.493099423501046e-07,10.308731009546388,0.0,10.0,1.1403592693802044e-06,0.0,1.0733355554596832e-06,2.213694824839888e-06,0.0,Canada,CAN,ontario,,,Windows-10-10.0.26200-SP0,3.11.9,3.2.6,8,Intel(R) Core(TM) i7-1065G7 CPU @ 1.30GHz,0,,-75.6718,45.3316,15.595848083496094,process,0.0,0,0.0,0.0,N,1.0,0.0
2026-07-30T23:16:50,codecarbon,1c08258e-6695-49c2-bba1-551b2c7625a0,5b0fa12a-3dd7-45bb-9766-cc326314d9f1,2.194864199962467,8.283458072986027e-07,3.774018489675889e-07,11.247074765134611,0.0,10.0,6.803717930686615e-06,0.0,5.994734166759169e-06,1.2798452097445786e-05,0.0,Canada,CAN,ontario,,,Windows-10-10.0.26200-SP0,3.11.9,3.2.6,8,Intel(R) Core(TM) i7-1065G7 CPU @ 1.30GHz,0,,-75.6718,45.3316,15.595848083496094,process,0.0,0,66.2,10.325616836547852,N,1.0,0.0
2026-07-30T23:16:56,codecarbon,cf8e3351-7df0-4eef-9aa2-c08e207de470,5b0fa12a-3dd7-45bb-9766-cc326314d9f1,1.5131971000228075,5.37829042639984e-07,3.554256366417022e-07,10.12119183288592,0.0,10.0,4.204154158251925e-06,0.0,4.105635277745831e-06,8.309789435997756e-06,0.0,Canada,CAN,ontario,,,Windows-10-10.0.26200-SP0,3.11.9,3.2.6,8,Intel(R) Core(TM) i7-1065G7 CPU @ 1.30GHz,0,,-75.6718,45.3316,15.595848083496094,process,0.0,0,66.2,10.32855224609375,N,1.0,0.0
2026-07-30T23:17:03,codecarbon,2fa733ab-f681-4f92-9032-ce1a2db2771e,5b0fa12a-3dd7-45bb-9766-cc326314d9f1,1.935398800065741,7.058476893176249e-07,3.647040027583199e-07,10.538106042193672,0.0,10.0,5.6205650137518375e-06,0.0,5.285215833120876e-06,1.0905780846872714e-05,0.0,Canada,CAN,ontario,,,Windows-10-10.0.26200-SP0,3.11.9,3.2.6,8,Intel(R) Core(TM) i7-1065G7 CPU @ 1.30GHz,0,,-75.6718,45.3316,15.595848083496094,process,0.0,0,66.2,10.327629089355469,N,1.0,0.0
2026-07-30T23:17:09,codecarbon,2d4a1383-3f00-424d-a277-463c4ea79057,5b0fa12a-3dd7-45bb-9766-cc326314d9f1,1.2290626000612974,4.838647437252151e-07,3.936860040335482e-07,12.32679901083987,0.0,10.0,4.1555420002911804e-06,0.0,3.3204658332073857e-06,7.476007833498566e-06,0.0,Canada,CAN,ontario,,,Windows-10-10.0.26200-SP0,3.11.9,3.2.6,8,Intel(R) Core(TM) i7-1065G7 CPU @ 1.30GHz,0,,-75.6718,45.3316,15.595848083496094,process,0.0,0,66.2,10.326908111572266,N,1.0,0.0
2026-07-30T23:17:15,codecarbon,0c0f074e-ac14-4144-9ce8-fa60ec084176,5b0fa12a-3dd7-45bb-9766-cc326314d9f1,1.5194600000977516,5.402566959349791e-07,3.555583535599639e-07,10.068636993968523,0.0,10.0,4.209442894276376e-06,0.0,4.13785527796588e-06,8.347298172242256e-06,0.0,Canada,CAN,ontario,,,Windows-10-10.0.26200-SP0,3.11.9,3.2.6,8,Intel(R) Core(TM) i7-1065G7 CPU @ 1.30GHz,0,,-75.6718,45.3316,15.595848083496094,process,0.0,0,66.2,10.319721221923828,N,1.0,0.0
2026-07-30T23:17:21,codecarbon,58b64b7c-956c-46da-b82f-4e788f04abbf,5b0fa12a-3dd7-45bb-9766-cc326314d9f1,0.681707999901846,2.424099178555547e-07,3.555920099081388e-07,10.272338844510497,0.0,10.0,1.913171462713288e-06,0.0,1.8322108332843829e-06,3.745382295997672e-06,0.0,Canada,CAN,ontario,,,Windows-10-10.0.26200-SP0,3.11.9,3.2.6,8,Intel(R) Core(TM) i7-1065G7 CPU @ 1.30GHz,0,,-75.6718,45.3316,15.595848083496094,process,0.0,0,0.0,0.0,N,1.0,0.0
2026-07-30T23:17:27,codecarbon,fc8e6ab6-df33-4c8a-bc91-5918d75d8944,5b0fa12a-3dd7-45bb-9766-cc326314d9f1,1.2381887000519782,4.914439894961853e-07,3.969055681703079e-07,12.506867996710078,0.0,10.0,4.24434461946032e-06,0.0,3.3487672219052915e-06,7.593111841365612e-06,0.0,Canada,CAN,ontario,,,Windows-10-10.0.26200-SP0,3.11.9,3.2.6,8,Intel(R) Core(TM) i7-1065G7 CPU @ 1.30GHz,0,,-75.6718,45.3316,15.595848083496094,process,0.0,0,66.2,10.318092346191406,N,1.0,0.0
2026-07-30T23:17:33,codecarbon,b7625acf-30c3-4a80-a456-f5b072742904,5b0fa12a-3dd7-45bb-9766-cc326314d9f1,1.7669536999892443,6.376008091208012e-07,3.608474908678605e-07,10.370159185539151,0.0,10.0,5.041181247487553e-06,0.0,4.8101433332906e-06,9.851324580778151e-06,0.0,Canada,CAN,ontario,,,Windows-10-10.0.26200-SP0,3.11.9,3.2.6,8,Intel(R) Core(TM) i7-1065G7 CPU @ 1.30GHz,0,,-75.6718,45.3316,15.595848083496094,process,0.0,0,66.2,10.31936264038086,N,1.0,0.0
2026-07-30T23:17:38,codecarbon,912ea094-e287-4b69-a8a8-6d729183c68e,5b0fa12a-3dd7-45bb-9766-cc326314d9f1,0.3593379999510944,1.230269226340933e-07,3.423710340983619e-07,10.029451174306065,0.0,10.0,9.6835744094488e-07,0.0,9.324841666966678e-07,1.900841607641548e-06,0.0,Canada,CAN,ontario,,,Windows-10-10.0.26200-SP0,3.11.9,3.2.6,8,Intel(R) Core(TM) i7-1065G7 CPU @ 1.30GHz,0,,-75.6718,45.3316,15.595848083496094,process,0.0,0,0.0,0.0,N,1.0,0.0
2026-07-30T23:17:44,codecarbon,10cab410-e57e-4bbe-9c93-987246f2970f,5b0fa12a-3dd7-45bb-9766-cc326314d9f1,1.1173497000709176,4.375052159003272e-07,3.915562118757976e-07,12.188774998861952,0.0,10.0,3.732758509755597e-06,0.0,3.0269661109842778e-06,6.759724620739874e-06,0.0,Canada,CAN,ontario,,,Windows-10-10.0.26200-SP0,3.11.9,3.2.6,8,Intel(R) Core(TM) i7-1065G7 CPU @ 1.30GHz,0,,-75.6718,45.3316,15.595848083496094,process,0.0,0,66.2,10.327278137207031,N,1.0,0.0
2026-07-30T23:17:50,codecarbon,ee071923-8ed4-476c-9faa-f25c5e3dd3a8,5b0fa12a-3dd7-45bb-9766-cc326314d9f1,1.4260223999153825,5.0690119331493e-07,3.554650988266444e-07,10.152718291403993,0.0,10.0,3.973909590404362e-06,0.0,3.858025555059107e-06,7.83193514546347e-06,0.0,Canada,CAN,ontario,,,Windows-10-10.0.26200-SP0,3.11.9,3.2.6,8,Intel(R) Core(TM) i7-1065G7 CPU @ 1.30GHz,0,,-75.6718,45.3316,15.595848083496094,process,0.0,0,66.2,10.318695068359377,N,1.0,0.0
2026-07-30T23:17:56,codecarbon,a05239c3-c712-413c-8a9b-10c636741537,5b0fa12a-3dd7-45bb-9766-cc326314d9f1,0.3958461999427527,1.3733682924829714e-07,3.469449227203869e-07,10.087187950953538,0.0,10.0,1.0796079089850674e-06,0.0,1.042330555436719e-06,2.1219384644217866e-06,0.0,Canada,CAN,ontario,,,Windows-10-10.0.26200-SP0,3.11.9,3.2.6,8,Intel(R) Core(TM) i7-1065G7 CPU @ 1.30GHz,0,,-75.6718,45.3316,15.595848083496094,process,0.0,0,0.0,0.0,N,1.0,0.0
2026-07-30T23:18:01,codecarbon,38012111-85e2-4254-89ea-a68180f427da,5b0fa12a-3dd7-45bb-9766-cc326314d9f1,0.7895526001229882,3.0019514381124365e-07,3.802091763924055e-07,11.786191561397022,0.0,10.0,2.5377523483430124e-06,0.0,2.1004472225387064e-06,4.638199570881719e-06,0.0,Canada,CAN,ontario,,,Windows-10-10.0.26200-SP0,3.11.9,3.2.6,8,Intel(R) Core(TM) i7-1065G7 CPU @ 1.30GHz,0,,-75.6718,45.3316,15.595848083496094,process,0.0,0,0.0,0.0,N,1.0,0.0
2026-07-30T23:18:08,codecarbon,6bace99e-c433-4b8e-b6b6-7f5aedad5cee,5b0fa12a-3dd7-45bb-9766-cc326314d9f1,2.1380517000798136,6.531431346933237e-07,3.054851922752578e-07,7.187883075565946,0.0,10.0,4.2391516792089534e-06,0.0,5.8523113891068434e-06,1.0091463068315798e-05,0.0,Canada,CAN,ontario,,,Windows-10-10.0.26200-SP0,3.11.9,3.2.6,8,Intel(R) Core(TM) i7-1065G7 CPU @ 1.30GHz,0,,-75.6718,45.3316,15.595848083496094,process,0.0,0,67.4,10.518619537353516,N,1.0,0.0
2026-07-30T23:18:14,codecarbon,cd9ca626-8160-4aab-be86-0e77c192e2c5,5b0fa12a-3dd7-45bb-9766-cc326314d9f1,0.751935499953106,2.5981389011745544e-07,3.455268306040326e-07,9.776081996426768,0.0,10.0,2.003997147448965e-06,0.0,2.010287222219631e-06,4.014284369668596e-06,0.0,Canada,CAN,ontario,,,Windows-10-10.0.26200-SP0,3.11.9,3.2.6,8,Intel(R) Core(TM) i7-1065G7 CPU @ 1.30GHz,0,,-75.6718,45.3316,15.595848083496094,process,0.0,0,0.0,0.0,N,1.0,0.0
2026-07-30T23:18:19,codecarbon,6288eb73-29f7-452d-95e2-f50a487ed9ce,5b0fa12a-3dd7-45bb-9766-cc326314d9f1,0.8800999000668526,3.174011321383801e-07,3.606421635933265e-07,10.662646007731071,0.0,10.0,2.5543707264264755e-06,0.0,2.349671944587802e-06,4.904042671014277e-06,0.0,Canada,CAN,ontario,,,Windows-10-10.0.26200-SP0,3.11.9,3.2.6,8,Intel(R) Core(TM) i7-1065G7 CPU @ 1.30GHz,0,,-75.6718,45.3316,15.595848083496094,process,0.0,0,0.0,0.0,N,1.0,0.0
2026-07-30T23:18:25,codecarbon,71d66518-c780-4c4f-afcb-ab942dc1e1e4,5b0fa12a-3dd7-45bb-9766-cc326314d9f1,0.6692266000900418,2.693122375778157e-07,4.02423091881854e-07,12.86833053831113,0.0,10.0,2.3573591228549385e-06,0.0,1.803680555894971e-06,4.161039678749909e-06,0.0,Canada,CAN,ontario,,,Windows-10-10.0.26200-SP0,3.11.9,3.2.6,8,Intel(R) Core(TM) i7-1065G7 CPU @ 1.30GHz,0,,-75.6718,45.3316,15.595848083496094,process,0.0,0,0.0,0.0,N,1.0,0.0
2026-07-30T23:18:30,codecarbon,72cb04e7-4cbb-4fc1-9b50-353f813ad921,5b0fa12a-3dd7-45bb-9766-cc326314d9f1,0.5920544001273811,2.0465773450115945e-07,3.4567386790323173e-07,9.80299630793752,0.0,10.0,1.580803681779319e-06,0.0,1.581284166443058e-06,3.162087848222377e-06,0.0,Canada,CAN,ontario,,,Windows-10-10.0.26200-SP0,3.11.9,3.2.6,8,Intel(R) Core(TM) i7-1065G7 CPU @ 1.30GHz,0,,-75.6718,45.3316,15.595848083496094,process,0.0,0,0.0,0.0,N,1.0,0.0
2026-07-30T23:18:35,codecarbon,4730ba23-7552-4014-858e-62f0ee5ba43b,5b0fa12a-3dd7-45bb-9766-cc326314d9f1,0.7435483001172543,2.6742969246855544e-07,3.596668735929905e-07,10.615710722618614,0.0,10.0,2.1494151437568084e-06,0.0,1.9825380554215778e-06,4.1319531991783866e-06,0.0,Canada,CAN,ontario,,,Windows-10-10.0.26200-SP0,3.11.9,3.2.6,8,Intel(R) Core(TM) i7-1065G7 CPU @ 1.30GHz,0,,-75.6718,45.3316,15.595848083496094,process,0.0,0,0.0,0.0,N,1.0,0.0
2026-07-30T23:18:41,codecarbon,46713dba-2c8b-4a5c-a220-6ca496df0c5c,5b0fa12a-3dd7-45bb-9766-cc326314d9f1,0.6783205000683665,2.690170160981402e-07,3.965927847839281e-07,12.58914753377888,0.0,10.0,2.3337569363295543e-06,0.0,1.8227213890188271e-06,4.156478325348381e-06,0.0,Canada,CAN,ontario,,,Windows-10-10.0.26200-SP0,3.11.9,3.2.6,8,Intel(R) Core(TM) i7-1065G7 CPU @ 1.30GHz,0,,-75.6718,45.3316,15.595848083496094,process,0.0,0,0.0,0.0,N,1.0,0.0
2026-07-30T23:18:46,codecarbon,e50756ed-1b48-4305-a184-deea6c891bd6,5b0fa12a-3dd7-45bb-9766-cc326314d9f1,0.5537493000738323,1.938033394177775e-07,3.499838995587668e-07,10.252870335911084,0.0,10.0,1.5346957698054946e-06,0.0,1.4596849996855276e-06,2.994380769491022e-06,0.0,Canada,CAN,ontario,,,Windows-10-10.0.26200-SP0,3.11.9,3.2.6,8,Intel(R) Core(TM) i7-1065G7 CPU @ 1.30GHz,0,,-75.6718,45.3316,15.595848083496094,process,0.0,0,0.0,0.0,N,1.0,0.0
2026-07-30T23:18:52,codecarbon,96081225-820d-434e-a39f-1410ba234a10,5b0fa12a-3dd7-45bb-9766-cc326314d9f1,1.6095360000617802,5.866309533237456e-07,3.64472092144089e-07,10.594285728393274,0.0,10.0,4.68762535455731e-06,0.0,4.37618361126321e-06,9.06380896582052e-06,0.0,Canada,CAN,ontario,,,Windows-10-10.0.26200-SP0,3.11.9,3.2.6,8,Intel(R) Core(TM) i7-1065G7 CPU @ 1.30GHz,0,,-75.6718,45.3316,15.595848083496094,process,0.0,0,64.5,10.052410125732422,N,1.0,0.0
2026-07-30T23:18:58,codecarbon,7459da75-fe4e-47c3-923c-056189cda35e,5b0fa12a-3dd7-45bb-9766-cc326314d9f1,0.6800064998678863,2.079402680240813e-07,3.057915888516957e-07,7.636364429280931,0.0,10.0,1.4100608430129914e-06,0.0,1.8027441666668487e-06,3.2128050096798403e-06,0.0,Canada,CAN,ontario,,,Windows-10-10.0.26200-SP0,3.11.9,3.2.6,8,Intel(R) Core(TM) i7-1065G7 CPU @ 1.30GHz,0,,-75.6718,45.3316,15.595848083496094,process,0.0,0,0.0,0.0,N,1.0,0.0
2026-07-30T23:19:04,codecarbon,86ce845b-5774-494a-8d2c-0ebeb4c9edae,5b0fa12a-3dd7-45bb-9766-cc326314d9f1,1.008028900017962,4.023078601181296e-07,3.991034980355832e-07,12.563747591296815,0.0,10.0,3.47890938565426e-06,0.0,2.736994444340881e-06,6.215903829995141e-06,0.0,Canada,CAN,ontario,,,Windows-10-10.0.26200-SP0,3.11.9,3.2.6,8,Intel(R) Core(TM) i7-1065G7 CPU @ 1.30GHz,0,,-75.6718,45.3316,15.595848083496094,process,0.0,0,0.0,0.0,N,1.0,0.0
2026-07-30T23:19:10,codecarbon,60e25cac-7b4f-400d-91f9-3dac8d6c80d5,5b0fa12a-3dd7-45bb-9766-cc326314d9f1,1.876218599965796,6.623433975937102e-07,3.530203770529644e-07,9.892022585217832,0.0,10.0,5.111233898742228e-06,0.0,5.122378888902152e-06,1.023361278764438e-05,0.0,Canada,CAN,ontario,,,Windows-10-10.0.26200-SP0,3.11.9,3.2.6,8,Intel(R) Core(TM) i7-1065G7 CPU @ 1.30GHz,0,,-75.6718,45.3316,15.595848083496094,process,0.0,0,64.9,10.126106262207031,N,1.0,0.0
2026-07-30T23:19:16,codecarbon,9ef422f3-8663-4a07-92a6-0a15c842455d,5b0fa12a-3dd7-45bb-9766-cc326314d9f1,1.3710916000418365,5.006747740886983e-07,3.6516508019845e-07,10.68856474104816,0.0,10.0,4.020491750929772e-06,0.0,3.715241388676481e-06,7.735733139606252e-06,0.0,Canada,CAN,ontario,,,Windows-10-10.0.26200-SP0,3.11.9,3.2.6,8,Intel(R) Core(TM) i7-1065G7 CPU @ 1.30GHz,0,,-75.6718,45.3316,15.595848083496094,process,0.0,0,64.8,10.11150360107422,N,1.0,0.0
2026-07-30T23:19:22,codecarbon,56d2161f-1af6-42be-95b0-cd7cac96a8b6,5b0fa12a-3dd7-45bb-9766-cc326314d9f1,1.0222693998366594,3.977557291055008e-07,3.890909081002085e-07,12.024167791426486,0.0,10.0,3.3736842176299323e-06,0.0,2.7718863889781967e-06,6.145570606608129e-06,0.0,Canada,CAN,ontario,,,Windows-10-10.0.26200-SP0,3.11.9,3.2.6,8,Intel(R) Core(TM) i7-1065G7 CPU @ 1.30GHz,0,,-75.6718,45.3316,15.595848083496094,process,0.0,0,0.0,0.0,N,1.0,0.0
2026-07-30T23:19:28,codecarbon,17bf1799-99a5-4691-9c63-19fc9b089853,5b0fa12a-3dd7-45bb-9766-cc326314d9f1,0.5939784999936819,2.127621488308409e-07,3.5819840083959937e-07,10.658670339658126,0.0,10.0,1.7169377001646217e-06,0.0,1.570368333098789e-06,3.2873060332634108e-06,0.0,Canada,CAN,ontario,,,Windows-10-10.0.26200-SP0,3.11.9,3.2.6,8,Intel(R) Core(TM) i7-1065G7 CPU @ 1.30GHz,0,,-75.6718,45.3316,15.595848083496094,process,0.0,0,0.0,0.0,N,1.0,0.0
2026-07-30T23:19:33,codecarbon,07bd5026-1cea-4001-afce-7550c915242c,5b0fa12a-3dd7-45bb-9766-cc326314d9f1,1.1247021998278797,4.1271559919245163e-07,3.669554476337044e-07,10.863738438839729,0.0,10.0,3.343369521367109e-06,0.0,3.0333402773572337e-06,6.376709798724343e-06,0.0,Canada,CAN,ontario,,,Windows-10-10.0.26200-SP0,3.11.9,3.2.6,8,Intel(R) Core(TM) i7-1065G7 CPU @ 1.30GHz,0,,-75.6718,45.3316,15.595848083496094,process,0.0,0,64.9,10.123367309570312,N,1.0,0.0
2026-07-30T23:19:39,codecarbon,5cba7138-8073-40c8-864f-41bea3be4a2b,5b0fa12a-3dd7-45bb-9766-cc326314d9f1,0.8645549998618662,3.285265038758051e-07,3.799949152203101e-07,11.71298980864399,0.0,10.0,2.763419005820652e-06,0.0,2.312517499861618e-06,5.0759365056822695e-06,0.0,Canada,CAN,ontario,,,Windows-10-10.0.26200-SP0,3.11.9,3.2.6,8,Intel(R) Core(TM) i7-1065G7 CPU @ 1.30GHz,0,,-75.6718,45.3316,15.595848083496094,process,0.0,0,0.0,0.0,N,1.0,0.0
2026-07-30T23:19:44,codecarbon,a5f07cb8-e686-4850-a1a6-1ebb5ffadd1d,5b0fa12a-3dd7-45bb-9766-cc326314d9f1,0.2711406999733299,9.280048365509e-08,3.4225951199586815e-07,10.20768532949196,0.0,10.0,7.392853718542034e-07,0.0,6.945391664178008e-07,1.4338245382720043e-06,0.0,Canada,CAN,ontario,,,Windows-10-10.0.26200-SP0,3.11.9,3.2.6,8,Intel(R) Core(TM) i7-1065G7 CPU @ 1.30GHz,0,,-75.6718,45.3316,15.595848083496094,process,0.0,0,0.0,0.0,N,1.0,0.0
2026-07-30T23:19:50,codecarbon,5e567b2a-991b-4efd-b28b-a9ef1c81d74a,5b0fa12a-3dd7-45bb-9766-cc326314d9f1,0.7948433998972178,2.778918003498724e-07,3.496183026566075e-07,10.015834289911451,0.0,10.0,2.16946031089376e-06,0.0,2.124138888514911e-06,4.293599199408671e-06,0.0,Canada,CAN,ontario,,,Windows-10-10.0.26200-SP0,3.11.9,3.2.6,8,Intel(R) Core(TM) i7-1065G7 CPU @ 1.30GHz,0,,-75.6718,45.3316,15.595848083496094,process,0.0,0,0.0,0.0,N,1.0,0.0
2026-07-30T23:19:55,codecarbon,d20f5fd8-7de7-443e-ac38-9b3bdcd2b3e8,5b0fa12a-3dd7-45bb-9766-cc326314d9f1,0.5383274999912828,2.094497137679796e-07,3.890748917180921e-07,12.371644804021315,0.0,10.0,1.809794651863082e-06,0.0,1.426332222763449e-06,3.236126874626531e-06,0.0,Canada,CAN,ontario,,,Windows-10-10.0.26200-SP0,3.11.9,3.2.6,8,Intel(R) Core(TM) i7-1065G7 CPU @ 1.30GHz,0,,-75.6718,45.3316,15.595848083496094,process,0.0,0,0.0,0.0,N,1.0,0.0
2026-07-30T23:20:00,codecarbon,867ae368-fca1-4e9a-a20d-0c1813af7a38,5b0fa12a-3dd7-45bb-9766-cc326314d9f1,0.3423295000102371,1.20305599320927e-07,3.514321708100802e-07,10.481019026512216,0.0,10.0,9.667368785017128e-07,0.0,8.920586105280867e-07,1.8587954890298e-06,0.0,Canada,CAN,ontario,,,Windows-10-10.0.26200-SP0,3.11.9,3.2.6,8,Intel(R) Core(TM) i7-1065G7 CPU @ 1.30GHz,0,,-75.6718,45.3316,15.595848083496094,process,0.0,0,0.0,0.0,N,1.0,0.0
2026-07-30T23:20:06,codecarbon,b0aa649a-3776-471d-bf23-4879de8ea1d2,5b0fa12a-3dd7-45bb-9766-cc326314d9f1,1.1934124999679625,4.279436470266569e-07,3.585882057026763e-07,10.363032586904922,0.0,10.0,3.388664446287491e-06,0.0,3.2233280556586883e-06,6.611992501946179e-06,0.0,Canada,CAN,ontario,,,Windows-10-10.0.26200-SP0,3.11.9,3.2.6,8,Intel(R) Core(TM) i7-1065G7 CPU @ 1.30GHz,0,,-75.6718,45.3316,15.595848083496094,process,45.3,0,65.1,10.160686492919922,N,1.0,0.0
2026-07-30T23:20:12,codecarbon,2a5a8125-29db-4d99-83a9-28a9b8c4a867,5b0fa12a-3dd7-45bb-9766-cc326314d9f1,1.164296899922192,4.480363757160389e-07,3.848128220095582e-07,11.86473810026607,0.0,10.0,3.781215571058548e-06,0.0,3.1412219447601177e-06,6.922437515818666e-06,0.0,Canada,CAN,ontario,,,Windows-10-10.0.26200-SP0,3.11.9,3.2.6,8,Intel(R) Core(TM) i7-1065G7 CPU @ 1.30GHz,0,,-75.6718,45.3316,15.595848083496094,process,0.0,0,65.2,10.166091918945312,N,1.0,0.0
2026-07-30T23:20:17,codecarbon,1a3d50a2-be7a-4134-affa-f456f46b94ab,5b0fa12a-3dd7-45bb-9766-cc326314d9f1,0.4397563999518752,1.5616625966452033e-07,3.551199247620055e-07,10.527848338994936,0.0,10.0,1.2531289100721102e-06,0.0,1.159735833061859e-06,2.412864743133969e-06,0.0,Canada,CAN,ontario,,,Windows-10-10.0.26200-SP0,3.11.9,3.2.6,8,Intel(R) Core(TM) i7-1065G7 CPU @ 1.30GHz,0,,-75.6718,45.3316,15.595848083496094,process,0.0,0,0.0,0.0,N,1.0,0.0
2026-07-30T23:20:22,codecarbon,d7e708de-7743-4174-8480-33dbddc9ee40,5b0fa12a-3dd7-45bb-9766-cc326314d9f1,0.5793071000371128,2.040761824266877e-07,3.522763356665467e-07,10.14697732386345,0.0,10.0,1.6028452882792942e-06,0.0,1.5502572227786812e-06,3.1531025110579754e-06,0.0,Canada,CAN,ontario,,,Windows-10-10.0.26200-SP0,3.11.9,3.2.6,8,Intel(R) Core(TM) i7-1065G7 CPU @ 1.30GHz,0,,-75.6718,45.3316,15.595848083496094,process,0.0,0,0.0,0.0,N,1.0,0.0
2026-07-30T23:20:27,codecarbon,2a86e8b3-3c31-416a-9875-c02fa97a600f,5b0fa12a-3dd7-45bb-9766-cc326314d9f1,0.5094250999391079,1.9937965404634778e-07,3.913816850998897e-07,12.556121016545209,0.0,10.0,1.7367260371341124e-06,0.0,1.343812222411442e-06,3.0805382595455544e-06,0.0,Canada,CAN,ontario,,,Windows-10-10.0.26200-SP0,3.11.9,3.2.6,8,Intel(R) Core(TM) i7-1065G7 CPU @ 1.30GHz,0,,-75.6718,45.3316,15.595848083496094,process,0.0,0,0.0,0.0,N,1.0,0.0
2026-07-30T23:20:35,codecarbon,47814c9e-0577-4fb4-a4b0-3041b0b24e1b,5b0fa12a-3dd7-45bb-9766-cc326314d9f1,2.4552537999115884,8.473858023815969e-07,3.4513165295258297e-07,9.390475228235672,0.0,10.0,6.362461452122168e-06,0.0,6.730170277619942e-06,1.3092631729742108e-05,0.0,Canada,CAN,ontario,,,Windows-10-10.0.26200-SP0,3.11.9,3.2.6,8,Intel(R) Core(TM) i7-1065G7 CPU @ 1.30GHz,0,,-75.6718,45.3316,15.595848083496094,process,22.15,0,65.25,10.17783546447754,N,1.0,0.0
2026-07-30T23:20:41,codecarbon,173d4fad-9fc2-49b7-9245-b48bc75851ad,5b0fa12a-3dd7-45bb-9766-cc326314d9f1,1.1795655998867005,4.23788146796147e-07,3.592747591459539e-07,10.461157158120274,0.0,10.0,3.370474412872576e-06,0.0,3.177313055170493e-06,6.547787468043068e-06,0.0,Canada,CAN,ontario,,,Windows-10-10.0.26200-SP0,3.11.9,3.2.6,8,Intel(R) Core(TM) i7-1065G7 CPU @ 1.30GHz,0,,-75.6718,45.3316,15.595848083496094,process,0.0,0,65.4,10.196273803710938,N,1.0,0.0
2026-07-30T23:20:46,codecarbon,b35ec407-a2ef-4d60-8adb-527e613fbcb0,5b0fa12a-3dd7-45bb-9766-cc326314d9f1,0.7072853001300246,2.793144662716967e-07,3.9491060569242514e-07,12.467778558469895,0.0,10.0,2.4108597071120503e-06,0.0,1.9047205556287533e-06,4.315580262740804e-06,0.0,Canada,CAN,ontario,,,Windows-10-10.0.26200-SP0,3.11.9,3.2.6,8,Intel(R) Core(TM) i7-1065G7 CPU @ 1.30GHz,0,,-75.6718,45.3316,15.595848083496094,process,0.0,0,0.0,0.0,N,1.0,0.0
2026-07-30T23:20:51,codecarbon,76f92ec2-66be-4fc0-a473-56972b825f82,5b0fa12a-3dd7-45bb-9766-cc326314d9f1,0.4500177998561412,1.5800784784770996e-07,3.511146623494024e-07,10.448636971687938,0.0,10.0,1.2668406354647534e-06,0.0,1.1744777775473064e-06,2.44131841301206e-06,0.0,Canada,CAN,ontario,,,Windows-10-10.0.26200-SP0,3.11.9,3.2.6,8,Intel(R) Core(TM) i7-1065G7 CPU @ 1.30GHz,0,,-75.6718,45.3316,15.595848083496094,process,0.0,0,0.0,0.0,N,1.0,0.0
2026-07-30T23:20:57,codecarbon,8af084df-2838-4b02-9015-275b984577d3,5b0fa12a-3dd7-45bb-9766-cc326314d9f1,1.492811000207439,5.372577120976913e-07,3.598966728025415e-07,10.350597711452789,0.0,10.0,4.246050082853466e-06,0.0,4.054911944937582e-06,8.300962027791048e-06,0.0,Canada,CAN,ontario,,,Windows-10-10.0.26200-SP0,3.11.9,3.2.6,8,Intel(R) Core(TM) i7-1065G7 CPU @ 1.30GHz,0,,-75.6718,45.3316,15.595848083496094,process,0.0,0,65.4,10.207195281982422,N,1.0,0.0
2026-07-30T23:21:03,codecarbon,255531d2-1114-43fc-9198-0d72cd40d619,5b0fa12a-3dd7-45bb-9766-cc326314d9f1,0.6895268000662327,2.729660565050894e-07,3.958744699682007e-07,12.646605398315264,0.0,10.0,2.375412594602914e-06,0.0,1.8420808334162247e-06,4.21749342801914e-06,0.0,Canada,CAN,ontario,,,Windows-10-10.0.26200-SP0,3.11.9,3.2.6,8,Intel(R) Core(TM) i7-1065G7 CPU @ 1.30GHz,0,,-75.6718,45.3316,15.595848083496094,process,0.0,0,0.0,0.0,N,1.0,0.0
2026-07-30T23:21:08,codecarbon,8477fac6-7669-47d5-a21b-5f2d337b67a8,5b0fa12a-3dd7-45bb-9766-cc326314d9f1,0.6246490001212806,2.2315215006762565e-07,3.572440683076396e-07,10.536434787993691,0.0,10.0,1.788201274419255e-06,0.0,1.6596366670758775e-06,3.447837941495133e-06,0.0,Canada,CAN,ontario,,,Windows-10-10.0.26200-SP0,3.11.9,3.2.6,8,Intel(R) Core(TM) i7-1065G7 CPU @ 1.30GHz,0,,-75.6718,45.3316,15.595848083496094,process,0.0,0,0.0,0.0,N,1.0,0.0
2026-07-30T23:21:14,codecarbon,005206c1-213e-4a06-bb26-6a0b0b2187bb,5b0fa12a-3dd7-45bb-9766-cc326314d9f1,0.994205600116402,3.564766293335354e-07,3.585542359566261e-07,10.441053326371582,0.0,10.0,2.835757020302964e-06,0.0,2.672026111071722e-06,5.507783131374686e-06,0.0,Canada,CAN,ontario,,,Windows-10-10.0.26200-SP0,3.11.9,3.2.6,8,Intel(R) Core(TM) i7-1065G7 CPU @ 1.30GHz,0,,-75.6718,45.3316,15.595848083496094,process,0.0,0,0.0,0.0,N,1.0,0.0
2026-07-30T23:21:19,codecarbon,0729b3ba-800e-4fe3-8f38-9c991f1c12a7,5b0fa12a-3dd7-45bb-9766-cc326314d9f1,0.6364062000066042,2.488397532489565e-07,3.91007745126264e-07,12.426821296460076,0.0,10.0,2.147368872908238e-06,0.0,1.697358333816131e-06,3.844727206724369e-06,0.0,Canada,CAN,ontario,,,Windows-10-10.0.26200-SP0,3.11.9,3.2.6,8,Intel(R) Core(TM) i7-1065G7 CPU @ 1.30GHz,0,,-75.6718,45.3316,15.595848083496094,process,0.0,0,0.0,0.0,N,1.0,0.0
2026-07-30T23:21:25,codecarbon,ff97d86b-caba-41c9-ac7d-de28473f9158,5b0fa12a-3dd7-45bb-9766-cc326314d9f1,1.3453895999118686,4.950637664570922e-07,3.67970561456341e-07,10.809009665970144,0.0,10.0,3.994641565548027e-06,0.0,3.654398055773021e-06,7.649039621321048e-06,0.0,Canada,CAN,ontario,,,Windows-10-10.0.26200-SP0,3.11.9,3.2.6,8,Intel(R) Core(TM) i7-1065G7 CPU @ 1.30GHz,0,,-75.6718,45.3316,15.595848083496094,process,0.0,0,65.4,10.205615997314451,N,1.0,0.0
2026-07-30T23:21:32,codecarbon,cb20bb3b-f68d-4263-9c0d-edc483177def,5b0fa12a-3dd7-45bb-9766-cc326314d9f1,1.7900674000848085,6.459328453225582e-07,3.6084275111202833e-07,10.366133660066184,0.0,10.0,5.1040924409050976e-06,0.0,4.875967222809171e-06,9.98005966371427e-06,0.0,Canada,CAN,ontario,,,Windows-10-10.0.26200-SP0,3.11.9,3.2.6,8,Intel(R) Core(TM) i7-1065G7 CPU @ 1.30GHz,0,,-75.6718,45.3316,15.595848083496094,process,39.6,0,65.5,10.213111877441406,N,1.0,0.0
2026-07-30T23:21:37,codecarbon,c9335172-9a83-46c7-9c57-77658ca1ba84,5b0fa12a-3dd7-45bb-9766-cc326314d9f1,0.4550900000613183,1.6753773545343473e-07,3.6814198385124017e-07,11.292615709632043,0.0,10.0,1.3932421478355035e-06,0.0,1.195318888898732e-06,2.588561036734236e-06,0.0,Canada,CAN,ontario,,,Windows-10-10.0.26200-SP0,3.11.9,3.2.6,8,Intel(R) Core(TM) i7-1065G7 CPU @ 1.30GHz,0,,-75.6718,45.3316,15.595848083496094,process,0.0,0,0.0,0.0,N,1.0,0.0
2026-07-30T23:21:43,codecarbon,cfc43ace-0a0e-4faa-b7bd-0edb63100ea4,5b0fa12a-3dd7-45bb-9766-cc326314d9f1,1.2914257000666112,4.695517592957633e-07,3.635917724663091e-07,10.58562538663674,0.0,10.0,3.7541014778053576e-06,0.0,3.500761944774745e-06,7.254863422580103e-06,0.0,Canada,CAN,ontario,,,Windows-10-10.0.26200-SP0,3.11.9,3.2.6,8,Intel(R) Core(TM) i7-1065G7 CPU @ 1.30GHz,0,,-75.6718,45.3316,15.595848083496094,process,0.0,0,65.5,10.219680786132812,N,1.0,0.0
2026-07-30T23:21:48,codecarbon,4e607da2-8e54-442c-bfaa-21e3e889921e,5b0fa12a-3dd7-45bb-9766-cc326314d9f1,0.2869561999104917,9.52915938788611e-08,3.32077138980042e-07,9.64906543144786,0.0,10.0,7.384301120834838e-07,0.0,7.338836110041788e-07,1.4723137230876626e-06,0.0,Canada,CAN,ontario,,,Windows-10-10.0.26200-SP0,3.11.9,3.2.6,8,Intel(R) Core(TM) i7-1065G7 CPU @ 1.30GHz,0,,-75.6718,45.3316,15.595848083496094,process,0.0,0,0.0,0.0,N,1.0,0.0
2026-07-30T23:21:54,codecarbon,fcca23d1-5f6c-4d05-a2ff-c796d5c250bd,5b0fa12a-3dd7-45bb-9766-cc326314d9f1,0.6618325000163168,2.606908168993881e-07,3.938924378796161e-07,12.515626837602891,0.0,10.0,2.254013983281532e-06,0.0,1.7738194444165048e-06,4.027833427698037e-06,0.0,Canada,CAN,ontario,,,Windows-10-10.0.26200-SP0,3.11.9,3.2.6,8,Intel(R) Core(TM) i7-1065G7 CPU @ 1.30GHz,0,,-75.6718,45.3316,15.595848083496094,process,0.0,0,0.0,0.0,N,1.0,0.0
2026-07-30T23:21:59,codecarbon,accb918b-a46e-49fb-8958-19a1a09d2985,5b0fa12a-3dd7-45bb-9766-cc326314d9f1,0.7667284999042749,2.771849027673258e-07,3.615163683128149e-07,10.744711767202029,0.0,10.0,2.240690252808415e-06,0.0,2.041986944257385e-06,4.2826771970658e-06,0.0,Canada,CAN,ontario,,,Windows-10-10.0.26200-SP0,3.11.9,3.2.6,8,Intel(R) Core(TM) i7-1065G7 CPU @ 1.30GHz,0,,-75.6718,45.3316,15.595848083496094,process,0.0,0,0.0,0.0,N,1.0,0.0
2026-07-30T23:22:04,codecarbon,a567c1df-b17d-4de3-a540-522f20a16468,5b0fa12a-3dd7-45bb-9766-cc326314d9f1,0.6590052000246942,2.232041108319568e-07,3.386985578013541e-07,9.497523558126364,0.0,10.0,1.7007152116382176e-06,0.0,1.747925555618066e-06,3.448640767256284e-06,0.0,Canada,CAN,ontario,,,Windows-10-10.0.26200-SP0,3.11.9,3.2.6,8,Intel(R) Core(TM) i7-1065G7 CPU @ 1.30GHz,0,,-75.6718,45.3316,15.595848083496094,process,0.0,0,0.0,0.0,N,1.0,0.0
2026-07-30T23:22:10,codecarbon,d015a9bd-e184-4ca9-b746-c72f091dd17e,5b0fa12a-3dd7-45bb-9766-cc326314d9f1,0.8195309001021087,3.265023394825629e-07,3.984014994942626e-07,12.87521332111316,0.0,10.0,2.867373310185182e-06,0.0,2.1772886109020976e-06,5.04466192108728e-06,0.0,Canada,CAN,ontario,,,Windows-10-10.0.26200-SP0,3.11.9,3.2.6,8,Intel(R) Core(TM) i7-1065G7 CPU @ 1.30GHz,0,,-75.6718,45.3316,15.595848083496094,process,0.0,0,0.0,0.0,N,1.0,0.0
2026-07-30T23:22:18,codecarbon,3c341e6d-ac2e-4c4b-8c59-5de990e58271,5b0fa12a-3dd7-45bb-9766-cc326314d9f1,2.724040500121191,8.890303473887908e-07,3.2636458501598576e-07,8.309365530189822,0.0,10.0,6.253186947651526e-06,0.0,7.482878610931544e-06,1.373606555858307e-05,0.0,Canada,CAN,ontario,,,Windows-10-10.0.26200-SP0,3.11.9,3.2.6,8,Intel(R) Core(TM) i7-1065G7 CPU @ 1.30GHz,0,,-75.6718,45.3316,15.595848083496094,process,0.0,0,66.85,10.430389404296877,N,1.0,0.0
2026-07-30T23:22:23,codecarbon,02f7302c-c26e-4275-bd95-3f8ac2cb1793,5b0fa12a-3dd7-45bb-9766-cc326314d9f1,0.6375324998516589,2.240723866967345e-07,3.514681788753854e-07,10.311331980611245,0.0,10.0,1.7795514414822387e-06,0.0,1.682504721813732e-06,3.462056163295971e-06,0.0,Canada,CAN,ontario,,,Windows-10-10.0.26200-SP0,3.11.9,3.2.6,8,Intel(R) Core(TM) i7-1065G7 CPU @ 1.30GHz,0,,-75.6718,45.3316,15.595848083496094,process,0.0,0,0.0,0.0,N,1.0,0.0
2026-07-30T23:22:28,codecarbon,79482e2e-977c-4b26-9944-fa234392013f,5b0fa12a-3dd7-45bb-9766-cc326314d9f1,0.2678268998861313,9.184750210865497e-08,3.429360611189715e-07,10.28472904846355,0.0,10.0,7.348778872639845e-07,0.0,6.842225000986622e-07,1.4191003873626467e-06,0.0,Canada,CAN,ontario,,,Windows-10-10.0.26200-SP0,3.11.9,3.2.6,8,Intel(R) Core(TM) i7-1065G7 CPU @ 1.30GHz,0,,-75.6718,45.3316,15.595848083496094,process,0.0,0,0.0,0.0,N,1.0,0.0
2026-07-30T23:22:33,codecarbon,61b28462-55f6-482f-a80e-2c4753fb2fee,5b0fa12a-3dd7-45bb-9766-cc326314d9f1,0.4250318999402225,1.4795730724224645e-07,3.48108711988572e-07,10.16856115025228,0.0,10.0,1.1686916577770388e-06,0.0,1.1173397225017349e-06,2.286031380278773e-06,0.0,Canada,CAN,ontario,,,Windows-10-10.0.26200-SP0,3.11.9,3.2.6,8,Intel(R) Core(TM) i7-1065G7 CPU @ 1.30GHz,0,,-75.6718,45.3316,15.595848083496094,process,0.0,0,0.0,0.0,N,1.0,0.0
2026-07-30T23:22:38,codecarbon,cd03aaeb-f122-46c2-9250-7b16dd77552f,5b0fa12a-3dd7-45bb-9766-cc326314d9f1,0.5606317999772727,2.093700899097448e-07,3.734538246282718e-07,11.403492112273844,0.0,10.0,1.7413408038561947e-06,0.0,1.4935558331975092e-06,3.234896637053704e-06,0.0,Canada,CAN,ontario,,,Windows-10-10.0.26200-SP0,3.11.9,3.2.6,8,Intel(R) Core(TM) i7-1065G7 CPU @ 1.30GHz,0,,-75.6718,45.3316,15.595848083496094,process,0.0,0,0.0,0.0,N,1.0,0.0
2026-07-30T23:22:44,codecarbon,55be707f-7fc8-447b-9737-55e2ea0e541d,5b0fa12a-3dd7-45bb-9766-cc326314d9f1,0.4881062000058591,1.7202933079499012e-07,3.524424209176714e-07,10.295952511156536,0.0,10.0,1.3647245018043872e-06,0.0,1.2932344449735762e-06,2.6579589467779635e-06,0.0,Canada,CAN,ontario,,,Windows-10-10.0.26200-SP0,3.11.9,3.2.6,8,Intel(R) Core(TM) i7-1065G7 CPU @ 1.30GHz,0,,-75.6718,45.3316,15.595848083496094,process,0.0,0,0.0,0.0,N,1.0,0.0
2026-07-30T23:22:49,codecarbon,4be58cc2-9462-474c-a336-b50901c04d0c,5b0fa12a-3dd7-45bb-9766-cc326314d9f1,0.6106132999993861,2.170706541314953e-07,3.554961120757008e-07,10.437341239633,0.0,10.0,1.7317845336532174e-06,0.0,1.6220905559344426e-06,3.35387508958766e-06,0.0,Canada,CAN,ontario,,,Windows-10-10.0.26200-SP0,3.11.9,3.2.6,8,Intel(R) Core(TM) i7-1065G7 CPU @ 1.30GHz,0,,-75.6718,45.3316,15.595848083496094,process,0.0,0,0.0,0.0,N,1.0,0.0
2026-07-30T23:22:54,codecarbon,0762bc9f-6f5c-4bd9-ae30-86e8dcb7ff52,5b0fa12a-3dd7-45bb-9766-cc326314d9f1,0.6300679000560194,2.142785063253781e-07,3.4008795926014725e-07,9.670321368199374,0.0,10.0,1.6496158000647773e-06,0.0,1.6611188889429389e-06,3.310734689007716e-06,0.0,Canada,CAN,ontario,,,Windows-10-10.0.26200-SP0,3.11.9,3.2.6,8,Intel(R) Core(TM) i7-1065G7 CPU @ 1.30GHz,0,,-75.6718,45.3316,15.595848083496094,process,0.0,0,0.0,0.0,N,1.0,0.0
2026-07-30T23:23:00,codecarbon,796ca6de-9ec5-4193-994b-b1f6ece47027,5b0fa12a-3dd7-45bb-9766-cc326314d9f1,1.328617800027132,5.218274021582776e-07,3.927596048672698e-07,12.096693063536202,0.0,10.0,4.4298056399127264e-06,0.0,3.6327486107539808e-06,8.062554250666706e-06,0.0,Canada,CAN,ontario,,,Windows-10-10.0.26200-SP0,3.11.9,3.2.6,8,Intel(R) Core(TM) i7-1065G7 CPU @ 1.30GHz,0,,-75.6718,45.3316,15.595848083496094,process,0.0,0,64.4,10.04279327392578,N,1.0,0.0
2026-07-30T23:23:06,codecarbon,a5d2f00f-accf-4722-b2be-289a6d621e61,5b0fa12a-3dd7-45bb-9766-cc326314d9f1,0.7134922998957336,2.5289503536335176e-07,3.544467619346539e-07,10.33904413603188,0.0,10.0,2.0074457539992192e-06,0.0,1.899938055107163e-06,3.907383809106382e-06,0.0,Canada,CAN,ontario,,,Windows-10-10.0.26200-SP0,3.11.9,3.2.6,8,Intel(R) Core(TM) i7-1065G7 CPU @ 1.30GHz,0,,-75.6718,45.3316,15.595848083496094,process,0.0,0,0.0,0.0,N,1.0,0.0
2026-07-30T23:23:11,codecarbon,c6c1d983-9eac-4620-9288-9a6c6611b652,5b0fa12a-3dd7-45bb-9766-cc326314d9f1,0.3125302998814732,1.0463350115588597e-07,3.347947421276213e-07,9.697101101544746,0.0,10.0,8.11829990677446e-07,0.0,8.04821944459238e-07,1.616651935136684e-06,0.0,Canada,CAN,ontario,,,Windows-10-10.0.26200-SP0,3.11.9,3.2.6,8,Intel(R) Core(TM) i7-1065G7 CPU @ 1.30GHz,0,,-75.6718,45.3316,15.595848083496094,process,0.0,0,0.0,0.0,N,1.0,0.0
2026-07-30T23:23:17,codecarbon,88469ba4-bd8e-4c36-8e03-9de08a76083c,5b0fa12a-3dd7-45bb-9766-cc326314d9f1,1.9412525999359789,6.984692866553345e-07,3.598034004839811e-07,10.288384214014018,0.0,10.0,5.497120266408476e-06,0.0,5.294659722130746e-06,1.0791779988539222e-05,0.0,Canada,CAN,ontario,,,Windows-10-10.0.26200-SP0,3.11.9,3.2.6,8,Intel(R) Core(TM) i7-1065G7 CPU @ 1.30GHz,0,,-75.6718,45.3316,15.595848083496094,process,44.0,0,64.5,10.06473159790039,N,1.0,0.0
2026-07-30T23:23:23,codecarbon,d2dd40d2-fe39-4cdd-a96d-6c5c98ab1556,5b0fa12a-3dd7-45bb-9766-cc326314d9f1,1.1871161998715252,4.170472532069124e-07,3.5131123073886705e-07,9.935563309244571,0.0,10.0,3.2334529061860064e-06,0.0,3.210183610725734e-06,6.44363651691174e-06,0.0,Canada,CAN,ontario,,,Windows-10-10.0.26200-SP0,3.11.9,3.2.6,8,Intel(R) Core(TM) i7-1065G7 CPU @ 1.30GHz,0,,-75.6718,45.3316,15.595848083496094,process,0.0,0,64.5,10.066925048828123,N,1.0,0.0
2026-07-30T23:23:29,codecarbon,8574f806-6ae7-4b78-a6be-90fc14d188ae,5b0fa12a-3dd7-45bb-9766-cc326314d9f1,0.8167753000743687,2.836666038560072e-07,3.473006637568238e-07,9.898232957055924,0.0,10.0,2.2024142977423007e-06,0.0,2.1804091669360382e-06,4.382823464678339e-06,0.0,Canada,CAN,ontario,,,Windows-10-10.0.26200-SP0,3.11.9,3.2.6,8,Intel(R) Core(TM) i7-1065G7 CPU @ 1.30GHz,0,,-75.6718,45.3316,15.595848083496094,process,0.0,0,0.0,0.0,N,1.0,0.0
2026-07-30T23:23:35,codecarbon,df488596-fc9c-4147-af4e-397d798c7c61,5b0fa12a-3dd7-45bb-9766-cc326314d9f1,0.7508007001597434,2.950284721090858e-07,3.9295178074063373e-07,12.335696705105754,0.0,10.0,2.5349582603655973e-06,0.0,2.0234130555763843e-06,4.558371315941982e-06,0.0,Canada,CAN,ontario,,,Windows-10-10.0.26200-SP0,3.11.9,3.2.6,8,Intel(R) Core(TM) i7-1065G7 CPU @ 1.30GHz,0,,-75.6718,45.3316,15.595848083496094,process,0.0,0,0.0,0.0,N,1.0,0.0
2026-07-30T23:23:41,codecarbon,5730b229-fb53-4c8c-adff-b0d60a225bb7,5b0fa12a-3dd7-45bb-9766-cc326314d9f1,1.196786900050938,4.298772068687725e-07,3.59192774294635e-07,10.42300555177463,0.0,10.0,3.4144127459103307e-06,0.0,3.2274544446004764e-06,6.641867190510807e-06,0.0,Canada,CAN,ontario,,,Windows-10-10.0.26200-SP0,3.11.9,3.2.6,8,Intel(R) Core(TM) i7-1065G7 CPU @ 1.30GHz,0,,-75.6718,45.3316,15.595848083496094,process,0.0,0,64.6,10.073463439941406,N,1.0,0.0
2026-07-30T23:23:48,codecarbon,5680fc3a-17f3-43f9-9010-03514ccf10b0,5b0fa12a-3dd7-45bb-9766-cc326314d9f1,2.2991792000830173,8.315581427115322e-07,3.616760897460741e-07,10.34515281282961,0.0,10.0,6.557711043931714e-06,0.0,6.290373611005231e-06,1.2848084654936943e-05,0.0,Canada,CAN,ontario,,,Windows-10-10.0.26200-SP0,3.11.9,3.2.6,8,Intel(R) Core(TM) i7-1065G7 CPU @ 1.30GHz,0,,-75.6718,45.3316,15.595848083496094,process,50.0,0,64.8,10.105297088623049,N,1.0,0.0
2026-07-30T23:23:53,codecarbon,3aba2cab-6ff0-4696-a412-bb71d07dbf65,5b0fa12a-3dd7-45bb-9766-cc326314d9f1,0.3506026000250131,1.3426007176437045e-07,3.829408902124283e-07,12.32229854176842,0.0,10.0,1.1622720579403595e-06,0.0,9.121286113642984e-07,2.074400669304658e-06,0.0,Canada,CAN,ontario,,,Windows-10-10.0.26200-SP0,3.11.9,3.2.6,8,Intel(R) Core(TM) i7-1065G7 CPU @ 1.30GHz,0,,-75.6718,45.3316,15.595848083496094,process,0.0,0,0.0,0.0,N,1.0,0.0
2026-07-30T23:23:59,codecarbon,86326810-a3f6-4c8d-b1ed-769d72ce1c0e,5b0fa12a-3dd7-45bb-9766-cc326314d9f1,1.5110358998645097,5.475499853631466e-07,3.6236729081833457e-07,10.484440757034832,0.0,10.0,4.355472590062998e-06,0.0,4.104511388706872e-06,8.45998397876987e-06,0.0,Canada,CAN,ontario,,,Windows-10-10.0.26200-SP0,3.11.9,3.2.6,8,Intel(R) Core(TM) i7-1065G7 CPU @ 1.30GHz,0,,-75.6718,45.3316,15.595848083496094,process,0.0,0,64.9,10.121631622314451,N,1.0,0.0
2026-07-30T23:24:05,codecarbon,0c2377ef-369f-4c75-8bf6-ef777e7c3150,5b0fa12a-3dd7-45bb-9766-cc326314d9f1,1.2164338999427855,4.434929598125277e-07,3.645845120177818e-07,10.705746092133708,0.0,10.0,3.5670014461965687e-06,0.0,3.2852375000301336e-06,6.852238946226702e-06,0.0,Canada,CAN,ontario,,,Windows-10-10.0.26200-SP0,3.11.9,3.2.6,8,Intel(R) Core(TM) i7-1065G7 CPU @ 1.30GHz,0,,-75.6718,45.3316,15.595848083496094,process,40.2,0,64.9,10.120235443115234,N,1.0,0.0
2026-07-30T23:24:11,codecarbon,d13eec3c-e7cc-4179-bdad-15878103fdaf,5b0fa12a-3dd7-45bb-9766-cc326314d9f1,0.9418032001703978,3.765229767566453e-07,3.997894429415e-07,12.649571146311004,0.0,10.0,3.267930970390661e-06,0.0,2.5495805557713743e-06,5.817511526162035e-06,0.0,Canada,CAN,ontario,,,Windows-10-10.0.26200-SP0,3.11.9,3.2.6,8,Intel(R) Core(TM) i7-1065G7 CPU @ 1.30GHz,0,,-75.6718,45.3316,15.595848083496094,process,0.0,0,0.0,0.0,N,1.0,0.0
2026-07-30T23:24:16,codecarbon,6a0909ef-f24a-4220-aab8-20e5972cf833,5b0fa12a-3dd7-45bb-9766-cc326314d9f1,0.5807133000344038,2.058661959069146e-07,3.5450573612610257e-07,10.377776337026589,0.0,10.0,1.6366468200501945e-06,0.0,1.5441125000102652e-06,3.1807593200604594e-06,0.0,Canada,CAN,ontario,,,Windows-10-10.0.26200-SP0,3.11.9,3.2.6,8,Intel(R) Core(TM) i7-1065G7 CPU @ 1.30GHz,0,,-75.6718,45.3316,15.595848083496094,process,0.0,0,0.0,0.0,N,1.0,0.0
2026-07-30T23:24:21,codecarbon,6443c530-5e9e-4997-8aad-04bbe780ca87,5b0fa12a-3dd7-45bb-9766-cc326314d9f1,0.5139954001642764,1.8052707747930738e-07,3.512231382257696e-07,10.320355601125527,0.0,10.0,1.4352699140902145e-06,0.0,1.3539844444797683e-06,2.7892543585699832e-06,0.0,Canada,CAN,ontario,,,Windows-10-10.0.26200-SP0,3.11.9,3.2.6,8,Intel(R) Core(TM) i7-1065G7 CPU @ 1.30GHz,0,,-75.6718,45.3316,15.595848083496094,process,0.0,0,0.0,0.0,N,1.0,0.0
2026-07-30T23:24:27,codecarbon,ecf5aacc-fc28-4cc6-9ad5-24728f25d871,5b0fa12a-3dd7-45bb-9766-cc326314d9f1,0.6721241001505405,2.430483068987191e-07,3.616122481611384e-07,10.757378126438844,0.0,10.0,1.970206632255764e-06,0.0,1.7850391670233673e-06,3.755245799279131e-06,0.0,Canada,CAN,ontario,,,Windows-10-10.0.26200-SP0,3.11.9,3.2.6,8,Intel(R) Core(TM) i7-1065G7 CPU @ 1.30GHz,0,,-75.6718,45.3316,15.595848083496094,process,0.0,0,0.0,0.0,N,1.0,0.0
2026-07-30T23:24:32,codecarbon,ee125533-5f87-4bce-a33a-08f601f1396d,5b0fa12a-3dd7-45bb-9766-cc326314d9f1,0.4760616000276059,1.7102049385625064e-07,3.5924026186177055e-07,10.678578379284112,0.0,10.0,1.3803415179728257e-06,0.0,1.26203027773752e-06,2.6423717957103457e-06,0.0,Canada,CAN,ontario,,,Windows-10-10.0.26200-SP0,3.11.9,3.2.6,8,Intel(R) Core(TM) i7-1065G7 CPU @ 1.30GHz,0,,-75.6718,45.3316,15.595848083496094,process,0.0,0,0.0,0.0,N,1.0,0.0
2026-07-30T23:24:37,codecarbon,072c2c69-d9b7-41a4-96d1-0fd33cf03537,5b0fa12a-3dd7-45bb-9766-cc326314d9f1,0.309736399911344,1.0666207266798896e-07,3.443640227577995e-07,10.274077385387177,0.0,10.0,8.51116557198567e-07,0.0,7.968780552295761e-07,1.647994612428143e-06,0.0,Canada,CAN,ontario,,,Windows-10-10.0.26200-SP0,3.11.9,3.2.6,8,Intel(R) Core(TM) i7-1065G7 CPU @ 1.30GHz,0,,-75.6718,45.3316,15.595848083496094,process,0.0,0,0.0,0.0,N,1.0,0.0
2026-07-30T23:24:42,codecarbon,06d0def6-4dde-4f32-b363-5c761cc86edd,5b0fa12a-3dd7-45bb-9766-cc326314d9f1,0.5214988999068737,1.830085929005199e-07,3.509280516856325e-07,10.301401256920414,0.0,10.0,1.4507866864979342e-06,0.0,1.3768086112880455e-06,2.82759529778598e-06,0.0,Canada,CAN,ontario,,,Windows-10-10.0.26200-SP0,3.11.9,3.2.6,8,Intel(R) Core(TM) i7-1065G7 CPU @ 1.30GHz,0,,-75.6718,45.3316,15.595848083496094,process,0.0,0,0.0,0.0,N,1.0,0.0
2026-07-30T23:24:48,codecarbon,9d4f700a-c487-430f-b477-ed8ccc7ccab0,5b0fa12a-3dd7-45bb-9766-cc326314d9f1,1.551210599951446,5.631497175888285e-07,3.630388534003413e-07,10.513595890174956,0.0,10.0,4.483046934769572e-06,0.0,4.217962499630327e-06,8.7010094343999e-06,0.0,Canada,CAN,ontario,,,Windows-10-10.0.26200-SP0,3.11.9,3.2.6,8,Intel(R) Core(TM) i7-1065G7 CPU @ 1.30GHz,0,,-75.6718,45.3316,15.595848083496094,process,0.0,0,65.1,10.15945053100586,N,1.0,0.0
2026-07-30T23:24:54,codecarbon,3b68cef6-ba3e-4f58-a4b2-a8bdd2e951b9,5b0fa12a-3dd7-45bb-9766-cc326314d9f1,0.7238133000209928,2.484808264936829e-07,3.432940876970293e-07,9.746338249111597,0.0,10.0,1.916991567777265e-06,0.0,1.9221899998632983e-06,3.839181567640564e-06,0.0,Canada,CAN,ontario,,,Windows-10-10.0.26200-SP0,3.11.9,3.2.6,8,Intel(R) Core(TM) i7-1065G7 CPU @ 1.30GHz,0,,-75.6718,45.3316,15.595848083496094,process,0.0,0,0.0,0.0,N,1.0,0.0
2026-07-30T23:24:59,codecarbon,268ec411-887e-4650-a63a-9a869789dec1,5b0fa12a-3dd7-45bb-9766-cc326314d9f1,0.3386414998676628,1.2949129289929097e-07,3.8238459536086e-07,12.26829693064372,0.0,10.0,1.117653436880414e-06,0.0,8.830666664936063e-07,2.0007201033740205e-06,0.0,Canada,CAN,ontario,,,Windows-10-10.0.26200-SP0,3.11.9,3.2.6,8,Intel(R) Core(TM) i7-1065G7 CPU @ 1.30GHz,0,,-75.6718,45.3316,15.595848083496094,process,0.0,0,0.0,0.0,N,1.0,0.0
2026-07-30T23:25:06,codecarbon,36088fd5-225b-45b8-b1a3-5504ff1c4496,5b0fa12a-3dd7-45bb-9766-cc326314d9f1,1.7425444000400605,6.266130101118802e-07,3.5959658192782613e-07,10.291784174450369,0.0,10.0,4.932999384692158e-06,0.0,4.748556944670983e-06,9.681556329363144e-06,0.0,Canada,CAN,ontario,,,Windows-10-10.0.26200-SP0,3.11.9,3.2.6,8,Intel(R) Core(TM) i7-1065G7 CPU @ 1.30GHz,0,,-75.6718,45.3316,15.595848083496094,process,0.0,0,65.2,10.167034149169922,N,1.0,0.0
2026-07-30T23:25:11,codecarbon,bcf9f842-e617-4f52-a95d-030b45c2ba1f,5b0fa12a-3dd7-45bb-9766-cc326314d9f1,0.8841937000397593,3.121008141589029e-07,3.529778759392526e-07,10.173578707471108,0.0,10.0,2.453791165104793e-06,0.0,2.3683583338020576e-06,4.822149498906851e-06,0.0,Canada,CAN,ontario,,,Windows-10-10.0.26200-SP0,3.11.9,3.2.6,8,Intel(R) Core(TM) i7-1065G7 CPU @ 1.30GHz,0,,-75.6718,45.3316,15.595848083496094,process,0.0,0,0.0,0.0,N,1.0,0.0
2026-07-30T23:25:17,codecarbon,5f847f26-66b2-4bc7-beb0-7aba91c10fd4,5b0fa12a-3dd7-45bb-9766-cc326314d9f1,0.8485344001092017,3.374748631201708e-07,3.977150049270125e-07,12.551792130224475,0.0,10.0,2.920308325012575e-06,0.0,2.2938858336096426e-06,5.214194158622217e-06,0.0,Canada,CAN,ontario,,,Windows-10-10.0.26200-SP0,3.11.9,3.2.6,8,Intel(R) Core(TM) i7-1065G7 CPU @ 1.30GHz,0,,-75.6718,45.3316,15.595848083496094,process,0.0,0,0.0,0.0,N,1.0,0.0
2026-07-30T23:25:22,codecarbon,48dca04f-5965-4a58-a6d8-45503cf32afd,5b0fa12a-3dd7-45bb-9766-cc326314d9f1,0.5129723001737148,1.806050771286523e-07,3.5207569115816106e-07,10.253124396635616,0.0,10.0,1.4282420008023634e-06,0.0,1.3622175003143234e-06,2.7904595011166866e-06,0.0,Canada,CAN,ontario,,,Windows-10-10.0.26200-SP0,3.11.9,3.2.6,8,Intel(R) Core(TM) i7-1065G7 CPU @ 1.30GHz,0,,-75.6718,45.3316,15.595848083496094,process,0.0,0,0.0,0.0,N,1.0,0.0
2026-07-30T23:25:27,codecarbon,7276203c-987c-44db-9cc1-bb82bb751361,5b0fa12a-3dd7-45bb-9766-cc326314d9f1,0.4196357999462634,1.4721270855643678e-07,3.508106519398205e-07,10.271736574984864,0.0,10.0,1.1677129838135894e-06,0.0,1.1068138888933592e-06,2.274526872706949e-06,0.0,Canada,CAN,ontario,,,Windows-10-10.0.26200-SP0,3.11.9,3.2.6,8,Intel(R) Core(TM) i7-1065G7 CPU @ 1.30GHz,0,,-75.6718,45.3316,15.595848083496094,process,0.0,0,0.0,0.0,N,1.0,0.0
2026-07-30T23:25:33,codecarbon,84b5a8b9-992e-48a6-848a-16629006ad2a,5b0fa12a-3dd7-45bb-9766-cc326314d9f1,1.2184846999589354,4.596486613613268e-07,3.772297357339141e-07,11.404959276184332,0.0,10.0,3.808271136573397e-06,0.0,3.2935833332077083e-06,7.1018544697811054e-06,0.0,Canada,CAN,ontario,,,Windows-10-10.0.26200-SP0,3.11.9,3.2.6,8,Intel(R) Core(TM) i7-1065G7 CPU @ 1.30GHz,0,,-75.6718,45.3316,15.595848083496094,process,44.0,0,65.1,10.154815673828123,N,1.0,0.0
2026-07-30T23:25:38,codecarbon,19b03b0c-ae08-47b7-9391-d32b93e69288,5b0fa12a-3dd7-45bb-9766-cc326314d9f1,0.5904761001002043,2.0351081560084485e-07,3.446554662691833e-07,9.751377724220026,0.0,10.0,1.5691486346701856e-06,0.0,1.575218611267499e-06,3.1443672459376845e-06,0.0,Canada,CAN,ontario,,,Windows-10-10.0.26200-SP0,3.11.9,3.2.6,8,Intel(R) Core(TM) i7-1065G7 CPU @ 1.30GHz,0,,-75.6718,45.3316,15.595848083496094,process,0.0,0,0.0,0.0,N,1.0,0.0
2026-07-30T23:25:45,codecarbon,7ffc611b-c59b-40c6-9a68-7413cb93437b,5b0fa12a-3dd7-45bb-9766-cc326314d9f1,2.005080800037831,7.25033058074301e-07,3.6159792565996413e-07,10.36284148407947,0.0,10.0,5.724486313972469e-06,0.0,5.477720277849585e-06,1.1202206591822056e-05,0.0,Canada,CAN,ontario,,,Windows-10-10.0.26200-SP0,3.11.9,3.2.6,8,Intel(R) Core(TM) i7-1065G7 CPU @ 1.30GHz,0,,-75.6718,45.3316,15.595848083496094,process,40.8,0,65.2,10.16757583618164,N,1.0,0.0
2026-07-30T23:25:51,codecarbon,b3801639-035a-49be-a0fd-603067edebe0,5b0fa12a-3dd7-45bb-9766-cc326314d9f1,0.5551103001926094,2.2318828928208809e-07,4.020611565028559e-07,13.026457854508529,0.0,10.0,1.9684504808903737e-06,0.0,1.4799458336912923e-06,3.4483963145816663e-06,0.0,Canada,CAN,ontario,,,Windows-10-10.0.26200-SP0,3.11.9,3.2.6,8,Intel(R) Core(TM) i7-1065G7 CPU @ 1.30GHz,0,,-75.6718,45.3316,15.595848083496094,process,0.0,0,0.0,0.0,N,1.0,0.0
2026-07-30T23:25:56,codecarbon,5961b052-5ed3-4fbe-95e7-29988dfd1d34,5b0fa12a-3dd7-45bb-9766-cc326314d9f1,0.368397600017488,1.2945967447953881e-07,3.5141291494133866e-07,10.337965531086247,0.0,10.0,1.030424079041495e-06,0.0,9.698075003042404e-07,2.000231579345736e-06,0.0,Canada,CAN,ontario,,,Windows-10-10.0.26200-SP0,3.11.9,3.2.6,8,Intel(R) Core(TM) i7-1065G7 CPU @ 1.30GHz,0,,-75.6718,45.3316,15.595848083496094,process,0.0,0,0.0,0.0,N,1.0,0.0
2026-07-30T23:26:02,codecarbon,1d62721b-5a2a-47ac-8e36-7142b5337130,5b0fa12a-3dd7-45bb-9766-cc326314d9f1,1.6535035001579672,5.959738812820127e-07,3.6043097654469825e-07,10.365631912243009,0.0,10.0,4.711421281279264e-06,0.0,4.496741666743118e-06,9.208162948022382e-06,0.0,Canada,CAN,ontario,,,Windows-10-10.0.26200-SP0,3.11.9,3.2.6,8,Intel(R) Core(TM) i7-1065G7 CPU @ 1.30GHz,0,,-75.6718,45.3316,15.595848083496094,process,0.0,0,65.1,10.157585144042969,N,1.0,0.0
