job_id,config_hash,timestamp,success,mean_score,std_score,mean_train_score,fit_time_mean,score_time_mean,kg_co2,energy_kwh,n_estimators,max_depth,learning_rate,subsample,colsample_bytree,min_child_weight,gamma,f1_macro_mean,f1_macro_std,f1_micro_mean,f1_micro_std,f1_weighted_mean,f1_weighted_std,precision_macro_mean,precision_macro_std,recall_macro_mean,recall_macro_std,roc_auc_ovr_mean,roc_auc_ovr_std
0,1a259f0403b7,2026-07-30 22:37:24,True,0.8100000000000002,0.024083189157584565,0.8099999999999999,0.14023404121398925,0.022560310363769532,3.411490870506919e-07,5.270963177739268e-06,275,4,0.01,1.0,1.0,1,0,0.7061750735401464,0.04882752473288025,0.8100000000000002,0.024083189157584565,0.7759877201783404,0.034665492077833135,0.8935504960528251,0.01079656058201379,0.6833333333333332,0.040138648595974345,0.797607142857143,0.04024305055427374
1,dbdbf2693a04,2026-07-30 22:37:30,True,0.76,0.010488088481701525,1.0,0.15761985778808593,0.021857166290283205,3.843189999781209e-07,5.937964878942347e-06,300,4,0.22,1.0,1.0,1,0,0.6930226908616673,0.01445270883711547,0.76,0.010488088481701525,0.7503053796285706,0.010852201575690508,0.7152838340286821,0.014941611524100925,0.6828571428571429,0.015367751964861837,0.7912857142857141,0.02701110462833077
2,ef6ebbf9651b,2026-07-30 22:37:35,True,0.8009999999999999,0.01714642819948223,0.8472500000000001,0.03450331687927246,0.01514883041381836,1.2541233152496097e-07,1.9376976418649285e-06,50,6,0.08,1.0,1.0,1,0,0.704069426390369,0.035826977812394044,0.8009999999999999,0.01714642819948223,0.771755281307766,0.025093791781412668,0.8388972210682082,0.022813327669214827,0.6826190476190476,0.03119501966180952,0.7796428571428571,0.03299797286428252
3,c1a616f68084,2026-07-30 22:37:42,True,0.774,0.01685229954635273,1.0,0.2994822025299072,0.024418067932128907,6.58002207598334e-07,1.0166538732687879e-05,200,12,0.09,1.0,1.0,1,0,0.7019219064669892,0.02430992921066951,0.774,0.01685229954635273,0.7604690242560299,0.01843796232444414,0.7399645972615685,0.027370390472323813,0.6880952380952381,0.024490268324997715,0.805,0.02253719525735241
4,716ba47356d6,2026-07-30 22:37:47,True,0.7829999999999999,0.01630950643030006,0.94025,0.08043718338012695,0.02037496566772461,2.3518606408032902e-07,3.6337693130060747e-06,125,5,0.07,1.0,1.0,1,0,0.6972881130162154,0.034153172315859216,0.7829999999999999,0.01630950643030006,0.7615371739963057,0.02323805764461901,0.7709991609083323,0.025668938287682196,0.6811904761904761,0.03208018581609943,0.7945,0.029241003422918632
5,d7818960802d,2026-07-30 22:37:52,True,0.773,0.02767670500619612,1.0,0.0600583553314209,0.019177818298339845,1.9290814207303227e-07,2.9805494200310105e-06,50,8,0.28,1.0,1.0,1,0,0.7039123932367526,0.03119553731043849,0.773,0.02767670500619612,0.7610239800179295,0.02641107446943135,0.7397673582103036,0.047056692455406494,0.6902380952380953,0.02830630964171915,0.8053809523809523,0.024223941044509898
6,ff7d92216772,2026-07-30 22:37:58,True,0.752,0.021587033144922923,1.0,0.09481077194213867,0.016777801513671874,2.7220757018424936e-07,4.205774347946173e-06,225,4,0.3,1.0,1.0,1,0,0.6829676693963206,0.033114350922545686,0.752,0.021587033144922923,0.7420471098069908,0.02484671631394552,0.7029030944662258,0.029873701822949492,0.6742857142857144,0.03338940861575347,0.7900238095238095,0.03233920628337298
7,e642fd440fd3,2026-07-30 22:38:04,True,0.766,0.014628738838327807,1.0,0.20238080024719238,0.024335432052612304,4.708277520908607e-07,7.2745782959106006e-06,250,6,0.23,1.0,1.0,1,0,0.697964620418918,0.020331270050470307,0.766,0.014628738838327807,0.7551405512500102,0.01503153223993468,0.7263504434231146,0.02419044391076502,0.6871428571428572,0.0227053491454898,0.7938809523809526,0.03157914866467255
8,9451a7cc5239,2026-07-30 22:38:09,True,0.773,0.018601075237738292,1.0,0.0443324089050293,0.018446588516235353,1.6143999235448545e-07,2.494347156170342e-06,50,6,0.28,1.0,1.0,1,0,0.7003234660220582,0.025605441576409132,0.773,0.018601075237738292,0.7592753674631478,0.01983165493745432,0.7387683866717102,0.030738771327184247,0.6864285714285714,0.025181878089749084,0.8073809523809524,0.024754005150178338
9,733913ab4465,2026-07-30 22:38:16,True,0.769,0.019339079605813735,1.0,0.35064196586608887,0.027114725112915038,7.61278303347884e-07,1.1762217919587374e-05,275,8,0.06,1.0,1.0,1,0,0.6993303857686752,0.027362758169227657,0.769,0.019339079605813735,0.7570968641603146,0.020812031353241344,0.7311591377406884,0.03189978961129376,0.6873809523809523,0.027854090186829918,0.8012142857142857,0.028292627822732296
10,6779c4f5d736,2026-07-30 22:38:23,True,0.7569999999999999,0.03091924966748064,1.0,0.2963512897491455,0.024988603591918946,6.463052590438107e-07,9.98581368471599e-06,300,13,0.21,1.0,1.0,1,0,0.6896849255426976,0.03666609664968829,0.7569999999999999,0.03091924966748064,0.7473830535087492,0.030474833733000063,0.712747115696578,0.043956781088084027,0.6797619047619048,0.03500890719183392,0.7955714285714286,0.02434323254051407
11,722b3e1c7fef,2026-07-30 22:38:29,True,0.7700000000000001,0.016431676725154998,1.0,0.1600353717803955,0.01692047119140625,4.0021360402641065e-07,6.183546285557197e-06,200,9,0.09,1.0,1.0,1,0,0.6997096651122712,0.02186883784491706,0.7700000000000001,0.016431676725154998,0.7576951294936489,0.016802668823372256,0.7335793911871997,0.029068796886038365,0.687142857142857,0.021735891506718466,0.8017380952380952,0.027426938608806597
12,3971b6638a45,2026-07-30 22:38:34,True,0.7909999999999999,0.026720778431774762,0.99725,0.04858908653259277,0.017600440979003908,1.5836439105551728e-07,2.4468272248217953e-06,25,15,0.11,1.0,1.0,1,0,0.7080354215261886,0.0443586182333032,0.7909999999999999,0.026720778431774762,0.7701890328080604,0.03274869653563227,0.7826237799388283,0.041164676870687644,0.6897619047619047,0.040731686618461806,0.8090952380952381,0.023958415409501544
13,3279aac3a7a0,2026-07-30 22:38:41,True,0.769,0.01933907960581373,1.0,0.3742045879364014,0.025870800018310547,8.194808583880127e-07,1.2661483185454189e-05,250,14,0.11,1.0,1.0,1,0,0.700261581767416,0.027994014189271218,0.769,0.01933907960581373,0.757597704473722,0.02139448223791228,0.7290984717242636,0.027056502818146998,0.6883333333333332,0.028064955431213665,0.806,0.02475487537587871
14,0d6e6eafc690,2026-07-30 22:38:46,True,0.794,0.016852299546352693,0.8705,0.06311826705932617,0.01891303062438965,1.9926368357664263e-07,3.0787464444748896e-06,75,7,0.05,1.0,1.0,1,0,0.6984236741387216,0.03378452123093874,0.794,0.016852299546352693,0.7662720621232052,0.02379938766553111,0.8132380709749517,0.023576106109190132,0.6785714285714286,0.02983324782414687,0.7821666666666667,0.032090203787734375
15,ca82580d01ab,2026-07-30 22:38:52,True,0.786,0.017720045146669364,0.96075,0.11274042129516601,0.0188295841217041,2.897225565328356e-07,4.476391657522282e-06,150,6,0.05,1.0,1.0,1,0,0.6999899687026466,0.03167072596728276,0.786,0.017720045146669364,0.7641265514586284,0.022512589297857044,0.7793760161087098,0.03958911616816562,0.6823809523809524,0.029884509369015242,0.7941428571428572,0.027076506203877502
16,d3b57c9cf714,2026-07-30 22:38:57,True,0.792,0.022494443758403978,0.99975,0.1671133518218994,0.023138093948364257,3.9797280788753433e-07,6.1489246072788014e-06,75,13,0.06,1.0,1.0,1,0,0.7168209363867044,0.033504177740422234,0.792,0.022494443758403978,0.7751457946961785,0.025655274892042577,0.7753249571085502,0.03745993515400273,0.6980952380952381,0.029876920615878922,0.8114761904761905,0.025312177883507935
17,e1b3c2ca3ec3,2026-07-30 22:39:04,True,0.772,0.02767670500619608,1.0,0.23706560134887694,0.0240689754486084,5.95210555028012e-07,9.196369088005862e-06,250,10,0.17,1.0,1.0,1,0,0.7046303488841665,0.038104914263091844,0.772,0.02767670500619608,0.7610204787494083,0.029995403630996974,0.7321892403996191,0.03731429096115308,0.6923809523809524,0.037378677516464086,0.7936190476190477,0.028441031807046536
18,d7532b333cba,2026-07-30 22:39:11,True,0.766,0.015297058540778367,1.0,0.32886061668395994,0.02505149841308594,7.131678700434641e-07,1.101888214048562e-05,275,8,0.04,1.0,1.0,1,0,0.690085223349103,0.02272346149582004,0.766,0.015297058540778367,0.7512549919360015,0.01633114972559132,0.7311882684281101,0.03302265941514273,0.6776190476190477,0.02322374654589817,0.8032380952380953,0.025292327177603845
19,2541143a7471,2026-07-30 22:39:16,True,0.771,0.016552945357246864,1.0,0.03924679756164551,0.015580463409423827,1.4268466349535128e-07,2.204565792082455e-06,25,14,0.29,1.0,1.0,1,0,0.696029142192501,0.024058924126506228,0.771,0.016552945357246864,0.7563327719319647,0.01819781167326515,0.7365060934005528,0.026936745079559545,0.6821428571428572,0.023726044130196425,0.8096904761904762,0.018112241384816496
20,db0cefce6c46,2026-07-30 22:39:22,True,0.768,0.024413111231467385,1.0,0.22715997695922852,0.022516393661499025,5.594074192016913e-07,8.643188623067105e-06,275,11,0.2,1.0,1.0,1,0,0.6998764961504516,0.03543249084689033,0.768,0.024413111231467385,0.7570001704077505,0.027231020314846296,0.7263981135965778,0.031928747894597355,0.6885714285714286,0.03569523301316221,0.7954285714285714,0.02509715814467395
21,f49382a01329,2026-07-30 22:39:28,True,0.776,0.019339079605813735,1.0,0.2135169506072998,0.025089359283447264,5.064646791296524e-07,7.825190732875266e-06,225,15,0.3,1.0,1.0,1,0,0.7121558885717401,0.023387478478692852,0.776,0.019339079605813735,0.7662919422647885,0.019041863410244032,0.7397852629214393,0.03248824239360644,0.7,0.022874497379953233,0.8018095238095239,0.022570298344216352
22,75e46e7da4b9,2026-07-30 22:39:33,True,0.771,0.021307275752662534,1.0,0.05488429069519043,0.016930294036865235,1.7807498055789692e-07,2.7513679532662467e-06,50,8,0.29,1.0,1.0,1,0,0.6997148821869369,0.031054766577532516,0.771,0.021307275752662534,0.7581478671529457,0.023682036803081143,0.7338244643370189,0.03063145416657595,0.6869047619047619,0.030741036707770286,0.7956904761904763,0.029314484513079418
23,a600d8be35fe,2026-07-30 22:39:39,True,0.7979999999999999,0.01661324772583613,0.8532500000000001,0.12157044410705567,0.021947717666625975,3.35797522550538e-07,5.188278215374364e-06,250,4,0.03,1.0,1.0,1,0,0.7032194810262256,0.03406494046938509,0.7979999999999999,0.01661324772583613,0.7702440111832632,0.023892480338534892,0.8243425963026688,0.025653348849713143,0.6823809523809524,0.030007557627025058,0.7846309523809523,0.030721077137673167
24,bd91ba40bd44,2026-07-30 22:39:46,True,0.7630000000000001,0.016000000000000014,1.0,0.27780981063842775,0.023559951782226564,6.176532972734612e-07,9.543123256413409e-06,275,10,0.18,1.0,1.0,1,0,0.6979577357473774,0.01998000164222769,0.7630000000000001,0.016000000000000014,0.753944417512902,0.015991392247362204,0.7195524257619736,0.022875962254752392,0.6878571428571428,0.020404081224408174,0.8013095238095238,0.026438758225528238
25,b16e943a5dcf,2026-07-30 22:39:52,True,0.767,0.017204650534085267,1.0,0.22083663940429688,0.02324967384338379,5.073118722872348e-07,7.838280388124396e-06,225,15,0.24,1.0,1.0,1,0,0.7026404207168573,0.026352880506250596,0.767,0.017204650534085267,0.7578933094012402,0.019706401563267913,0.7240457573002883,0.02197317549988393,0.6926190476190477,0.02770921243043078,0.8031190476190476,0.022928385995393152
26,6c1c7f50df8a,2026-07-30 22:39:58,True,0.764,0.03261901286060018,1.0,0.19236578941345214,0.022529077529907227,4.85783968715911e-07,7.505661039793829e-06,200,11,0.15,1.0,1.0,1,0,0.6953762689943067,0.03943455755227513,0.764,0.03261901286060018,0.7531109498549939,0.03252430368501842,0.7239742428086537,0.04926297304756022,0.6838095238095238,0.03714285714285714,0.8053571428571427,0.022886513867489838
27,f9e160de45be,2026-07-30 22:40:03,True,0.7549999999999999,0.02144761058952724,0.9782500000000001,0.055228471755981445,0.0185213565826416,1.7944692026659614e-07,2.7725652654125263e-06,150,3,0.19,1.0,1.0,1,0,0.6812752460284598,0.02706494740296824,0.7549999999999999,0.02144761058952724,0.7424421118062886,0.02141457651650092,0.7114326097553721,0.03371963366411975,0.6707142857142857,0.02710105385739467,0.7948571428571428,0.024928059757335856
28,2a63154318d1,2026-07-30 22:40:11,True,0.778,0.026570660511172867,1.0,0.6244806289672852,0.028992319107055665,1.266683623655992e-06,1.9571040907238262e-05,300,13,0.02,1.0,1.0,1,0,0.6969027675848164,0.037640317778640166,0.778,0.026570660511172867,0.7595591905785454,0.029247066182272605,0.7541276661550537,0.04581471825827678,0.6804761904761906,0.033827962778737335,0.8071904761904761,0.023830657287564887
29,46d31fecc652,2026-07-30 22:40:17,True,0.781,0.022226110770892885,0.9962500000000001,0.0521087646484375,0.016750574111938477,1.810014215213336e-07,2.7965832657076674e-06,50,11,0.08,1.0,1.0,1,0,0.6997708036843191,0.03727348409942895,0.781,0.022226110770892885,0.7621464665557252,0.027344201999578138,0.7590398821793753,0.037220617711044325,0.6835714285714285,0.03467863477345335,0.806904761904762,0.02486391533355689
30,e92851804b8e,2026-07-30 22:40:23,True,0.764,0.008602325267042634,1.0,0.29788737297058104,0.02502017021179199,6.437075683152642e-07,9.945677765562e-06,300,12,0.19,1.0,1.0,1,0,0.693676183207189,0.012295987318484771,0.764,0.008602325267042634,0.7523096330987202,0.00882361221529116,0.7225640970020062,0.015049197791795655,0.681904761904762,0.013706512347261187,0.7991190476190475,0.023695034258807857
31,ec4b183f24d5,2026-07-30 22:40:28,True,0.8080000000000002,0.025019992006393585,0.81175,0.04250845909118652,0.015929555892944335,1.4849380380328635e-07,2.2943205820546668e-06,100,4,0.04,1.0,1.0,1,0,0.7042438960486475,0.04959498835600151,0.8080000000000002,0.025019992006393585,0.7742647777311886,0.03538351583531844,0.8835803954933248,0.019480926412210536,0.6819047619047618,0.04076507553310746,0.7908928571428572,0.03701485115935503
32,7e4f9e2da68a,2026-07-30 22:40:35,True,0.7859999999999999,0.014282856857085711,0.99975,0.35927643775939944,0.024103498458862303,8.146103038398825e-07,1.2586230122635497e-05,200,14,0.02,1.0,1.0,1,0,0.7082823846064608,0.025638912256529752,0.7859999999999999,0.014282856857085711,0.7684511642282683,0.018387653906256577,0.7655185690777587,0.0188048119024186,0.690952380952381,0.02514808747906838,0.8091190476190476,0.02685821932999712
33,fd1446aa7d1e,2026-07-30 22:40:40,True,0.8009999999999999,0.021771541057077227,0.8364999999999998,0.036596488952636716,0.016511011123657226,1.3272601981570616e-07,2.050698623363239e-06,50,6,0.07,1.0,1.0,1,0,0.7004543446089879,0.04502683232912269,0.8009999999999999,0.021771541057077227,0.7698067349742458,0.03173273286218891,0.8457113659035761,0.018976689469586753,0.6797619047619048,0.037893812728252915,0.7829880952380952,0.032704233570350426
34,b5b573e5e681,2026-07-30 22:40:46,True,0.76,0.01581138830084191,1.0,0.060345029830932616,0.016040658950805663,1.7403221311607336e-07,2.6889047102711134e-06,75,7,0.15,1.0,1.0,1,0,0.6812287645531006,0.02770256240850827,0.76,0.01581138830084191,0.7444678561219263,0.019534514539159418,0.7197542236926127,0.02836116026145615,0.6695238095238094,0.027215858388921047,0.792047619047619,0.02717660808877524
35,5570ab58016f,2026-07-30 22:40:51,True,0.784,0.025961509971494323,0.99975,0.038435173034667966,0.01637377738952637,1.3612032672476824e-07,2.1031427523693753e-06,25,13,0.18,1.0,1.0,1,0,0.7047245334609411,0.042649897730836654,0.784,0.025961509971494323,0.7658039674284275,0.031492064368676666,0.7628154455935033,0.03751184685364349,0.6885714285714286,0.03985944693801059,0.8071190476190477,0.027041833720645832
36,404dda9ff4d5,2026-07-30 22:40:56,True,0.767,0.024207436873820428,1.0,0.12928299903869628,0.014641332626342773,3.3610516171615834e-07,5.1930314296597485e-06,175,10,0.16,1.0,1.0,1,0,0.6993736585785866,0.03324371483709309,0.767,0.024207436873820428,0.7563614856836318,0.026143605234857457,0.7249759029114529,0.032911091698972536,0.6878571428571428,0.03208018581609938,0.8006190476190476,0.027545818354943432
37,666ece19da08,2026-07-30 22:41:01,True,0.765,0.011832159566199244,0.95875,0.06182456016540527,0.01604766845703125,1.79736359594307e-07,2.7770372810105835e-06,175,3,0.13,1.0,1.0,1,0,0.6863604720350024,0.01819664242434663,0.765,0.011832159566199244,0.7489337945060439,0.011701319505780022,0.7330361534952001,0.03211109831559108,0.674047619047619,0.020208662070402818,0.7922619047619048,0.029251237933375085
38,fe3ee3121ee3,2026-07-30 22:41:08,True,0.765,0.016733200530681523,1.0,0.30521326065063475,0.024263477325439452,6.351610485574674e-07,9.813628779792697e-06,300,14,0.26,1.0,1.0,1,0,0.6977473216637864,0.018495938227019747,0.765,0.016733200530681523,0.75468685955224,0.015544105844381312,0.7239971734294374,0.026145165477755323,0.6864285714285716,0.017969487870584003,0.7987380952380951,0.022975585977737495
39,19359d1f441f,2026-07-30 22:41:13,True,0.7769999999999999,0.022271057451320107,0.9417499999999999,0.03360791206359863,0.01768045425415039,1.5108196552899562e-07,2.3343092722551496e-06,100,3,0.19,1.0,1.0,1,0,0.6959966927043373,0.03329413328897543,0.7769999999999999,0.022271057451320107,0.7586144907931955,0.024855876458769986,0.7558194822930109,0.04619415499038867,0.6807142857142857,0.03185853082605282,0.7957619047619048,0.022853620760383046
40,e1b3c2ca3ec3,2026-07-30 22:41:19,True,0.772,0.02767670500619608,1.0,0.24405369758605958,0.023040390014648436,5.438772981093382e-07,8.403238702252979e-06,250,10,0.17,1.0,1.0,1,0,0.7046303488841665,0.038104914263091844,0.772,0.02767670500619608,0.7610204787494083,0.029995403630996974,0.7321892403996191,0.03731429096115308,0.6923809523809524,0.037378677516464086,0.7936190476190477,0.028441031807046536
41,e661ee473b4e,2026-07-30 22:41:25,True,0.796,0.024576411454889004,0.9425000000000001,0.08243370056152344,0.019375133514404296,2.417545031018028e-07,3.7352557350180127e-06,50,12,0.03,1.0,1.0,1,0,0.7013290250826992,0.048720689205437616,0.796,0.024576411454889004,0.7685116788436794,0.03462378413909873,0.8121350887321752,0.024113452893004875,0.681904761904762,0.041788257960835865,0.8095238095238095,0.02995518194186224
42,4143f277efe6,2026-07-30 22:41:32,True,0.7849999999999999,0.02408318915758458,0.99975,0.3818051815032959,0.023955583572387695,8.952707195496172e-07,1.3832483145859853e-05,250,12,0.02,1.0,1.0,1,0,0.7065593864486466,0.03543037787688244,0.7849999999999999,0.02408318915758458,0.7671719129192422,0.027079246045230997,0.7658822405350167,0.0405946712210384,0.6892857142857143,0.03293985448670715,0.8074047619047618,0.02890650736080812
43,77da3f517046,2026-07-30 22:41:37,True,0.7690000000000001,0.019339079605813735,1.0,0.11811985969543456,0.02043452262878418,3.075415063802174e-07,4.751705390071054e-06,100,13,0.23,1.0,1.0,1,0,0.7005418160671626,0.026860682279265934,0.7690000000000001,0.019339079605813735,0.7576100657976996,0.020290151305028366,0.7318269708221544,0.033853388964895106,0.6892857142857143,0.028040705753213917,0.806952380952381,0.024330094836215243
44,a8e46921b47a,2026-07-30 22:41:43,True,0.7609999999999999,0.019339079605813735,1.0,0.0831080436706543,0.017525386810302735,2.2565319054503496e-07,3.4864805548359148e-06,75,13,0.21,1.0,1.0,1,0,0.6877117810819191,0.028485487448886914,0.7609999999999999,0.019339079605813735,0.7481754960935258,0.021758239342286757,0.7176183646044356,0.02704427263403326,0.675952380952381,0.027616994997617206,0.8029523809523809,0.02175015312584565
45,a2a361e5d5cf,2026-07-30 22:41:48,True,0.775,0.027928480087537906,0.9977500000000001,0.029452037811279298,0.015311431884765626,1.1879642529431569e-07,1.8354778222822795e-06,25,10,0.2,1.0,1.0,1,0,0.6966524538882072,0.03775693355945563,0.775,0.027928480087537906,0.758235698365753,0.02974579416868901,0.7472320481876009,0.04924478925554813,0.6811904761904761,0.034209571534593884,0.7986666666666666,0.027248582729583852
46,2b9a078b060a,2026-07-30 22:41:53,True,0.7649999999999999,0.01581138830084191,1.0,0.07259469032287598,0.018499279022216798,2.0920861764026028e-07,3.232401791196027e-06,75,8,0.29,1.0,1.0,1,0,0.6937182341478729,0.02812271433862937,0.7649999999999999,0.01581138830084191,0.7526974035233802,0.019928287627503045,0.723456727693476,0.02025644470964938,0.6826190476190476,0.03002833129349864,0.7990714285714285,0.028741497806223076
47,1ecbd2bc6b3c,2026-07-30 22:41:59,True,0.765,0.017029386365926415,1.0,0.07847232818603515,0.018385887145996094,2.190536777322636e-07,3.3845140236402223e-06,75,10,0.27,1.0,1.0,1,0,0.6956641031583921,0.02087668220458907,0.765,0.017029386365926415,0.7535938189265526,0.01621044141553424,0.7267242715548814,0.03324046032344073,0.6845238095238095,0.02275024606779283,0.8021190476190476,0.023190085065636856
48,b6faf5189bb9,2026-07-30 22:42:04,True,0.8009999999999999,0.019339079605813693,0.851,0.05108246803283691,0.016516399383544923,1.8041967040300678e-07,2.7875948531933065e-06,75,7,0.04,1.0,1.0,1,0,0.7028833683397361,0.039306167893020626,0.8009999999999999,0.019339079605813693,0.7711145169633135,0.027711312409121485,0.8421117902268861,0.02869563298151297,0.6816666666666666,0.03374406809380393,0.7822619047619047,0.03177095252012884
49,e642fd440fd3,2026-07-30 22:42:10,True,0.766,0.014628738838327807,1.0,0.20083775520324706,0.022328996658325197,4.4699866161722865e-07,6.906404194870522e-06,250,6,0.23,1.0,1.0,1,0,0.697964620418918,0.020331270050470307,0.766,0.014628738838327807,0.7551405512500102,0.01503153223993468,0.7263504434231146,0.02419044391076502,0.6871428571428572,0.0227053491454898,0.7938809523809526,0.03157914866467255
50,11ec1c4ec12f,2026-07-30 22:42:15,True,0.8100000000000002,0.024083189157584565,0.8099999999999999,0.04420237541198731,0.017017078399658204,1.5095227259965716e-07,2.332305436744798e-06,125,3,0.03,1.0,1.0,1,0,0.7061750735401464,0.04882752473288025,0.8100000000000002,0.024083189157584565,0.7759877201783404,0.034665492077833135,0.8935504960528251,0.01079656058201379,0.6833333333333332,0.040138648595974345,0.7964523809523809,0.04177627759404269
51,1106d98755f5,2026-07-30 22:42:21,True,0.774,0.029563490998188995,1.0,0.2564986705780029,0.023369693756103517,6.310302496230735e-07,9.749805396104148e-06,150,15,0.05,1.0,1.0,1,0,0.6961988466713201,0.043328643225328464,0.774,0.029563490998188995,0.757643189076185,0.03335791673799987,0.741730401163714,0.04523575333929635,0.6814285714285715,0.040114631663139916,0.8062380952380952,0.026397192869379464
52,ae020e864a41,2026-07-30 22:42:27,True,0.8039999999999999,0.024576411454888994,0.8324999999999999,0.08130903244018554,0.018612766265869142,2.2396664083251965e-07,3.4604223246675484e-06,225,3,0.04,1.0,1.0,1,0,0.708872899158595,0.04544202859997162,0.8039999999999999,0.024576411454888994,0.775382944681177,0.03283511043684759,0.8432841712196298,0.04105875028737291,0.6866666666666668,0.038365115484875076,0.784345238095238,0.027441237981368716
53,eef71979c604,2026-07-30 22:42:34,True,0.763,0.012884098726725137,1.0,0.49346137046813965,0.02820248603820801,9.595664691255459e-07,1.4825892014192855e-05,250,11,0.05,1.0,1.0,1,0,0.6899030247872587,0.023362453287238762,0.763,0.012884098726725137,0.75002397691281,0.01636677110230495,0.7212630910121678,0.01830568767431084,0.6783333333333333,0.024667861710341733,0.8041904761904762,0.022270421085574442
54,62c063890c19,2026-07-30 22:42:40,True,0.767,0.02204540768504862,1.0,0.13055810928344727,0.02095184326171875,3.5687928179731263e-07,5.514004359543121e-06,150,15,0.28,1.0,1.0,1,0,0.6987538639138346,0.030857677553514713,0.767,0.02204540768504862,0.7559572714332616,0.023598206277610292,0.7276471745423434,0.034924760495941835,0.6878571428571428,0.03223883378207278,0.805595238095238,0.025963627969223815
55,61337fb97a5c,2026-07-30 22:42:46,True,0.758,0.017776388834631195,0.9995,0.14182696342468262,0.020031213760375977,3.5059762997150783e-07,5.416948976058317e-06,275,4,0.12,1.0,1.0,1,0,0.6833190325436661,0.017807025592538717,0.758,0.017776388834631195,0.7446400748976523,0.015003070620663195,0.7182313647132632,0.03274162549715722,0.6719047619047618,0.017554579610634998,0.7938095238095239,0.02867115532015213
56,28ab4996f56e,2026-07-30 22:42:51,True,0.812,0.023366642891095822,0.8172499999999999,0.09503178596496582,0.020028162002563476,2.3967523352916245e-07,3.7031297415154936e-06,75,9,0.01,1.0,1.0,1,0,0.7104429803985298,0.04718403831575615,0.812,0.023366642891095822,0.7789874518649802,0.03352588937929339,0.8944202500831793,0.010495640430968201,0.6866666666666668,0.03894440481849308,0.8063333333333332,0.03172161362502004
57,2353bd4b585d,2026-07-30 22:42:57,True,0.7620000000000001,0.024207436873820428,1.0,0.08711018562316894,0.020150423049926758,2.4248818507260155e-07,3.746591572629904e-06,125,5,0.26,1.0,1.0,1,0,0.6955523823501853,0.03684153622175013,0.7620000000000001,0.024207436873820428,0.7523655577610711,0.027824989398005026,0.7162520618075735,0.03103431000570535,0.6861904761904762,0.03826302336350462,0.799,0.028053803182739253
58,d1d994a73cd8,2026-07-30 22:43:02,True,0.765,0.019748417658131515,1.0,0.07901992797851562,0.019040966033935548,2.374669546305721e-07,3.6690104745953426e-06,100,6,0.27,1.0,1.0,1,0,0.6947677631542908,0.031165503775827975,0.765,0.019748417658131515,0.7532478473589104,0.023153404085824874,0.7227316644482811,0.027710145630804657,0.6835714285714285,0.031991708109369583,0.8009761904761905,0.025914279589085945
59,963b23f03458,2026-07-30 22:43:07,True,0.768,0.018601075237738292,0.9567499999999999,0.036202526092529295,0.015428590774536132,1.3442239570146098e-07,2.076908673950564e-06,100,3,0.22,1.0,1.0,1,0,0.68744525243645,0.034292236227442985,0.768,0.018601075237738292,0.7507993439975464,0.024374802364793145,0.7324319198384789,0.025210578581644664,0.6742857142857144,0.033082388735465394,0.7948571428571428,0.02047361556346025
60,78f80e950dec,2026-07-30 22:43:13,True,0.7849999999999999,0.020736441353327705,1.0,0.09430980682373047,0.020445728302001955,2.5338670641990836e-07,3.914980429273461e-06,50,15,0.09,1.0,1.0,1,0,0.7059663689315198,0.035190640005557675,0.7849999999999999,0.020736441353327705,0.76683839401406,0.025637075018774293,0.7654969897410916,0.03338337595496925,0.6892857142857143,0.03362963545672748,0.8075714285714286,0.025329976505132547
61,3021d8c34013,2026-07-30 22:43:18,True,0.8009999999999999,0.021540659228538,0.8520000000000001,0.03555917739868164,0.016065025329589845,1.4487412254958618e-07,2.2383942808344274e-06,50,7,0.06,1.0,1.0,1,0,0.7030159579691528,0.04169419440165399,0.8009999999999999,0.021540659228538,0.7711999602844339,0.02980902396591482,0.8397920077666547,0.028398969107468468,0.6816666666666666,0.035488173112165185,0.7809880952380952,0.033395723924137845
62,c6a8b49acb24,2026-07-30 22:43:24,True,0.765,0.01140175425099139,1.0,0.14619312286376954,0.019832515716552736,3.5098047395694384e-07,5.422864151055553e-06,150,14,0.26,1.0,1.0,1,0,0.6975243829587783,0.012716722605857045,0.765,0.01140175425099139,0.7545521461085245,0.010022479929527397,0.7241731723484488,0.019690112930953494,0.6864285714285716,0.013854606215215337,0.8026666666666668,0.018584031132989624
63,c65c388bb387,2026-07-30 22:43:30,True,0.763,0.017776388834631195,1.0,0.22203288078308106,0.022986936569213866,5.013042153845917e-07,7.745458394690137e-06,250,6,0.09,1.0,1.0,1,0,0.6888464905486902,0.028949104441219124,0.763,0.017776388834631195,0.7494611861939657,0.020991919472805022,0.7223364266005585,0.02501881490588882,0.6773809523809524,0.029141145296750916,0.7975714285714286,0.02638548611549577
64,d5fe43404b85,2026-07-30 22:43:36,True,0.7870000000000001,0.019646882704388517,0.9692500000000001,0.1856074810028076,0.022929954528808593,4.303555134599179e-07,6.649257321469073e-06,150,9,0.03,1.0,1.0,1,0,0.7007997891427157,0.03399103326227444,0.7870000000000001,0.019646882704388517,0.7648960935758471,0.02434795011129094,0.7836135904917693,0.04967589482483186,0.6830952380952381,0.031653237395908224,0.792952380952381,0.03130634602739996
65,1eb524c80fdd,2026-07-30 22:43:42,True,0.758,0.008124038404635967,1.0,0.13006939888000488,0.01734299659729004,3.496317342104957e-07,5.402025292592405e-06,225,7,0.22,1.0,1.0,1,0,0.6876984799270491,0.012130270210567248,0.758,0.008124038404635967,0.7467899267063837,0.007241706145704445,0.7153204318998958,0.018477299462979706,0.6776190476190477,0.01443179281970642,0.7918809523809525,0.02603388251008201
66,f9d4fc92e292,2026-07-30 22:43:47,True,0.767,0.013266499161421611,0.9964999999999999,0.13761391639709472,0.019979190826416016,3.321389153384437e-07,5.131750484160196e-06,225,5,0.07,1.0,1.0,1,0,0.689495582803495,0.025762417805881392,0.767,0.013266499161421611,0.751316630883878,0.017036617090489613,0.7333964246589119,0.02775878618095548,0.6773809523809524,0.0272720401205264,0.7981666666666667,0.027099443141771474
67,dea0accf4a4c,2026-07-30 22:43:53,True,0.773,0.021118712081942895,1.0,0.2009446620941162,0.02267594337463379,4.673015642853887e-07,7.220096525957412e-06,175,11,0.27,1.0,1.0,1,0,0.7052248275262141,0.03075733797201243,0.773,0.021118712081942895,0.7616588308869641,0.023432801758870164,0.735262288992756,0.02908180826268549,0.6930952380952381,0.031093086777473126,0.8000714285714287,0.025857800570430113
68,8005bb857706,2026-07-30 22:44:00,True,0.765,0.03000000000000003,1.0,0.2005990505218506,0.02289156913757324,5.010661322899851e-07,7.74177986447403e-06,175,15,0.19,1.0,1.0,1,0,0.6961920460702226,0.03699625785665235,0.765,0.03000000000000003,0.7539398709541505,0.030286056416663945,0.7243149728079914,0.04220239001932684,0.6845238095238095,0.035491367798503,0.8007619047619048,0.023951079203479272
69,98ac81f3aef8,2026-07-30 22:44:06,True,0.7570000000000001,0.017204650534085267,1.0,0.2150801658630371,0.02284975051879883,4.899660426738346e-07,7.5702766541264624e-06,275,6,0.17,1.0,1.0,1,0,0.6881468478436441,0.01604316597014135,0.7570000000000001,0.017204650534085267,0.7466121485354894,0.014357482904080822,0.7138070272216613,0.028084749814031834,0.6778571428571428,0.01478492828215239,0.7905714285714286,0.03065760735753671
70,b12f215015ed,2026-07-30 22:44:12,True,0.763,0.022494443758404006,1.0,0.23359365463256837,0.023692512512207033,5.299600910042325e-07,8.188209294371012e-06,225,13,0.21,1.0,1.0,1,0,0.695055188539209,0.028178281077595176,0.763,0.022494443758404006,0.7525498394893239,0.022766217879440036,0.720763446300355,0.033793980259220514,0.684047619047619,0.027464675312529673,0.7988809523809524,0.023652649868566307
71,36eb976c59fd,2026-07-30 22:44:18,True,0.776,0.021540659228538036,1.0,0.16719651222229004,0.02485685348510742,4.144412075668074e-07,6.403371509236487e-06,100,15,0.07,1.0,1.0,1,0,0.6967808385623371,0.034353989521508956,0.776,0.021540659228538036,0.7586613447678378,0.025389286261483106,0.7485250805713101,0.03641246584331041,0.681904761904762,0.03342165170546018,0.8033571428571429,0.02511576372124856
72,5e2a0b3e6b69,2026-07-30 22:44:24,True,0.7609999999999999,0.018814887722226795,1.0,0.20237059593200685,0.023550939559936524,4.6910175423625845e-07,7.2479105676891456e-06,200,12,0.28,1.0,1.0,1,0,0.6927792912986019,0.0274720910708041,0.7609999999999999,0.018814887722226795,0.7505844368839013,0.020784550484072878,0.7170086847102387,0.027861281517017424,0.6826190476190476,0.028517806825253046,0.7927380952380952,0.021815293476789555
73,b487bdd17abf,2026-07-30 22:44:31,True,0.765,0.021679483388678818,1.0,0.361712646484375,0.027437114715576173,7.826940768474035e-07,1.2093104789356421e-05,300,14,0.13,1.0,1.0,1,0,0.698320433624122,0.025539303317982508,0.765,0.021679483388678818,0.754929713051663,0.0209529889599281,0.7249222866854448,0.03659751471025213,0.6873809523809523,0.02475045522841158,0.8016190476190477,0.02432776471553478
74,79d9bbf64da5,2026-07-30 22:44:39,True,0.7889999999999999,0.022226110770892853,0.99725,0.5623774528503418,0.028354167938232422,1.2304691454078776e-06,1.9011504948936e-05,275,14,0.01,1.0,1.0,1,0,0.7045548173070492,0.03853177937055534,0.7889999999999999,0.022226110770892853,0.767642960964183,0.028033355284864652,0.7805459035006991,0.03421706984394667,0.6864285714285714,0.035671402826239366,0.8101190476190476,0.03003446621795919
75,d7cc50f74b04,2026-07-30 22:44:46,True,0.764,0.02596150997149436,1.0,0.31673474311828614,0.024341535568237305,6.698845432905199e-07,1.0350128125936768e-05,300,11,0.15,1.0,1.0,1,0,0.6966346886660848,0.031366053882085916,0.764,0.02596150997149436,0.7536990714768973,0.02565988421083642,0.7235571965681075,0.04079396315642398,0.6857142857142857,0.030611677999286043,0.8047619047619048,0.022996228617150352
76,b75d81ef6950,2026-07-30 22:44:51,True,0.778,0.02063976744055031,1.0,0.11273493766784667,0.021506881713867186,2.9177134108316817e-07,4.508046638683992e-06,75,15,0.15,1.0,1.0,1,0,0.7060731935895841,0.02943224516516412,0.778,0.02063976744055031,0.7641040617836269,0.022418901017113857,0.7475756681840662,0.032106287278377714,0.6919047619047619,0.029998110295736843,0.805595238095238,0.022612028986255996
77,a763a139cf2b,2026-07-30 22:44:57,True,0.7710000000000001,0.025179356624028364,1.0,0.07484951019287109,0.018134069442749024,2.305984174457452e-07,3.5628873514202365e-06,75,14,0.28,1.0,1.0,1,0,0.7044000816091527,0.029658098898159877,0.7710000000000001,0.025179356624028364,0.7603631468044703,0.024319328949020107,0.7357785945506584,0.04329899287394685,0.6926190476190476,0.02907687831607289,0.8102380952380953,0.01977337590189956
78,9502d05234f1,2026-07-30 22:45:03,True,0.765,0.02280350850198278,1.0,0.21966781616210937,0.02365264892578125,4.931034307521036e-07,7.61875122920975e-06,275,7,0.25,1.0,1.0,1,0,0.7004654398022291,0.02763024434702374,0.765,0.02280350850198278,0.7559606685719824,0.022568863723855137,0.7233640406326364,0.03435462289703033,0.6902380952380952,0.026751565533691676,0.7892380952380952,0.023481743765091958
79,635a44853f0a,2026-07-30 22:45:08,True,0.7869999999999999,0.031874754901018446,1.0,0.08180079460144044,0.018553781509399413,2.212463237123975e-07,3.418391752357071e-06,50,14,0.1,1.0,1.0,1,0,0.7085494620543432,0.04471484085423508,0.7869999999999999,0.031874754901018446,0.7689440501452519,0.034875086552033044,0.7704390991142352,0.05158734703247295,0.6907142857142856,0.039858024681602995,0.8098095238095236,0.023780649158011116
80,c86cf1390a89,2026-07-30 22:45:14,True,0.788,0.016911534525287743,0.9275,0.08079042434692382,0.015711021423339844,2.4456971753637155e-07,3.7787525291918955e-06,225,4,0.05,1.0,1.0,1,0,0.7052041012518231,0.0333158079991012,0.788,0.016911534525287743,0.7675767103842993,0.02328072745701967,0.7765726729513697,0.02324791350374341,0.6876190476190477,0.031085793067127106,0.7862857142857143,0.02658313874067777
81,2c84e34e2406,2026-07-30 22:45:20,True,0.7710000000000001,0.01743559577416271,0.98275,0.2579209327697754,0.023048925399780273,5.614342502873071e-07,8.674504409699097e-06,300,6,0.03,1.0,1.0,1,0,0.6873124244432803,0.031387263585704823,0.7710000000000001,0.01743559577416271,0.7518234796383003,0.02185233433849748,0.7453868954473067,0.03735315390624188,0.6735714285714286,0.03032701586302983,0.7964761904761906,0.026939463503892383
82,30ff0e6219a8,2026-07-30 22:45:25,True,0.7929999999999999,0.01661324772583613,0.8675,0.06473045349121094,0.017263174057006836,1.9629283079066596e-07,3.032844942065064e-06,175,3,0.07,1.0,1.0,1,0,0.7023834698325301,0.036879366459653104,0.7929999999999999,0.01661324772583613,0.7679437848547386,0.02520918125182615,0.8019463958111016,0.02608351055893862,0.6835714285714285,0.03285714285714288,0.7865238095238094,0.029900951379914907
83,1a930c77b957,2026-07-30 22:45:31,True,0.772,0.01720465053408527,0.9635,0.06748170852661133,0.017307138442993163,2.144079107294308e-07,3.31273406662498e-06,200,3,0.12,1.0,1.0,1,0,0.6963701500566489,0.02865791757352065,0.772,0.01720465053408527,0.7568480078178019,0.02065292142521344,0.7388751428385574,0.03077999072984459,0.6828571428571429,0.028547609118708316,0.7940238095238095,0.019649190898045787
84,a031431ec5ce,2026-07-30 22:45:37,True,0.7590000000000001,0.021071307505705496,1.0,0.1769319534301758,0.021761274337768553,4.267506730913937e-07,6.593560321050908e-06,200,6,0.09,1.0,1.0,1,0,0.6839428783873828,0.03512086017663078,0.7590000000000001,0.021071307505705496,0.7453691286768567,0.025425017689707535,0.7155951813079156,0.02753139938331484,0.6735714285714286,0.0351897995939854,0.7973809523809524,0.024775293999138796
85,7fe1c8708f7c,2026-07-30 22:45:43,True,0.767,0.019131126469709006,1.0,0.17109379768371583,0.021094799041748047,4.1536168482942917e-07,6.417593448973072e-06,150,13,0.22,1.0,1.0,1,0,0.7012815206052011,0.02396080141086015,0.767,0.019131126469709006,0.7571656581578459,0.01892765351436385,0.7274930979167615,0.02936690840255653,0.6907142857142856,0.023635075207101675,0.8016666666666667,0.022319952332136482
86,7a0a52496382,2026-07-30 22:45:49,True,0.794,0.0213072757526625,0.974,0.32886314392089844,0.024411106109619142,7.857391634626353e-07,1.2140153250076848e-05,250,11,0.01,1.0,1.0,1,0,0.7066910020524066,0.03607791643328628,0.794,0.0213072757526625,0.7705761270754651,0.026209783924609285,0.8012267871242698,0.039690712103224515,0.6871428571428572,0.032727487458925855,0.8033333333333333,0.03211877404663047
87,f6708f303818,2026-07-30 22:45:55,True,0.7799999999999999,0.023021728866442655,0.993,0.09317159652709961,0.01826310157775879,2.480472548454892e-07,3.832482619059761e-06,75,10,0.06,1.0,1.0,1,0,0.6973178330909257,0.03740397095257088,0.7799999999999999,0.023021728866442655,0.7605322121587504,0.027800096805828997,0.7575273683677203,0.03312977481320876,0.680952380952381,0.034773318413251694,0.8016904761904762,0.027061113333994278
88,05e023fd7021,2026-07-30 22:46:00,True,0.767,0.02063976744055031,1.0,0.12436528205871582,0.020586013793945312,3.131351517010961e-07,4.838130649978914e-06,100,10,0.11,1.0,1.0,1,0,0.6926181143067757,0.03173036321920753,0.767,0.02063976744055031,0.7529848394842492,0.023631479365997476,0.7290832901652069,0.0323496683328386,0.6802380952380952,0.032108447189990084,0.8055,0.026118016648489874
89,ff78773cdedc,2026-07-30 22:46:06,True,0.762,0.033555923471125064,0.9942499999999999,0.05526819229125977,0.017402124404907227,1.863147816973594e-07,2.8786779477718077e-06,125,4,0.16,1.0,1.0,1,0,0.6886872538350456,0.04433200701647605,0.762,0.033555923471125064,0.749045915291501,0.035371514729574616,0.7205782211985581,0.05043336272836906,0.6766666666666667,0.04151741977922904,0.7927142857142857,0.025686868099162343
90,61b4c739a03e,2026-07-30 22:46:12,True,0.754,0.029393876913398165,1.0,0.1541271209716797,0.021349573135375978,3.679240075262544e-07,5.684652163788398e-06,275,4,0.25,1.0,1.0,1,0,0.6875899579270497,0.03339916576364233,0.754,0.029393876913398165,0.7450291575008077,0.028156983581181225,0.7090812536052263,0.04054072461640891,0.6785714285714286,0.031515032586236766,0.7949523809523811,0.025835319212675907
91,0bccf897a7aa,2026-07-30 22:46:17,True,0.799,0.02537715508089903,0.91625,0.04015026092529297,0.015421485900878907,1.364187537891261e-07,2.1077536340254573e-06,25,12,0.05,1.0,1.0,1,0,0.7034482428424609,0.04882698020047026,0.799,0.02537715508089903,0.7707121389986755,0.03495844213807787,0.8241286476721317,0.02833267618639957,0.6830952380952381,0.04167958983263609,0.8082380952380952,0.02688509605753115
92,e746253c63cd,2026-07-30 22:46:23,True,0.765,0.017888543819998333,1.0,0.17766356468200684,0.023493432998657228,4.5594594899902467e-07,7.044645286874647e-06,250,6,0.15,1.0,1.0,1,0,0.6960874484949564,0.021377012518027497,0.765,0.017888543819998333,0.7538617201795997,0.017313607058476753,0.7248426708426707,0.02793773858289818,0.6845238095238095,0.020647127036836976,0.7977619047619048,0.031199507961699548
93,b6faf5189bb9,2026-07-30 22:46:28,True,0.8009999999999999,0.019339079605813693,0.851,0.06517009735107422,0.01749081611633301,1.8806684150232573e-07,2.9057483491526632e-06,75,7,0.04,1.0,1.0,1,0,0.7028833683397361,0.039306167893020626,0.8009999999999999,0.019339079605813693,0.7711145169633135,0.027711312409121485,0.8421117902268861,0.02869563298151297,0.6816666666666666,0.03374406809380393,0.7822619047619047,0.03177095252012884
94,2c84e34e2406,2026-07-30 22:46:35,True,0.7710000000000001,0.01743559577416271,0.98275,0.2742450714111328,0.024472379684448244,6.096856389725292e-07,9.420018036111936e-06,300,6,0.03,1.0,1.0,1,0,0.6873124244432803,0.031387263585704823,0.7710000000000001,0.01743559577416271,0.7518234796383003,0.02185233433849748,0.7453868954473067,0.03735315390624188,0.6735714285714286,0.03032701586302983,0.7964761904761906,0.026939463503892383
95,2717cc08ea5a,2026-07-30 22:46:42,True,0.786,0.02817800560721073,1.0,0.5051929473876953,0.028173828125,1.1239705788217524e-06,1.7366036606017448e-05,250,15,0.02,1.0,1.0,1,0,0.7062581789622158,0.04268256554232309,0.786,0.02817800560721073,0.7673781011675226,0.0323621549840535,0.7688204524785022,0.04477374119065193,0.6890476190476191,0.03932105192789931,0.8057380952380953,0.026638314009010195
96,abf35dcf6704,2026-07-30 22:46:49,True,0.77,0.01140175425099139,1.0,0.28261170387268064,0.022298812866210938,6.070580795262311e-07,9.379420626901517e-06,225,13,0.11,1.0,1.0,1,0,0.7006658746248173,0.01824819468059465,0.77,0.01140175425099139,0.7582365071941214,0.013338165734716441,0.7308482003352459,0.01599978346048294,0.6880952380952381,0.01870222560633859,0.8023095238095239,0.02496171671955477
97,f367982cc5b9,2026-07-30 22:46:55,True,0.765,0.016431676725154998,1.0,0.18277792930603026,0.022315216064453126,4.213948960642006e-07,6.510810272552839e-06,175,8,0.21,1.0,1.0,1,0,0.6959578640793771,0.020558902430653163,0.765,0.016431676725154998,0.7537880687039751,0.01617425885405371,0.725000034759671,0.028312271823052303,0.6845238095238095,0.02074300144249951,0.7926904761904762,0.024266635830136656
98,578e9bd70c1d,2026-07-30 22:47:01,True,0.756,0.01743559577416271,1.0,0.2271500587463379,0.02636404037475586,5.631925453103691e-07,8.701671149033752e-06,300,11,0.21,1.0,1.0,1,0,0.6905600371000027,0.020934656604853462,0.756,0.01743559577416271,0.7473282034326088,0.016695329586612285,0.7108756994974038,0.026130227207627036,0.681904761904762,0.02241638532559964,0.793,0.02812371438230724
99,3ebb1a707c84,2026-07-30 22:47:08,True,0.7689999999999999,0.024166091947189168,1.0,0.38256239891052246,0.02466278076171875,8.040186393007186e-07,1.2422582392373203e-05,300,12,0.09,1.0,1.0,1,0,0.6968045511067802,0.032519287724717724,0.7689999999999999,0.024166091947189168,0.7559391700668889,0.02574860566020182,0.7307326803773503,0.03561536077738394,0.6835714285714285,0.030735503929723663,0.8020238095238096,0.024368788818501564
100,3a7c5097da25,2026-07-30 22:47:14,True,0.768,0.02357965224510321,1.0,0.15461492538452148,0.02244114875793457,3.553807455217936e-07,5.4908510525914485e-06,200,6,0.25,1.0,1.0,1,0,0.7002736392940809,0.029254262201359574,0.768,0.02357965224510321,0.757146748432296,0.02366287030508215,0.7290095750034915,0.03519883008516511,0.6885714285714286,0.028288279505293636,0.7942857142857143,0.03494367025232105
101,435b37f10d58,2026-07-30 22:47:20,True,0.772,0.02541653005427769,1.0,0.155411434173584,0.018848371505737305,3.9824202967960206e-07,6.153084249518803e-06,200,8,0.06,1.0,1.0,1,0,0.6986646253672821,0.032664667883196066,0.772,0.02541653005427769,0.7580269818150265,0.026083377275198674,0.7391017242047452,0.04399421488236145,0.6847619047619048,0.030946885959121886,0.8010238095238094,0.027836235540573635
102,212a73b0a76f,2026-07-30 22:47:25,True,0.7579999999999999,0.011661903789690611,1.0,0.11184020042419433,0.01822075843811035,2.851737129314933e-07,4.406109226661175e-06,150,7,0.29,1.0,1.0,1,0,0.6922748217262897,0.018764203063705496,0.7579999999999999,0.011661903789690611,0.7490485970696432,0.01333434516627056,0.712190666590209,0.016300480262094637,0.6833333333333333,0.021455010144892955,0.7902142857142858,0.027077134298408655
103,b6e23adf6261,2026-07-30 22:47:31,True,0.7740000000000001,0.02497999199359358,1.0,0.14483494758605958,0.02026853561401367,3.572555193985329e-07,5.519817461841759e-06,100,14,0.14,1.0,1.0,1,0,0.6996304206316883,0.03612007386802426,0.7740000000000001,0.02497999199359358,0.7593698175642671,0.027905385285017174,0.739691211303354,0.03714143063005589,0.6852380952380953,0.03402013542760333,0.8053095238095238,0.02471843712265907
104,7d6c50595227,2026-07-30 22:47:38,True,0.791,0.025573423705088836,0.9865,0.39195823669433594,0.024532079696655273,9.025664098616742e-07,1.3945206047519934e-05,200,15,0.01,1.0,1.0,1,0,0.7011471214142588,0.04400663069586015,0.791,0.025573423705088836,0.7666262825251403,0.03227992466771943,0.7927817545150861,0.042554642690204134,0.6821428571428572,0.03859053024957434,0.8075000000000001,0.030802015718709053
105,e92238a2dfe9,2026-07-30 22:47:44,True,0.765,0.01923538406167136,1.0,0.25734744071960447,0.02374558448791504,5.73067673594016e-07,8.854247953528674e-06,300,6,0.1,1.0,1.0,1,0,0.6936148818099632,0.02333614557779669,0.765,0.01923538406167136,0.7526257259632805,0.01860438466620595,0.7272395891917341,0.034814837398340216,0.6816666666666666,0.022919062954493124,0.7953571428571429,0.029220795254124163
106,15b7a311cd9d,2026-07-30 22:47:52,True,0.769,0.011135528725660053,1.0,0.4115623474121094,0.025308990478515626,8.050366923028019e-07,1.2438311937286716e-05,300,11,0.11,1.0,1.0,1,0,0.6982153247335108,0.019106701370206914,0.769,0.011135528725660053,0.7566335416384488,0.013780719588493438,0.7294325595394365,0.014335679485117794,0.6854761904761906,0.01958179542376393,0.8009047619047619,0.02420991907061844
107,9d25504e3c52,2026-07-30 22:47:57,True,0.797,0.017492855684535888,0.873,0.06748571395874023,0.01613507270812988,2.1418376266773303e-07,3.3092708412363834e-06,125,6,0.04,1.0,1.0,1,0,0.7011249166222768,0.03632459503372378,0.797,0.017492855684535888,0.7687717916239786,0.02546217555861402,0.8223017256993355,0.02219476912250542,0.6807142857142857,0.03172479448371598,0.7854285714285714,0.0304771763233406
108,46cc996c0be6,2026-07-30 22:48:02,True,0.764,0.026907248094147445,1.0,0.06987905502319336,0.01787147521972656,1.973057833452654e-07,3.048495681928534e-06,100,6,0.24,1.0,1.0,1,0,0.6936942503463397,0.03239946117431423,0.764,0.026907248094147445,0.7522634960066144,0.026560288850448387,0.7248557218311306,0.04224721907576601,0.681904761904762,0.030308317411370595,0.7962619047619047,0.030216302608205667
109,6dc846aaa009,2026-07-30 22:48:08,True,0.774,0.027459060435491987,0.9925,0.17381248474121094,0.02778472900390625,4.18565722425748e-07,6.4670978000950176e-06,100,7,0.08,1.0,1.0,1,0,0.6943486290574755,0.038045284004502834,0.774,0.027459060435491987,0.7566145900508082,0.029419295364456102,0.7491119415965587,0.055348289092312264,0.6795238095238095,0.03527829110273417,0.7974285714285714,0.02394516127110696
110,613806e50436,2026-07-30 22:48:16,True,0.762,0.010295630140987009,1.0,0.5181859016418457,0.026185321807861327,1.0484720443188895e-06,1.619953782163484e-05,300,11,0.05,1.0,1.0,1,0,0.6898189001681894,0.022043825009173065,0.762,0.010295630140987009,0.7495903348119843,0.014918429286281482,0.7186033801074853,0.012071239531114743,0.6785714285714286,0.023630277668189526,0.8036666666666668,0.02330968189060653
111,92b31d765c47,2026-07-30 22:48:22,True,0.753,0.021118712081942895,1.0,0.2009788990020752,0.02030029296875,4.5611917610236993e-07,7.047321752143873e-06,300,5,0.21,1.0,1.0,1,0,0.6860484532189279,0.023716411462651184,0.753,0.021118712081942895,0.7439258880659823,0.019927274216494338,0.706802396692597,0.03130237046162072,0.6769047619047619,0.02249464536939367,0.7858571428571428,0.023250387069169706
112,84674ceab1aa,2026-07-30 22:48:28,True,0.764,0.01319090595827293,1.0,0.25794243812561035,0.023565340042114257,5.522079438059413e-07,8.531952301029405e-06,200,10,0.15,1.0,1.0,1,0,0.697946105625861,0.021866382739658203,0.764,0.01319090595827293,0.754392532291887,0.01595085739552793,0.7198136831970868,0.017338938277414,0.6876190476190477,0.02304240397511469,0.7990952380952381,0.024397920063016866
113,0fe8d73a0f5e,2026-07-30 22:48:34,True,0.76,0.020000000000000018,1.0,0.08151373863220215,0.018353652954101563,2.4678272044386243e-07,3.8129447849544945e-06,200,4,0.27,1.0,1.0,1,0,0.695448161065048,0.026722818052649554,0.76,0.020000000000000018,0.7513889185607858,0.020738382248731205,0.7157638318448585,0.02880863127503337,0.6866666666666668,0.028316321423463825,0.7919761904761906,0.02888818462424306
114,3492497a491c,2026-07-30 22:48:40,True,0.7699999999999999,0.021908902300206663,1.0,0.2845310211181641,0.023547983169555663,5.939186702233479e-07,9.176408673355085e-06,250,13,0.22,1.0,1.0,1,0,0.7065452183008684,0.026309900666702343,0.7699999999999999,0.021908902300206663,0.7610325955196096,0.021609786956515508,0.7301749494708367,0.031687720653968694,0.6957142857142857,0.025705465859553862,0.7991428571428572,0.02489460778157871
115,1a4d0ad37287,2026-07-30 22:48:46,True,0.807,0.023366642891095822,0.8160000000000001,0.036755037307739255,0.01778388023376465,1.4339113212824295e-07,2.2154811668893836e-06,50,6,0.04,1.0,1.0,1,0,0.7044871831778273,0.04653687060147387,0.807,0.023366642891095822,0.774060439420265,0.033153699131684165,0.8752798585506236,0.017676629987368565,0.6821428571428572,0.03866391029349817,0.7846666666666666,0.037588003314851376
116,520f16290564,2026-07-30 22:48:52,True,0.7619999999999999,0.024819347291981736,1.0,0.1513967990875244,0.02007918357849121,3.556861146026201e-07,5.495569192670826e-06,200,7,0.28,1.0,1.0,1,0,0.6944315557653816,0.028218574855666076,0.7619999999999999,0.024819347291981736,0.7518231984641395,0.023814515667312314,0.7202416207538997,0.038518684089126565,0.6833333333333333,0.026212112275281675,0.788547619047619,0.032276301479385906
117,17076e3610d7,2026-07-30 22:48:58,True,0.77,0.018973665961010293,1.0,0.196738338470459,0.02511453628540039,4.300549691594505e-07,6.644613727213147e-06,100,13,0.07,1.0,1.0,1,0,0.6932262401446616,0.03021767113904176,0.77,0.018973665961010293,0.7545307690369653,0.02238605819637409,0.7348489644628496,0.030333662868177118,0.6795238095238096,0.029145035710665478,0.8070952380952379,0.024219400592900023
118,00f4b31de2a2,2026-07-30 22:49:03,True,0.7889999999999999,0.022449944320643636,0.9652499999999999,0.0778693675994873,0.015482187271118164,2.338419494976071e-07,3.6130019161666484e-06,75,11,0.03,1.0,1.0,1,0,0.6985194094291655,0.04204703704202741,0.7889999999999999,0.022449944320643636,0.7644465794012362,0.029894889915955646,0.7907441746720842,0.03751911337650499,0.6807142857142857,0.03769431890888251,0.8036904761904763,0.02989901749498687
119,0cb328669188,2026-07-30 22:49:10,True,0.771,0.01743559577416271,1.0,0.31080141067504885,0.023939037322998048,6.698755844309078e-07,1.0349989706046689e-05,300,12,0.16,1.0,1.0,1,0,0.7023733822265672,0.025336036475432634,0.771,0.01743559577416271,0.7594998497884264,0.019453110008827452,0.7316663435076803,0.024585080833374403,0.6897619047619049,0.025035122720180783,0.7959761904761905,0.02614578437944304
120,768b7ed4481b,2026-07-30 22:49:16,True,0.7630000000000001,0.02441311123146743,1.0,0.2542280197143555,0.023798799514770506,5.704695363615153e-07,8.814105135614025e-06,300,7,0.23,1.0,1.0,1,0,0.6978492965247852,0.027861278545078742,0.7630000000000001,0.02441311123146743,0.7538067969409274,0.023119048259095595,0.7229297196862274,0.04275804684852891,0.6878571428571428,0.027234598510150088,0.7953095238095238,0.026250861123981527
121,3ee4405d7412,2026-07-30 22:49:22,True,0.758,0.018867962264113223,1.0,0.18959336280822753,0.019639205932617188,4.7575534777822357e-07,7.350712679406744e-06,275,12,0.22,1.0,1.0,1,0,0.6909158353931824,0.027143549697182308,0.758,0.018867962264113223,0.7484266045083187,0.020758113505946727,0.7118386983941887,0.024631178516904655,0.6814285714285713,0.0274749937842889,0.7903571428571429,0.025446132691123044
122,805731ff596a,2026-07-30 22:49:28,True,0.766,0.021307275752662537,1.0,0.19142694473266603,0.02286834716796875,4.571281185403837e-07,7.062910533240153e-06,275,5,0.3,1.0,1.0,1,0,0.700865851597685,0.03216735057008051,0.766,0.021307275752662537,0.7566216380530314,0.024302651361686377,0.7223736295766582,0.028141276732433915,0.690952380952381,0.03354186472667261,0.7848333333333333,0.030488055725974315
123,149fbcc2db2b,2026-07-30 22:49:34,True,0.777,0.024207436873820393,1.0,0.12927093505859374,0.019913148880004884,3.2248384161617456e-07,4.982573657956711e-06,75,15,0.1,1.0,1.0,1,0,0.6983651237767765,0.03849373349157303,0.777,0.024207436873820393,0.7598577608624192,0.02860063231966455,0.7491901837581775,0.0378347956960354,0.6835714285714285,0.037460485606294676,0.8070238095238095,0.02393763154703556
124,768b7ed4481b,2026-07-30 22:49:40,True,0.7630000000000001,0.02441311123146743,1.0,0.23595056533813477,0.02449769973754883,5.869453345823776e-07,9.06866634958885e-06,300,7,0.23,1.0,1.0,1,0,0.6978492965247852,0.027861278545078742,0.7630000000000001,0.02441311123146743,0.7538067969409274,0.023119048259095595,0.7229297196862274,0.04275804684852891,0.6878571428571428,0.027234598510150088,0.7953095238095238,0.026250861123981527
125,aa9a161d0d29,2026-07-30 22:49:45,True,0.8049999999999999,0.024698178070456912,0.8795,0.07846341133117676,0.017529392242431642,2.1965236089709794e-07,3.393764046685148e-06,50,12,0.02,1.0,1.0,1,0,0.7066229558065702,0.04761294665973163,0.8049999999999999,0.024698178070456912,0.7745229277876703,0.0341240647051295,0.8538493175587156,0.0273626074337302,0.6845238095238095,0.039734093495901526,0.8140476190476191,0.03067078869073253
126,fa8b54874956,2026-07-30 22:49:51,True,0.77,0.019493588689617945,0.9977499999999999,0.035793638229370116,0.014979171752929687,1.3039818975096742e-07,2.0147322174104974e-06,50,6,0.22,1.0,1.0,1,0,0.6937024989255979,0.029228371396436664,0.77,0.019493588689617945,0.7546963899993827,0.021704748663833345,0.7366877306865718,0.03246664270231616,0.6804761904761906,0.029734272887141266,0.800142857142857,0.02484582847770957
127,2428464e6548,2026-07-30 22:49:57,True,0.7510000000000001,0.023958297101421902,1.0,0.234984827041626,0.023973894119262696,5.240010399744075e-07,8.096138291561001e-06,200,11,0.21,1.0,1.0,1,0,0.6841671219349017,0.028837962045037774,0.7510000000000001,0.023958297101421902,0.742180393214577,0.02371427282743864,0.7031259626606724,0.03212326845568996,0.6754761904761905,0.028137579071573868,0.7947619047619048,0.02731160991741755
128,7f4480722cca,2026-07-30 22:50:04,True,0.773,0.022494443758404006,1.0,0.42536239624023436,0.02526860237121582,8.805146491725914e-07,1.3604492784584535e-05,275,10,0.03,1.0,1.0,1,0,0.6955660292615125,0.03596847909745755,0.773,0.022494443758404006,0.7568768933942783,0.026643494491477362,0.7405616585718018,0.033757098185838164,0.6816666666666666,0.035528086044131095,0.8025476190476191,0.025710603792837853
129,991c984f47f2,2026-07-30 22:50:10,True,0.781,0.026907248094147445,1.0,0.28304624557495117,0.023493432998657228,6.131133188233279e-07,9.472977797589928e-06,150,13,0.04,1.0,1.0,1,0,0.7020494805639959,0.03923283266717621,0.781,0.026907248094147445,0.7633370055137517,0.030185005596826534,0.757653533225813,0.0456483035194679,0.6854761904761905,0.035701585043288665,0.8105714285714287,0.027911262041563686
130,f2b5966bc78c,2026-07-30 22:50:16,True,0.772,0.016911534525287777,1.0,0.11982564926147461,0.016115760803222655,3.19413367774163e-07,4.935132948971171e-06,125,13,0.13,1.0,1.0,1,0,0.6993588387693938,0.023222590188261463,0.772,0.016911534525287777,0.7583784536646154,0.017859365137460975,0.7373909659024755,0.02770951456505381,0.6857142857142857,0.022775150559177393,0.8025714285714285,0.029964983343185283
131,f390887b8721,2026-07-30 22:50:22,True,0.791,0.016852299546352693,0.9545,0.1313246250152588,0.02018461227416992,3.400428251837428e-07,5.253870751621301e-06,125,8,0.04,1.0,1.0,1,0,0.7045216509622874,0.0324625855783338,0.791,0.016852299546352693,0.7683419660495614,0.022710368810590367,0.7910527797680865,0.03355454283276345,0.6859523809523809,0.03119320235269015,0.7929523809523811,0.030123743281621772
132,f73eed963eec,2026-07-30 22:50:27,True,0.8,0.021679483388678786,0.8592500000000001,0.019190120697021484,0.014875078201293945,9.92341166458367e-08,1.533228124212938e-06,25,6,0.17,1.0,1.0,1,0,0.7038727348331107,0.04239110281690685,0.8,0.021679483388678786,0.7712990505416931,0.030200386576214638,0.8316635901897804,0.03096580703286725,0.6828571428571429,0.03627027543069662,0.7871666666666668,0.02896997820482798
133,912b2db4aca5,2026-07-30 22:50:32,True,0.748,0.030757112998459426,1.0,0.07745270729064942,0.0172060489654541,2.0917544442236344e-07,3.231889244580314e-06,100,7,0.18,1.0,1.0,1,0,0.6743968527556994,0.03713620277378099,0.748,0.030757112998459426,0.7361602025501133,0.03035317616711815,0.7020693095087298,0.0486478689087646,0.6647619047619049,0.03549615928890107,0.7899285714285714,0.030079222682579534
134,05881f1c9834,2026-07-30 22:50:37,True,0.796,0.020591260281973965,0.8607499999999998,0.022533893585205078,0.01611747741699219,1.0280714065275426e-07,1.5884335422794457e-06,50,3,0.21,1.0,1.0,1,0,0.7068719521706194,0.038271694761842945,0.796,0.020591260281973965,0.7714433737070087,0.027416453709940076,0.8063175537500241,0.030189157671573222,0.6866666666666668,0.03318333598130354,0.7894166666666667,0.024307424936209906
135,7f37fbe27f08,2026-07-30 22:50:44,True,0.776,0.018547236990991423,0.99875,0.32384886741638186,0.02453126907348633,6.793465171826659e-07,1.0496321441021974e-05,225,9,0.03,1.0,1.0,1,0,0.6956238474581278,0.03161940606297986,0.776,0.018547236990991423,0.7580171252793995,0.022542362199996127,0.7518397112428196,0.039188879295191895,0.680952380952381,0.030602417167732623,0.8005714285714287,0.027533055787502637
136,1ba1d679c3f8,2026-07-30 22:50:49,True,0.7530000000000001,0.016613247725836163,1.0,0.15381765365600586,0.021163225173950195,3.890585150115156e-07,6.011193300678246e-06,275,5,0.16,1.0,1.0,1,0,0.6839357886587705,0.02435058261722676,0.7530000000000001,0.016613247725836163,0.742895536389202,0.018122059004413948,0.7059139836181159,0.023449899982420776,0.675,0.025709876165129722,0.7923333333333333,0.02402445843665583
137,073a0c6cc9ad,2026-07-30 22:50:55,True,0.764,0.018814887722226795,1.0,0.14655418395996095,0.021441316604614256,3.599068290683606e-07,5.560781826610438e-06,200,6,0.15,1.0,1.0,1,0,0.6957029729742856,0.02427647648305034,0.764,0.018814887722226795,0.7532394954734267,0.019074540885960955,0.7228601479024748,0.028818566662263182,0.6847619047619047,0.0244137614068735,0.7995714285714286,0.03151922351910283
138,f26d67aea0a5,2026-07-30 22:51:01,True,0.764,0.02709243436828816,1.0,0.046413755416870116,0.017259740829467775,1.5827753604675026e-07,2.445485261526595e-06,50,7,0.25,1.0,1.0,1,0,0.6900889394642132,0.03437187466165395,0.764,0.02709243436828816,0.7505810547463965,0.027844924828376354,0.7244861917126298,0.04363252223387269,0.6771428571428572,0.03159946324065501,0.8041666666666668,0.02099913614463371
139,14e650e816cc,2026-07-30 22:51:07,True,0.7779999999999999,0.019646882704388517,1.0,0.19948315620422363,0.02190423011779785,4.4236012050500783e-07,6.8347358823086515e-06,125,14,0.1,1.0,1.0,1,0,0.7055027266622471,0.028971843400004884,0.7779999999999999,0.019646882704388517,0.7638539777868381,0.02195353259849744,0.7469366043769827,0.029399549413428136,0.690952380952381,0.028238135389034337,0.8058809523809524,0.023929293995250057
140,a7aab3d8637b,2026-07-30 22:51:12,True,0.751,0.013928388277184131,1.0,0.10389118194580078,0.015105295181274413,2.84584956728331e-07,4.397012581278469e-06,150,8,0.18,1.0,1.0,1,0,0.681923721349937,0.019553525325267395,0.751,0.013928388277184131,0.7411585716976684,0.014993381798283975,0.7021881966673661,0.019899333401344813,0.6726190476190477,0.019877744252135027,0.7968571428571429,0.025475144615826596
141,42d0520df9e2,2026-07-30 22:51:18,True,0.7540000000000001,0.014628738838327807,1.0,0.1986750602722168,0.019780588150024415,4.5347424626451165e-07,7.006455959702273e-06,300,6,0.19,1.0,1.0,1,0,0.6837561331368865,0.019948386396291762,0.7540000000000001,0.014628738838327807,0.7432909405827444,0.015304892082625402,0.7073247674762226,0.02177425775772966,0.6738095238095237,0.02030102261646881,0.7900714285714285,0.0287231684910155
142,24b8d0214b12,2026-07-30 22:51:24,True,0.7750000000000001,0.017606816861659026,1.0,0.204695463180542,0.023179340362548827,4.7413686106343994e-07,7.325706064407311e-06,150,14,0.16,1.0,1.0,1,0,0.7066010985977749,0.027624579726640838,0.7750000000000001,0.017606816861659026,0.7632182826501216,0.020671977752103523,0.7376022815956341,0.02419743030043993,0.6935714285714285,0.02777256186857389,0.806642857142857,0.028006558998541303
143,2150d86d20be,2026-07-30 22:51:29,True,0.8019999999999999,0.029427877939124304,0.8315000000000001,0.017568111419677734,0.015217256546020509,1.0210652007533816e-07,1.5776085235257595e-06,25,5,0.17,1.0,1.0,1,0,0.7006056591647097,0.053764914245456354,0.8019999999999999,0.029427877939124304,0.7702497134872863,0.03906887771892972,0.8503136711629249,0.043631651519866435,0.6795238095238096,0.04410485342043544,0.7867261904761904,0.028288755448185748
144,10eb45bd825f,2026-07-30 22:51:36,True,0.7950000000000002,0.02280350850198275,0.929,0.3110683441162109,0.02354593276977539,6.788562233104284e-07,1.0488746099199495e-05,225,10,0.01,1.0,1.0,1,0,0.7047255082324173,0.04140789413578245,0.7950000000000002,0.02280350850198275,0.7699305117925521,0.029796466294444917,0.8068958272344894,0.04377318097117423,0.6849999999999999,0.03624682330282871,0.7965714285714286,0.034395277981029426
145,3893ecc2744e,2026-07-30 22:51:42,True,0.7710000000000001,0.015620499351813323,1.0,0.29650259017944336,0.024822473526000977,6.544061804954053e-07,1.0110977902642706e-05,200,15,0.09,1.0,1.0,1,0,0.6988850834244527,0.026138401072191533,0.7710000000000001,0.015620499351813323,0.7577484147714562,0.018991251481555504,0.7334905166512691,0.021285227326818423,0.6859523809523809,0.027067564744994905,0.803047619047619,0.025699797505753526
146,38300eb3c722,2026-07-30 22:51:48,True,0.7590000000000001,0.022891046284519215,1.0,0.1997199535369873,0.017763328552246094,4.864887394028862e-07,7.51655018029223e-06,275,11,0.13,1.0,1.0,1,0,0.689135032034016,0.030412508545571718,0.7590000000000001,0.022891046284519215,0.7480253292603777,0.024152380871026995,0.7140306158637779,0.03130886309048784,0.6783333333333333,0.029242127843512475,0.7993333333333333,0.022841214688264132
147,bb4e54720e77,2026-07-30 22:51:54,True,0.7629999999999999,0.019646882704388517,1.0,0.12646265029907228,0.020353174209594725,3.2314946760488227e-07,4.9928579887956305e-06,100,13,0.22,1.0,1.0,1,0,0.6933627209487098,0.02563574676197215,0.7629999999999999,0.019646882704388517,0.7517095002995112,0.02019788067952265,0.7213758024066509,0.028539614279440614,0.6821428571428573,0.02520887796679321,0.8028095238095239,0.02259780957819643
148,717155a2cc30,2026-07-30 22:51:59,True,0.775,0.01483239697419134,1.0,0.07304716110229492,0.020381784439086913,2.1307846031892768e-07,3.2921932402637737e-06,50,15,0.21,1.0,1.0,1,0,0.7004123604836257,0.030010674901545298,0.775,0.01483239697419134,0.7600881320718169,0.02072463956099706,0.7413986346204938,0.01736643179206249,0.6869047619047619,0.031207737862497056,0.8034761904761905,0.021303790130465156
149,0ff34cbf42df,2026-07-30 22:52:04,True,0.8100000000000002,0.024083189157584565,0.8099999999999999,0.011208868026733399,0.014959907531738282,9.294029720574221e-08,1.4359847436051272e-06,25,3,0.11,1.0,1.0,1,0,0.7061750735401464,0.04882752473288025,0.8100000000000002,0.024083189157584565,0.7759877201783404,0.034665492077833135,0.8935504960528251,0.01079656058201379,0.6833333333333332,0.040138648595974345,0.8012261904761905,0.033431373678503656
150,da5ce1e40985,2026-07-30 22:52:10,True,0.7609999999999999,0.018000000000000016,0.99,0.1017336368560791,0.01719346046447754,2.6486131968394006e-07,4.092270260286617e-06,175,5,0.08,1.0,1.0,1,0,0.6832661925903935,0.02594622097453528,0.7609999999999999,0.018000000000000016,0.7458897808751639,0.019377230236412645,0.7223550491224321,0.03294918044382783,0.6711904761904762,0.025868146391506787,0.7982619047619047,0.027032314583587364
151,f017a0eb265b,2026-07-30 22:52:15,True,0.76,0.021679483388678818,1.0,0.060547256469726564,0.016897296905517577,1.8870864905678495e-07,2.9156646705357736e-06,50,12,0.28,1.0,1.0,1,0,0.6863106623315035,0.0322999232628069,0.76,0.021679483388678818,0.7470105133035014,0.02435879388369781,0.7170411978934467,0.031584223188961646,0.6752380952380952,0.03234416678037253,0.8002142857142858,0.019826972626637046
152,2fcae1cd119a,2026-07-30 22:52:21,True,0.763,0.025219040425837006,1.0,0.09252376556396484,0.019217205047607423,2.7989055056927754e-07,4.324481119389941e-06,100,10,0.21,1.0,1.0,1,0,0.693124090160841,0.03487977534230082,0.763,0.025219040425837006,0.751589157885388,0.02715916620465398,0.7206189896332947,0.03466950083821939,0.6821428571428572,0.03375582590180435,0.7946428571428571,0.021106306888610128
153,40d7575dde9e,2026-07-30 22:52:27,True,0.756,0.007348469228349541,1.0,0.17701969146728516,0.021831750869750977,4.276531699658091e-07,6.6075044527330235e-06,200,7,0.22,1.0,1.0,1,0,0.6851715763282398,0.008871059854952446,0.756,0.007348469228349541,0.7447189499237299,0.004340179754448996,0.7127476602559719,0.018466035148954462,0.6752380952380952,0.011794729596667471,0.7931904761904762,0.02503856436011097
154,0b900168a4d5,2026-07-30 22:52:33,True,0.7609999999999999,0.020832666655999678,1.0,0.29349384307861326,0.026282310485839844,5.623251447566929e-07,8.688269277088837e-06,250,7,0.21,1.0,1.0,1,0,0.6958506275654076,0.024765111118354576,0.7609999999999999,0.020832666655999678,0.7519917114338744,0.020108901339409017,0.71842322581069,0.030330208158224157,0.6864285714285716,0.024635667228091115,0.7896904761904763,0.028618275086633692
155,55d277a33dcd,2026-07-30 22:52:39,True,0.757,0.028565713714171423,1.0,0.13706188201904296,0.02183504104614258,3.008273935737382e-07,4.647968218501603e-06,100,9,0.28,1.0,1.0,1,0,0.6880705775262325,0.03523634267690556,0.757,0.028565713714171423,0.7466122409190667,0.02869274228930599,0.7130878963515759,0.044373446673809006,0.6778571428571428,0.03371885898495329,0.7947380952380951,0.029761847618992764
156,b2af9d6bb4d2,2026-07-30 22:52:46,True,0.762,0.01029563014098701,1.0,0.2792802810668945,0.024625396728515624,5.949410903429047e-07,9.192205692919036e-06,250,8,0.19,1.0,1.0,1,0,0.6947683237700224,0.016897995178226738,0.762,0.01029563014098701,0.7520094188648654,0.012167742102289377,0.7176800312333254,0.013584114511759005,0.6842857142857144,0.01818586328945551,0.7939047619047619,0.023240998062254218
157,12f59a886e19,2026-07-30 22:52:51,True,0.7689999999999999,0.021540659228538032,0.96175,0.04917411804199219,0.01833953857421875,1.6870050468647126e-07,2.606526536406328e-06,125,3,0.19,1.0,1.0,1,0,0.6934849544869425,0.02879805118852299,0.7689999999999999,0.021540659228538032,0.7542558229348585,0.022603228401813724,0.7341263796485372,0.036647824976679046,0.6797619047619048,0.027437829125500846,0.7956904761904762,0.020301497325340163
158,50e284c88627,2026-07-30 22:52:58,True,0.764,0.015937377450509244,1.0,0.34927005767822267,0.026618194580078126,7.75384086473197e-07,1.1980160942942593e-05,250,15,0.12,1.0,1.0,1,0,0.6944198661899821,0.020251114710299254,0.764,0.015937377450509244,0.7526604073056943,0.015998681964455665,0.7227885207085618,0.025147252630801253,0.6828571428571429,0.020490028546619174,0.8044761904761903,0.02812675794455622
159,0f9b29fa3fe6,2026-07-30 22:53:04,True,0.7540000000000001,0.03023243291566197,1.0,0.1731722354888916,0.024560928344726562,4.243912344624091e-07,6.557105543343513e-06,275,4,0.29,1.0,1.0,1,0,0.690023201441195,0.03414741125074435,0.7540000000000001,0.03023243291566197,0.7462303426832996,0.029008165403619845,0.7084498063178131,0.04267961161379219,0.6814285714285715,0.03203774701130044,0.7901428571428571,0.030488687913764814
160,4f314e60d42e,2026-07-30 22:53:10,True,0.77,0.018973665961010293,1.0,0.15863795280456544,0.019414901733398438,4.112752906395122e-07,6.354456145892499e-06,250,8,0.24,1.0,1.0,1,0,0.7035237242496848,0.02600020279531813,0.77,0.018973665961010293,0.7595981231612114,0.02024157964864775,0.7301499832630494,0.026790241866575297,0.6919047619047619,0.025802318445988733,0.7964999999999999,0.02769597251269643
161,dfacea595991,2026-07-30 22:53:17,True,0.767,0.021118712081942895,1.0,0.4054978847503662,0.027072668075561523,8.564185350178116e-07,1.3232193003469853e-05,300,9,0.06,1.0,1.0,1,0,0.6970222702269063,0.027067586328658258,0.767,0.021118712081942895,0.7551484845125241,0.021478280047269847,0.7283635746651956,0.03227165304556339,0.6849999999999999,0.02626180762404867,0.801047619047619,0.029185989711929476
162,56841993ff44,2026-07-30 22:53:22,True,0.769,0.024779023386727755,1.0,0.06445202827453614,0.01778712272644043,1.9406366281350217e-07,2.9984029260356323e-06,75,7,0.3,1.0,1.0,1,0,0.703775948046465,0.03126611578207476,0.769,0.024779023386727755,0.7592229870524234,0.02499622560509173,0.7304197443041931,0.037503068734554106,0.693095238095238,0.031599463240654976,0.7939285714285714,0.03008246413653771
163,d491bdd6a1fb,2026-07-30 22:53:28,True,0.791,0.012409673645990868,0.9015000000000001,0.07621912956237793,0.018070268630981445,2.416874407095781e-07,3.734219579819465e-06,200,4,0.05,1.0,1.0,1,0,0.7034098384964904,0.03189290509994478,0.791,0.012409673645990868,0.7677600134769667,0.021155376840164334,0.7910919124763863,0.015410714779415677,0.6849999999999999,0.02937944736440158,0.7843095238095238,0.028748597520756182
164,efb3918a2d03,2026-07-30 22:53:33,True,0.79,0.01341640786499871,0.9055000000000002,0.06610622406005859,0.020360994338989257,2.059111911053979e-07,3.1814545235459236e-06,175,3,0.09,1.0,1.0,1,0,0.7059156875202881,0.02933782083296721,0.79,0.01341640786499871,0.76863899305935,0.019517336657366276,0.7877808189348242,0.03239770022685679,0.6880952380952381,0.028030595529069408,0.7936428571428571,0.028235184142887542
165,b3c371da8327,2026-07-30 22:53:39,True,0.77,0.02345207879911717,1.0,0.22825269699096679,0.02182774543762207,5.167003721799486e-07,7.983338484737009e-06,250,9,0.27,1.0,1.0,1,0,0.7060287139536079,0.030689476135052927,0.77,0.02345207879911717,0.760737402511531,0.02419357645690717,0.7306197125578724,0.03458400349532639,0.6957142857142856,0.031949151777781654,0.8004761904761905,0.024966303821963975
166,ba03c7ac8d1b,2026-07-30 22:53:44,True,0.765,0.020976176963403047,1.0,0.040537261962890626,0.017986440658569337,1.4933745334122247e-07,2.3073554862011854e-06,25,12,0.29,1.0,1.0,1,0,0.6949512644625369,0.02871770821782776,0.765,0.020976176963403047,0.753292640638854,0.02218797822367211,0.7249043810289169,0.03188835103653867,0.6835714285714285,0.02843618786063546,0.8094761904761905,0.020318691058953744
167,195dd390c691,2026-07-30 22:53:51,True,0.758,0.019646882704388517,1.0,0.2534308433532715,0.022883272171020506,5.620713666439522e-07,8.684348249191222e-06,300,7,0.21,1.0,1.0,1,0,0.6931070125700465,0.023344240894030466,0.758,0.019646882704388517,0.749390696868302,0.01891126104148744,0.7137545147118299,0.027382154652447158,0.6842857142857144,0.023514843095478865,0.7874285714285716,0.02773749232943784
168,81e50d0cd883,2026-07-30 22:53:56,True,0.792,0.014352700094407292,0.8947499999999999,0.02340250015258789,0.016330862045288087,1.0745301822830683e-07,1.6602152077112027e-06,25,7,0.16,1.0,1.0,1,0,0.7005691582252004,0.0282868399174086,0.792,0.014352700094407292,0.7666811584531736,0.019793356743692283,0.8014322527194988,0.02765674063309211,0.680952380952381,0.025676780408653194,0.7886428571428571,0.02622817632928549
169,880d2dbb7156,2026-07-30 22:54:02,True,0.7619999999999999,0.022494443758404006,1.0,0.18879299163818358,0.0220672607421875,4.799205657041824e-07,7.415067857680244e-06,175,10,0.12,1.0,1.0,1,0,0.6902454172768707,0.029919828442550863,0.7619999999999999,0.022494443758404006,0.7498065926890962,0.023650632932954503,0.7197607172853536,0.03253645027296237,0.6785714285714286,0.029170310753889102,0.7968095238095239,0.02666479585274337
170,1951137e4a9f,2026-07-30 22:54:08,True,0.775,0.020493901531919215,1.0,0.2307070255279541,0.021891164779663085,5.148307997203253e-07,7.954452440579648e-06,200,12,0.14,1.0,1.0,1,0,0.7073543350405609,0.02938309626220795,0.775,0.020493901531919215,0.7635727672014079,0.02262596310961101,0.7379257412029279,0.02849171072197303,0.6945238095238094,0.029543004512849712,0.8022380952380953,0.024221600711825057
171,ebc26ec84312,2026-07-30 22:54:14,True,0.762,0.02731300056749535,1.0,0.26525177955627444,0.022385883331298827,5.853425249016026e-07,9.04390195440513e-06,200,10,0.08,1.0,1.0,1,0,0.690708539272289,0.038624201040608035,0.762,0.02731300056749535,0.7500362378011883,0.030003299383204562,0.7184155475036089,0.03770421206358051,0.6795238095238096,0.037611512204910574,0.8050238095238095,0.027920298778849502
172,011dc1b0a8d6,2026-07-30 22:54:19,True,0.791,0.01881488772222677,0.9012499999999999,0.02671208381652832,0.01634697914123535,1.2561942233739528e-07,1.9408973222633906e-06,25,9,0.09,1.0,1.0,1,0,0.6957227678173414,0.03951846424631562,0.791,0.01881488772222677,0.7637198528080094,0.027456604052793675,0.8038160709141511,0.02934742901639128,0.6773809523809524,0.035033188022767066,0.7992142857142858,0.03297172911199715
173,843af635ed32,2026-07-30 22:54:25,True,0.755,0.017029386365926415,1.0,0.19710302352905273,0.02101726531982422,4.4753082021454095e-07,6.91462637243928e-06,275,6,0.21,1.0,1.0,1,0,0.6910649306759108,0.02115633701476778,0.755,0.017029386365926415,0.74712591410659,0.016744881210624014,0.7087248313588194,0.02248071802095579,0.6830952380952381,0.02202091358051782,0.7939285714285713,0.02868696876407034
174,149196b56cf3,2026-07-30 22:54:31,True,0.7689999999999999,0.02745906043549195,1.0,0.10895195007324218,0.02105712890625,2.8788119281475844e-07,4.447941455768209e-06,75,15,0.19,1.0,1.0,1,0,0.6968765346574506,0.037982947254626434,0.7689999999999999,0.02745906043549195,0.7559013936200559,0.029550530816367136,0.731682275655853,0.039738367466951474,0.6845238095238095,0.03801330474805472,0.8053095238095238,0.02218743592498174
175,83f10907c866,2026-07-30 22:54:36,True,0.764,0.019595917942265444,1.0,0.07694268226623535,0.01600356101989746,2.260236141361686e-07,3.4922038271035064e-06,100,8,0.25,1.0,1.0,1,0,0.6943463033268433,0.027959033691542175,0.764,0.019595917942265444,0.7526557574615231,0.021577706164230933,0.72129328916484,0.02792214963840742,0.6828571428571429,0.027413024694522357,0.795595238095238,0.027089651277733474
176,4a5ad8d4e54d,2026-07-30 22:54:42,True,0.772,0.017492855684535916,1.0,0.10073585510253906,0.019475889205932618,2.650639289385066e-07,4.095400697860178e-06,75,11,0.09,1.0,1.0,1,0,0.6942643346805094,0.02880384656688241,0.772,0.017492855684535916,0.755849282621724,0.02110540024059826,0.7389957723869525,0.02728781732459723,0.68,0.02755534525557964,0.8077857142857143,0.0227799539915004
177,1f16fc768b1c,2026-07-30 22:54:47,True,0.789,0.023748684174075853,0.99025,0.028998136520385742,0.015424871444702148,1.1668323094140417e-07,1.8028276700632057e-06,25,8,0.26,1.0,1.0,1,0,0.7131277331675407,0.031946449708147376,0.789,0.023748684174075853,0.7720589748575628,0.02510062515742025,0.7737451526280413,0.047778860882349485,0.695,0.029396808255334573,0.8041904761904762,0.024396270299682048
178,c17bc5b7a1e9,2026-07-30 22:54:52,True,0.806,0.027459060435491945,0.8147500000000001,0.04312257766723633,0.01617851257324219,1.6318483869368384e-07,2.5213061050693063e-06,125,3,0.05,1.0,1.0,1,0,0.7024437487321957,0.05166494418715206,0.806,0.027459060435491945,0.7726163663599512,0.03730851551000513,0.8738734357863651,0.03645441054520752,0.6804761904761903,0.04236891214739044,0.7870714285714285,0.02819821724475345
179,693cd0080a8a,2026-07-30 22:54:58,True,0.765,0.012649110640673528,1.0,0.2847025394439697,0.023667669296264647,6.198430614139117e-07,9.576956458935017e-06,200,15,0.12,1.0,1.0,1,0,0.6952721948383387,0.017576734678923647,0.765,0.012649110640673528,0.7534968274470402,0.013249350102950516,0.7240831046855306,0.02106831584876528,0.6835714285714285,0.01860192855678534,0.8043571428571429,0.028436447022692136
180,0799233ab972,2026-07-30 22:55:05,True,0.777,0.024617067250182364,1.0,0.24502248764038087,0.02230973243713379,5.354991073374179e-07,8.27379050282601e-06,300,15,0.3,1.0,1.0,1,0,0.7126249951966513,0.02875882468889388,0.777,0.024617067250182364,0.7669573747881658,0.024035872653455213,0.7417786173845365,0.03835383312883684,0.6997619047619048,0.0269100289829637,0.7986904761904763,0.023768774653441363
181,e4ef55c94709,2026-07-30 22:55:11,True,0.7590000000000001,0.021307275752662537,1.0,0.1560749053955078,0.017402219772338866,4.047305711369209e-07,6.253336205033139e-06,200,9,0.14,1.0,1.0,1,0,0.6896211077484151,0.029299477789894456,0.7590000000000001,0.021307275752662537,0.7482270588108967,0.02277108124098705,0.714459920733583,0.030541395505421468,0.6792857142857143,0.02924406639817955,0.798952380952381,0.033238419291639065
182,65ffa5fb68e0,2026-07-30 22:55:16,True,0.774,0.01319090595827293,1.0,0.04951720237731934,0.016765356063842773,1.5058043137256338e-07,2.326560261129876e-06,50,8,0.2,1.0,1.0,1,0,0.7008839284997569,0.02241204527182472,0.774,0.01319090595827293,0.7599272050582656,0.01591634483192761,0.7404340718519556,0.021306738038638497,0.6871428571428572,0.023199323627641485,0.8040238095238095,0.02036033113434621
183,dc57d3d5404f,2026-07-30 22:55:22,True,0.777,0.016000000000000014,1.0,0.25988383293151857,0.02290506362915039,5.741223119260105e-07,8.870542764286733e-06,250,13,0.19,1.0,1.0,1,0,0.7098967881464203,0.021640516293777768,0.777,0.016000000000000014,0.7655867363666944,0.01653567219001078,0.7432869370382643,0.030144158766110343,0.6969047619047618,0.02285714285714285,0.799404761904762,0.021655282200089946
184,f4ddfa82c999,2026-07-30 22:55:28,True,0.771,0.018000000000000016,1.0,0.21356649398803712,0.022089672088623048,5.384527916048458e-07,8.319426741066818e-06,225,12,0.14,1.0,1.0,1,0,0.7024280733833873,0.02415460656998794,0.771,0.018000000000000016,0.759509632645344,0.018989517613975965,0.7326059368652839,0.026729545167161264,0.6897619047619047,0.023613478606128474,0.8018571428571428,0.024333822565205818
185,14593769710f,2026-07-30 22:55:34,True,0.753,0.016309506430300106,1.0,0.17011823654174804,0.02282547950744629,4.2218144334775756e-07,6.52296291175531e-06,200,6,0.14,1.0,1.0,1,0,0.6835419816759182,0.01972717164302501,0.753,0.016309506430300106,0.7427163982865425,0.015622651784515164,0.7071589995051376,0.027324171807324674,0.674047619047619,0.020082031318056717,0.7935476190476192,0.026092826617808783
186,b81ae4b5d874,2026-07-30 22:55:40,True,0.759,0.023108440016582705,0.99975,0.1702756404876709,0.021590805053710936,4.119305869418685e-07,6.3645808767252555e-06,300,4,0.11,1.0,1.0,1,0,0.6833871349866744,0.030950675144161513,0.759,0.023108440016582705,0.7451686946562089,0.02425852122690296,0.7171721440847643,0.03503812864387925,0.6716666666666666,0.029636880254200415,0.7992142857142858,0.029302705098285673
187,525c7a2b1b2c,2026-07-30 22:55:45,True,0.759,0.02200000000000002,1.0,0.06866164207458496,0.015370368957519531,2.1373101187335294e-07,3.3022755630531675e-06,75,13,0.3,1.0,1.0,1,0,0.6869802476640301,0.03356169716809753,0.759,0.02200000000000002,0.7469429392605933,0.025240761372755854,0.7140342008578668,0.029789261875971938,0.6764285714285714,0.033506353680480556,0.7982857142857143,0.028582299519195244
188,71ea94dd978f,2026-07-30 22:55:51,True,0.7979999999999999,0.020880613017821074,0.8865000000000001,0.04836440086364746,0.015854787826538087,1.5088286870356578e-07,2.331233103871649e-06,50,9,0.04,1.0,1.0,1,0,0.7018159432520109,0.04141646316888111,0.7979999999999999,0.020880613017821074,0.7694743126464372,0.029298420154831365,0.8270072740255717,0.03511549165031035,0.6814285714285715,0.035279897984745665,0.7997142857142858,0.03730235899235539
189,a589c37916d1,2026-07-30 22:55:56,True,0.759,0.008602325267042634,1.0,0.14829325675964355,0.020984458923339843,3.600793354154952e-07,5.563447155752994e-06,275,4,0.14,1.0,1.0,1,0,0.6879975303140904,0.011206678739331259,0.759,0.008602325267042634,0.7473769791161831,0.007282024076693717,0.7165051574792407,0.017828791888894756,0.6773809523809524,0.01422606594884724,0.7945,0.02929978368969706
190,fbbca00e4230,2026-07-30 22:56:02,True,0.7590000000000001,0.013564659966250548,1.0,0.19034337997436523,0.01909503936767578,4.846167849585941e-07,7.487627333006981e-06,250,7,0.12,1.0,1.0,1,0,0.6915724148392984,0.019245876704163382,0.7590000000000001,0.013564659966250548,0.7490855641541618,0.013969906355947788,0.7155212802657722,0.021723387994830264,0.6821428571428572,0.020919888225227373,0.7955,0.026445661569963006
191,13873dce404b,2026-07-30 22:56:08,True,0.788,0.010770329614269018,0.9415000000000001,0.04933047294616699,0.01645340919494629,1.645107298739052e-07,2.541791939133982e-06,100,4,0.12,1.0,1.0,1,0,0.7041448380257607,0.027580620104973228,0.788,0.010770329614269018,0.7670043812996777,0.0179396067558919,0.7801059761804272,0.022790616861448197,0.6866666666666668,0.02760672960121096,0.7900476190476191,0.028406528105389166
192,dad6da46b33c,2026-07-30 22:56:13,True,0.76,0.01581138830084191,1.0,0.1829367160797119,0.0217531681060791,4.286326660986913e-07,6.622638270307604e-06,175,11,0.25,1.0,1.0,1,0,0.6900954642825506,0.019517422050083465,0.76,0.01581138830084191,0.7488907305262362,0.01560263259522522,0.716815507948396,0.026039559493349986,0.6790476190476191,0.019322422443117614,0.7960714285714285,0.0244447407733018
193,f5c5548f52a5,2026-07-30 22:56:19,True,0.774,0.019339079605813735,1.0,0.11262812614440917,0.019802093505859375,3.2497212098778435e-07,5.021019104365701e-06,125,14,0.25,1.0,1.0,1,0,0.7073219277263701,0.02276875172838829,0.774,0.019339079605813735,0.7630803206170005,0.018603539061159514,0.7386511192077905,0.03150267036410919,0.6947619047619047,0.022595225550701554,0.8044523809523809,0.02365708342911023
194,a7fd31666bfb,2026-07-30 22:56:24,True,0.773,0.02039607805437116,0.9955,0.04869332313537598,0.016669225692749024,1.6299498064264699e-07,2.5183726814313767e-06,75,5,0.19,1.0,1.0,1,0,0.6982430937695145,0.03278353772541573,0.773,0.02039607805437116,0.7582426607355786,0.024301536889992946,0.7380298011138318,0.027780789137245954,0.6845238095238095,0.03257644071711823,0.7994047619047618,0.022461733647651718
195,4dcf37e063e6,2026-07-30 22:56:30,True,0.764,0.011575836902790236,1.0,0.07600579261779786,0.018999910354614256,2.2137767711055067e-07,3.4204212431316814e-06,50,14,0.17,1.0,1.0,1,0,0.6885494453965305,0.023013551266732234,0.764,0.011575836902790236,0.749795258823619,0.015931293903607844,0.7231193465984352,0.014592266071958829,0.6761904761904761,0.023702138789990126,0.8046190476190475,0.02338301319596021
196,dd92ea315e5e,2026-07-30 22:56:35,True,0.766,0.012409673645990868,0.999,0.08064241409301758,0.017704153060913087,2.4030982541928625e-07,3.712934576447493e-06,150,5,0.12,1.0,1.0,1,0,0.6922647170801055,0.01715163068873063,0.766,0.012409673645990868,0.7522732889776448,0.011525008735778948,0.7316373213670657,0.030315059671335423,0.6804761904761906,0.019728888081777706,0.795595238095238,0.026846650263775685
197,4b054b6fc1f9,2026-07-30 22:56:40,True,0.77,0.011832159566199244,1.0,0.04410309791564941,0.016014242172241212,1.4844585562398673e-07,2.2935797531997144e-06,75,5,0.25,1.0,1.0,1,0,0.6999681544855402,0.022202994563480634,0.77,0.011832159566199244,0.7578160779558695,0.015146860739810378,0.7320591752850637,0.018232173226709558,0.6880952380952381,0.0249489274236757,0.7988571428571429,0.02397544567812769
198,8f635f95f8e0,2026-07-30 22:56:47,True,0.7700000000000001,0.018165902124584965,1.0,0.2941272258758545,0.024396324157714845,6.354125062793223e-07,9.81751395622425e-06,275,9,0.16,1.0,1.0,1,0,0.7012731343394882,0.025777919691347392,0.7700000000000001,0.018165902124584965,0.7585092959113926,0.019801262626836142,0.7308931957740089,0.02536399409229458,0.6890476190476191,0.025813301427989488,0.7961666666666667,0.03165291502339805
199,6911221be282,2026-07-30 22:56:52,True,0.762,0.016000000000000014,0.998,0.09446263313293457,0.016828393936157225,2.744563790601934e-07,4.240519827939538e-06,225,4,0.12,1.0,1.0,1,0,0.6864662231215883,0.020467706993214773,0.762,0.016000000000000014,0.7478051122378171,0.01518881083212802,0.7254868753521193,0.03554997594038277,0.6747619047619047,0.021591969616675446,0.7930238095238096,0.027705591010527646
200,4ed4291809e6,2026-07-30 22:56:59,True,0.7769999999999999,0.01691153452528778,1.0,0.30220584869384765,0.02404818534851074,6.523164739810847e-07,1.0078690651973238e-05,225,13,0.1,1.0,1.0,1,0,0.7105527220664041,0.024857197441215492,0.7769999999999999,0.01691153452528778,0.7659314785248286,0.018733829048844273,0.7414081654526414,0.02529567140910297,0.6978571428571428,0.025922875319929477,0.8057857142857143,0.024516249412599233
201,ae56bf0bf642,2026-07-30 22:57:04,True,0.805,0.021447610589527197,0.8212499999999998,0.01845574378967285,0.015517377853393554,1.0138098759297025e-07,1.5663986005214902e-06,25,6,0.1,1.0,1.0,1,0,0.7056758478593117,0.043519399244409285,0.805,0.021447610589527197,0.7740142521756312,0.03083291034332054,0.8573280202958413,0.01460844042251223,0.6835714285714285,0.03667285043712409,0.7862738095238095,0.03403151883734275
202,e6fbce068bf0,2026-07-30 22:57:09,True,0.8100000000000002,0.024083189157584565,0.8099999999999999,0.05652356147766113,0.016036367416381835,1.8285792697042826e-07,2.8252674165170647e-06,150,4,0.01,1.0,1.0,1,0,0.7061750735401464,0.04882752473288025,0.8100000000000002,0.024083189157584565,0.7759877201783404,0.034665492077833135,0.8935504960528251,0.01079656058201379,0.6833333333333332,0.040138648595974345,0.8027142857142857,0.027449825388009278
203,2f1161317aad,2026-07-30 22:57:15,True,0.765,0.01483239697419134,1.0,0.15243806838989257,0.020217370986938477,3.697515572440674e-07,5.712888930743746e-06,175,11,0.23,1.0,1.0,1,0,0.6978812400630104,0.02122177845315387,0.765,0.01483239697419134,0.7547044586379792,0.01575329206623883,0.7237774234008769,0.02387471840146348,0.6873809523809523,0.023323613135730382,0.8003095238095238,0.01916194854676434
204,131d74839415,2026-07-30 22:57:20,True,0.769,0.011575836902790236,0.9957499999999999,0.12510857582092286,0.020600557327270508,3.0019110677283067e-07,4.638137196155743e-06,300,3,0.14,1.0,1.0,1,0,0.7008723675594406,0.017469581194429436,0.769,0.011575836902790236,0.7578395297881961,0.012410499635439361,0.7305132782819461,0.02133888321450104,0.6892857142857143,0.019619394356621595,0.801452380952381,0.02283448778053817
205,7bc885b85b70,2026-07-30 22:57:27,True,0.766,0.018814887722226795,1.0,0.20250000953674316,0.02347712516784668,5.199441642181902e-07,8.03345706643286e-06,250,9,0.19,1.0,1.0,1,0,0.6995539160872392,0.026262623879738992,0.766,0.018814887722226795,0.7559573451307301,0.020110505332216692,0.7245589979264134,0.02756043492221137,0.6890476190476191,0.027963776374367724,0.7963095238095238,0.024414341905997516
206,709f96a587bb,2026-07-30 22:57:32,True,0.774,0.016248076809271934,0.9407499999999999,0.06642909049987793,0.016715383529663085,2.0181519152540968e-07,3.1181688112821082e-06,175,3,0.11,1.0,1.0,1,0,0.6901277439436101,0.03623462749094613,0.774,0.016248076809271934,0.7543869963303044,0.024198116473275095,0.750084523183167,0.02876658529366322,0.6766666666666665,0.034843348818908076,0.7943333333333333,0.027371385492228364
207,fadacb380694,2026-07-30 22:57:37,True,0.7729999999999999,0.021118712081942895,0.96075,0.07809658050537109,0.017093658447265625,2.1443677489363652e-07,3.313180035711399e-06,175,4,0.08,1.0,1.0,1,0,0.693267245635998,0.03162142391851935,0.7729999999999999,0.021118712081942895,0.7556871528953908,0.023633573743550428,0.7452374044459094,0.03780440787206919,0.6788095238095238,0.030392369850420004,0.7934285714285714,0.020793144910846138
208,5b7e1f5bc656,2026-07-30 22:57:43,True,0.775,0.016733200530681527,1.0,0.18817062377929689,0.022155380249023436,4.5361671457384433e-07,7.0086571826894995e-06,125,14,0.11,1.0,1.0,1,0,0.701697476160412,0.029632803771029267,0.775,0.016733200530681527,0.7607746995296283,0.021352675961293043,0.740205575431831,0.022162204661613852,0.687857142857143,0.029608174393732985,0.8064761904761906,0.023076526538833894
209,577cc1845002,2026-07-30 22:57:50,True,0.774,0.02596150997149436,1.0,0.41638360023498533,0.02588210105895996,8.774222512278847e-07,1.3556713334730566e-05,225,13,0.04,1.0,1.0,1,0,0.6990252740623977,0.03532445119121453,0.774,0.02596150997149436,0.7590608616460417,0.027855526679968916,0.7411771326429626,0.03930836091069926,0.6842857142857144,0.0328139813130701,0.8091190476190476,0.025707516745760575
210,96ccbe6ae3a4,2026-07-30 22:57:56,True,0.806,0.02853068523537419,0.8215,0.05052824020385742,0.018897247314453126,1.5804839638252508e-07,2.4419449128094634e-06,100,4,0.05,1.0,1.0,1,0,0.7044193348597123,0.05336830094475502,0.806,0.02853068523537419,0.7736795389417581,0.03856653057376502,0.8671639551734653,0.04017639910012946,0.6823809523809524,0.043704584461448065,0.7848452380952381,0.031505623440745034
211,28b0caf02607,2026-07-30 22:58:01,True,0.769,0.01743559577416271,0.9797499999999999,0.129044771194458,0.01979341506958008,3.5652863723593955e-07,5.508586685448049e-06,275,4,0.06,1.0,1.0,1,0,0.6886894296623156,0.02997060419372602,0.769,0.01743559577416271,0.7518273209204537,0.021542141905717464,0.7358859902134711,0.02758528656834773,0.675,0.02888714454876781,0.7932142857142858,0.020959820107933094
212,eac7dbcd3e18,2026-07-30 22:58:09,True,0.762,0.017776388834631195,1.0,0.5876386165618896,0.029592084884643554,1.0403666824453626e-06,1.607430499645872e-05,275,8,0.05,1.0,1.0,1,0,0.6892517248200543,0.019070974093570652,0.762,0.017776388834631195,0.7492043102078922,0.015537068806007765,0.7246379996910687,0.03752083751229309,0.6776190476190477,0.01911298308608522,0.8003333333333333,0.027269587189532755
213,1fc03051c240,2026-07-30 22:58:16,True,0.77,0.024698178070456957,1.0,0.25734477043151854,0.02518496513366699,5.63006050607884e-07,8.698789691199172e-06,275,7,0.26,1.0,1.0,1,0,0.7036852137873874,0.030147069643261654,0.77,0.024698178070456957,0.7596559350621359,0.02460612496838304,0.731855429920991,0.03877263577361018,0.6919047619047619,0.029193622140737265,0.7899285714285715,0.029021319085307754
214,e99bea9e6e5c,2026-07-30 22:58:22,True,0.766,0.021307275752662537,1.0,0.12131009101867676,0.019036293029785156,3.2257935109254496e-07,4.984049338098275e-06,125,10,0.15,1.0,1.0,1,0,0.6976399654549401,0.029797883825851627,0.766,0.021307275752662537,0.7550917754502778,0.02318598878923878,0.723930432587156,0.029277012802624104,0.6861904761904762,0.029590937510772474,0.8013333333333333,0.024459392976153467
215,dc043b514c28,2026-07-30 22:58:27,True,0.779,0.017146428199482262,1.0,0.06182408332824707,0.014957571029663086,1.8181564917173703e-07,2.809163583599405e-06,50,13,0.28,1.0,1.0,1,0,0.710301711139899,0.026163903266726574,0.779,0.017146428199482262,0.7666549114150116,0.019604675038421244,0.7454983028379726,0.026123304230287393,0.6964285714285714,0.026330792954189063,0.8108809523809523,0.025718099364467697
216,28d24cc74799,2026-07-30 22:58:33,True,0.766,0.028178005607210763,1.0,0.26022963523864745,0.02402505874633789,5.696552077824701e-07,8.801523258312709e-06,200,15,0.19,1.0,1.0,1,0,0.699897520742811,0.03514367416453976,0.766,0.028178005607210763,0.7561394580738958,0.028564659574114696,0.724894840456111,0.0399035800535788,0.689047619047619,0.034694977973744816,0.8003809523809522,0.02371258838829205
217,d41b33c747eb,2026-07-30 22:58:38,True,0.8049999999999999,0.024083189157584572,0.84575,0.031190252304077147,0.014874982833862304,1.2117951148804895e-07,1.8722979694066376e-06,25,10,0.04,1.0,1.0,1,0,0.7034866310064346,0.047068647330470406,0.8049999999999999,0.024083189157584572,0.772824449571902,0.03360149309263009,0.8653708998970403,0.028764918786973362,0.6816666666666666,0.03906213435203016,0.8075952380952381,0.03505813118747597
218,5733de9d022a,2026-07-30 22:58:44,True,0.773,0.0280356915377524,1.0,0.13884668350219725,0.020067310333251952,3.3528250331674844e-07,5.180320851511541e-06,100,14,0.15,1.0,1.0,1,0,0.7005773120126582,0.036431351132691546,0.773,0.0280356915377524,0.7594287221472433,0.02925909420978625,0.7381841938644182,0.0415815775092586,0.6864285714285714,0.034128276092192884,0.803142857142857,0.023769323204996442
219,a022ef620726,2026-07-30 22:58:50,True,0.7590000000000001,0.030066592756745846,1.0,0.14866924285888672,0.02228574752807617,3.657255967578698e-07,5.6506853655481355e-06,125,9,0.14,1.0,1.0,1,0,0.6882450884263424,0.03756599195089721,0.7590000000000001,0.030066592756745846,0.7475389112290378,0.030491626300268748,0.7160147042160157,0.04207579649158329,0.6773809523809524,0.03614031611621006,0.8005476190476191,0.03349218949799513
220,79c8aeddd405,2026-07-30 22:58:55,True,0.767,0.023366642891095867,0.998,0.06084532737731933,0.013977813720703124,1.907623079315524e-07,2.9473949630073704e-06,150,4,0.18,1.0,1.0,1,0,0.6986718980073452,0.03133634760229661,0.767,0.023366642891095867,0.7558751193591406,0.024239915322590556,0.7289948902894487,0.03862911006189767,0.6878571428571428,0.0323967048518946,0.7998571428571428,0.02542377786100295
221,6c6f99e8805f,2026-07-30 22:59:00,True,0.7699999999999999,0.017888543819998333,0.99875,0.07770638465881348,0.018866634368896483,2.211959720397172e-07,3.4176137880514066e-06,150,4,0.19,1.0,1.0,1,0,0.6987790893440918,0.025603805027204996,0.7699999999999999,0.017888543819998333,0.7572518267123279,0.019360082626093726,0.7333083528102791,0.02829549373459102,0.6861904761904762,0.026272598522159463,0.8015714285714285,0.022643395416965844
222,649cb13ca20d,2026-07-30 22:59:06,True,0.76,0.016733200530681527,1.0,0.08850674629211426,0.01865730285644531,2.3796181576973078e-07,3.6766563835003014e-06,75,12,0.23,1.0,1.0,1,0,0.689803795993696,0.023097902695804695,0.76,0.016733200530681527,0.7487227989440262,0.017660120421990857,0.7168063265632083,0.026515100981606993,0.6790476190476191,0.02320176707634253,0.8045714285714286,0.02011173437101911
223,6ebddbc859bf,2026-07-30 22:59:11,True,0.7769999999999999,0.017492855684535916,1.0,0.07367210388183594,0.01709713935852051,2.3549845260514888e-07,3.638595907811615e-06,75,13,0.23,1.0,1.0,1,0,0.7094129428709667,0.028416700287185643,0.7769999999999999,0.017492855684535916,0.7653358354356963,0.020695718655467592,0.7418774786492809,0.02674841440803638,0.6969047619047618,0.029838947900208936,0.8063809523809524,0.02420078520492977
224,ef6800a4c060,2026-07-30 22:59:17,True,0.758,0.01860107523773829,0.9962499999999999,0.1326821804046631,0.020209836959838866,3.3602266487919933e-07,5.191756802798953e-06,150,7,0.06,1.0,1.0,1,0,0.6779717701129593,0.029096277287598702,0.758,0.01860107523773829,0.7420677334343304,0.021412953273993816,0.7169289106478642,0.0312941491902599,0.6661904761904761,0.028318323355059738,0.7967857142857143,0.02541949632960483
225,e93d48d0f17b,2026-07-30 22:59:22,True,0.805,0.02607680962081058,0.8394999999999999,0.054242610931396484,0.016839361190795897,1.7167409428471523e-07,2.6524703242486312e-06,100,5,0.05,1.0,1.0,1,0,0.7068065638284672,0.048306232931719185,0.805,0.02607680962081058,0.7746239342773837,0.03493767401795487,0.8545330488184824,0.039359128879054885,0.6845238095238095,0.040039662875386496,0.7892380952380952,0.03263291328518582
226,fbc5659863bc,2026-07-30 22:59:28,True,0.759,0.023748684174075857,1.0,0.18690242767333984,0.023177146911621094,4.7257303165376865e-07,7.30154393838228e-06,275,8,0.29,1.0,1.0,1,0,0.6921805560052772,0.02693022592192592,0.759,0.023748684174075857,0.7494245400433928,0.022653118138576175,0.7154434749200287,0.03284875452238066,0.6821428571428573,0.02606028246192788,0.7886666666666666,0.030315555080166232
227,7416401c7554,2026-07-30 22:59:34,True,0.772,0.019646882704388517,1.0,0.09237194061279297,0.018650579452514648,2.4292040798552824e-07,3.753269682421454e-06,75,14,0.25,1.0,1.0,1,0,0.7031380709502818,0.026111480962128165,0.772,0.019646882704388517,0.7602293169544144,0.020498368774887556,0.7349715016929891,0.02827778180389635,0.6904761904761905,0.025962208711493285,0.8063095238095238,0.025452703904583922
228,a47efa6ad1a6,2026-07-30 22:59:40,True,0.758,0.022715633383201116,1.0,0.16709842681884765,0.024968814849853516,3.912491137723585e-07,6.045039398598152e-06,150,13,0.24,1.0,1.0,1,0,0.6923788088075016,0.02491220683086576,0.758,0.022715633383201116,0.7489949704592991,0.02077743111490295,0.7160766293703118,0.03918863438575769,0.6833333333333333,0.02535462764185551,0.8025952380952381,0.022945192511949677
229,c87b923b303b,2026-07-30 22:59:45,True,0.775,0.014142135623730963,1.0,0.1065258502960205,0.01730337142944336,2.886297205705588e-07,4.459506669887494e-06,100,11,0.08,1.0,1.0,1,0,0.69776947189456,0.024994391878542892,0.775,0.014142135623730963,0.7587937660391814,0.017784946521253734,0.7443273838364611,0.020504840914082063,0.6830952380952381,0.02575833968818767,0.806547619047619,0.02381428523819044
230,82c7ff02be96,2026-07-30 22:59:52,True,0.7609999999999999,0.023537204591879662,1.0,0.3364821434020996,0.025013303756713866,7.14374612708828e-07,1.1037527056727753e-05,275,12,0.15,1.0,1.0,1,0,0.6924784594809325,0.03162029833043594,0.7609999999999999,0.023537204591879662,0.7504900455225193,0.025010812694966463,0.7168261243792355,0.035166581955562014,0.6816666666666666,0.030216527741499917,0.7994761904761905,0.026495261202961435
231,0f9439e6c6f4,2026-07-30 22:59:57,True,0.7689999999999999,0.03168595903550975,1.0,0.05349087715148926,0.016778278350830077,1.6758424961361997e-07,2.5892797091120505e-06,75,6,0.26,1.0,1.0,1,0,0.7020313345695802,0.03454281335081353,0.7689999999999999,0.03168595903550975,0.7584426293555342,0.029844592069589712,0.7330530704119373,0.05304446792327399,0.6892857142857143,0.030210898905832246,0.8027857142857144,0.024409418835587924
232,36ab990dfc8a,2026-07-30 23:00:03,True,0.765,0.01140175425099139,1.0,0.11156587600708008,0.01912245750427246,3.0750034621646436e-07,4.751069440230451e-06,150,11,0.3,1.0,1.0,1,0,0.7027532943550512,0.01956643430208124,0.765,0.01140175425099139,0.7570314558621506,0.013629968228512472,0.7215372322503144,0.01560623251484939,0.694047619047619,0.022550019985812516,0.8059285714285714,0.021295273234488408
233,b5b573e5e681,2026-07-30 23:00:08,True,0.76,0.01581138830084191,1.0,0.05883302688598633,0.016548633575439453,1.8099281531619367e-07,2.796450294546042e-06,75,7,0.15,1.0,1.0,1,0,0.6812287645531006,0.02770256240850827,0.76,0.01581138830084191,0.7444678561219263,0.019534514539159418,0.7197542236926127,0.02836116026145615,0.6695238095238094,0.027215858388921047,0.792047619047619,0.02717660808877524
234,7be35b5005b0,2026-07-30 23:00:14,True,0.763,0.01913112646970901,1.0,0.15972061157226564,0.021013498306274414,3.781788379080619e-07,5.8430955991901104e-06,200,8,0.3,1.0,1.0,1,0,0.6984182743823056,0.025196886474994764,0.763,0.01913112646970901,0.7541342980690675,0.01977156609451405,0.7196895976805485,0.02714304845627266,0.688809523809524,0.025914126458620564,0.788690476190476,0.027038437408727446
235,fe7bf167939b,2026-07-30 23:00:20,True,0.764,0.014628738838327807,1.0,0.2149202823638916,0.02164154052734375,5.218925357527603e-07,8.063560604754064e-06,225,8,0.08,1.0,1.0,1,0,0.6925031685945651,0.02082580912376996,0.764,0.014628738838327807,0.7516743023856189,0.015411503030949037,0.7241492774635944,0.024963093803628777,0.6809523809523809,0.02180879599534183,0.7993333333333332,0.02886099298533877
236,fad5bf9027bd,2026-07-30 23:00:25,True,0.769,0.015620499351813323,0.998,0.027292442321777344,0.014897775650024415,1.0958638465922922e-07,1.6931770309399603e-06,25,8,0.3,1.0,1.0,1,0,0.6964391027844339,0.024524651112635222,0.769,0.015620499351813323,0.7557227819530595,0.018097045252882693,0.7311853863499561,0.025059203721292125,0.6835714285714285,0.02447174315719925,0.7967857142857143,0.02103932178622902
237,b7c58b26f863,2026-07-30 23:00:30,True,0.77,0.02915475947422653,0.9897500000000001,0.023557615280151368,0.015985107421875,1.1242187948188408e-07,1.7369871695807927e-06,25,7,0.3,1.0,1.0,1,0,0.6941588030414617,0.03904656411799525,0.77,0.02915475947422653,0.7549669997910712,0.030784367995037847,0.7365079155065362,0.04604632703346471,0.6804761904761906,0.0370282113445161,0.801047619047619,0.031193511302709913
238,a73910fdc2a3,2026-07-30 23:00:35,True,0.7619999999999999,0.02293468988235945,1.0,0.07766079902648926,0.014896011352539063,2.3034304558284537e-07,3.558941699102616e-06,250,3,0.29,1.0,1.0,1,0,0.6967937902641181,0.029875845927641746,0.7619999999999999,0.02293468988235945,0.7529191539969748,0.023661169908666606,0.7188154806068585,0.035018066869310534,0.687142857142857,0.02956026934602464,0.7923333333333334,0.026669068769361714
239,5fe48ebe3763,2026-07-30 23:00:41,True,0.766,0.02059126028197402,1.0,0.08432698249816895,0.017483234405517578,2.2634578459905346e-07,3.497181558867358e-06,75,11,0.24,1.0,1.0,1,0,0.6972945533316457,0.028003125160430804,0.766,0.02059126028197402,0.7548296430158088,0.021656952200765224,0.7258846305124214,0.029269288776266156,0.6861904761904762,0.028107342025473728,0.7964523809523809,0.0263282523299269
240,5e274e445cfb,2026-07-30 23:00:46,True,0.8100000000000002,0.024083189157584565,0.8099999999999999,0.055206584930419925,0.01740741729736328,1.7159488491504752e-07,2.651246490779048e-06,125,4,0.02,1.0,1.0,1,0,0.7061750735401464,0.04882752473288025,0.8100000000000002,0.024083189157584565,0.7759877201783404,0.034665492077833135,0.8935504960528251,0.01079656058201379,0.6833333333333332,0.040138648595974345,0.7967261904761905,0.04078730225135405
241,6aca3e1946a5,2026-07-30 23:00:51,True,0.762,0.019646882704388517,1.0,0.05194592475891113,0.016384363174438477,1.8021963240749918e-07,2.7845041431533507e-06,50,10,0.2,1.0,1.0,1,0,0.6861489957695908,0.027392015173180417,0.762,0.019646882704388517,0.7477647374548471,0.021080285944004462,0.7219317009685564,0.03202010090374321,0.6738095238095239,0.025962208711493275,0.7997619047619047,0.02927942247550087
242,e64b0d0a08f7,2026-07-30 23:00:56,True,0.76,0.015165750888103116,0.99,0.06628942489624023,0.01822361946105957,1.9448537515317717e-07,3.0049186410071777e-06,175,3,0.2,1.0,1.0,1,0,0.6874264534894245,0.019847380569731343,0.76,0.015165750888103116,0.7475357614397978,0.01512549487863911,0.7184746204077206,0.027102228221833214,0.6761904761904762,0.0207430014424995,0.7991666666666666,0.019393730431388173
243,38af24430d35,2026-07-30 23:01:04,True,0.772,0.02135415650406264,1.0,0.5255512714385986,0.026797151565551756,1.0706800002440072e-06,1.6542664397016114e-05,275,13,0.03,1.0,1.0,1,0,0.695407135903045,0.030817044955386418,0.772,0.02135415650406264,0.756441283845234,0.023692159342362327,0.7385855425475455,0.033697757397282424,0.680952380952381,0.028847869011163735,0.8055714285714286,0.026990214066005467
244,c22c2c0c4edf,2026-07-30 23:01:09,True,0.76,0.012649110640673528,0.9957499999999999,0.06345863342285156,0.016197824478149415,2.0570041032266876e-07,3.178197830837333e-06,200,3,0.21,1.0,1.0,1,0,0.6894495045009782,0.02201849474780871,0.76,0.012649110640673528,0.748528925841512,0.015408575340359507,0.7161683583205221,0.018386329187727476,0.6790476190476191,0.023923536546819932,0.7986190476190476,0.02013962036360226
245,de4af8778592,2026-07-30 23:01:16,True,0.784,0.028705400188814643,1.0,0.2911256790161133,0.022106075286865236,6.267602382970442e-07,9.683831095358956e-06,150,15,0.03,1.0,1.0,1,0,0.70416211214482,0.042186215675173985,0.784,0.028705400188814643,0.7656029679757366,0.032514808701825076,0.7632540945095221,0.046285859385132355,0.6866666666666668,0.03781444132588919,0.8086666666666668,0.028592789633885323
246,4a386ab54257,2026-07-30 23:01:21,True,0.8,0.019999999999999976,0.83575,0.028553056716918945,0.014974880218505859,1.1960645040546926e-07,1.847993208358339e-06,75,3,0.12,1.0,1.0,1,0,0.7041183791801631,0.038881518432180885,0.8,0.019999999999999976,0.771436433961876,0.027711328460160042,0.832057144524412,0.02716427161530594,0.6828571428571429,0.03348265872618469,0.7895833333333334,0.02599630402825084
247,43383e12e58b,2026-07-30 23:01:26,True,0.7529999999999999,0.019646882704388517,1.0,0.1308593273162842,0.01728358268737793,3.4317569161174823e-07,5.3022754644275195e-06,275,5,0.26,1.0,1.0,1,0,0.6881570398737765,0.029455579767692947,0.7529999999999999,0.019646882704388517,0.7448999322595267,0.022063559174255128,0.7045896155520506,0.02478270328717372,0.6807142857142857,0.03136537658107365,0.791452380952381,0.02638643144065401
248,f8ef703e01ca,2026-07-30 23:01:32,True,0.808,0.025019992006393578,0.82,0.08481669425964355,0.01918764114379883,2.3371436352912313e-07,3.6110306344971323e-06,125,6,0.02,1.0,1.0,1,0,0.707551859359799,0.04872947502119793,0.808,0.025019992006393578,0.77606279918215,0.034900227193371255,0.8714814777172097,0.024645895887094968,0.6847619047619047,0.04026133451202707,0.7840238095238095,0.0342448624016367
249,b5bdfd29954b,2026-07-30 23:01:38,True,0.768,0.023366642891095867,1.0,0.20343785285949706,0.02282099723815918,4.6747424466789504e-07,7.2227645440534815e-06,225,9,0.27,1.0,1.0,1,0,0.7040525962121078,0.030555918627919457,0.768,0.023366642891095867,0.7589085757191812,0.02400623045240316,0.7279977526217417,0.034026486553747154,0.6942857142857143,0.03204482404849992,0.8009285714285715,0.02460232461409353
250,3defebd3f8e2,2026-07-30 23:01:43,True,0.77,0.015165750888103116,1.0,0.08489575386047363,0.015700340270996094,2.436105119807638e-07,3.763932213513489e-06,125,8,0.28,1.0,1.0,1,0,0.7018608327016448,0.02220854849611724,0.77,0.015165750888103116,0.7587662851980472,0.016557208662036745,0.7315293681710795,0.02418160527057816,0.6900000000000001,0.023384298082803297,0.8001190476190476,0.022398043119900148
251,528cd7de71ee,2026-07-30 23:01:49,True,0.752,0.012884098726725137,1.0,0.14008994102478028,0.02118091583251953,3.4788669301967064e-07,5.375063333115989e-06,150,9,0.29,1.0,1.0,1,0,0.6833484239026234,0.019041220610653314,0.752,0.012884098726725137,0.742232032748619,0.014067321944354845,0.7039914833415553,0.018312758080211253,0.6742857142857143,0.020323349840831686,0.7912380952380953,0.021710003754917856
252,45be91e93b63,2026-07-30 23:01:55,True,0.77,0.024494897427831803,1.0,0.08257923126220704,0.018245601654052736,2.222012343168354e-07,3.4331457083988085e-06,75,10,0.23,1.0,1.0,1,0,0.7022966110533593,0.028879979604772506,0.77,0.024494897427831803,0.7589768509287916,0.023849913321648313,0.7333027455916097,0.04077169334221274,0.6900000000000001,0.027577966162990977,0.7993809523809523,0.023285836010977994
253,0b461c96fe1e,2026-07-30 23:02:01,True,0.774,0.022226110770892888,1.0,0.3516291618347168,0.024065780639648437,8.256007775897598e-07,1.2756039700443058e-05,300,9,0.03,1.0,1.0,1,0,0.6999714995340787,0.03323737638701369,0.774,0.022226110770892888,0.7594696564572672,0.025058435145502315,0.7413384578269814,0.03654021790474937,0.6861904761904762,0.032511989764670665,0.8015714285714285,0.025921388221832146
254,f452ee48e910,2026-07-30 23:02:07,True,0.805,0.028809720581775847,0.82825,0.025084829330444335,0.015892791748046874,1.0913041025477114e-07,1.6861319459987454e-06,50,4,0.11,1.0,1.0,1,0,0.7079521273320564,0.05122613920659412,0.805,0.028809720581775847,0.7752524177238855,0.037478265069729774,0.8498075880115253,0.04454566919023656,0.6854761904761905,0.04244110231288626,0.7822142857142855,0.030210837921036775
255,70188c9eec57,2026-07-30 23:02:12,True,0.781,0.022226110770892857,1.0,0.10538148880004883,0.018629980087280274,2.766643511925749e-07,4.274634355133121e-06,75,14,0.15,1.0,1.0,1,0,0.7075223174748717,0.033247040925823444,0.781,0.022226110770892857,0.7660943912293494,0.02526452473931139,0.7522526983419984,0.033642306949448045,0.6921428571428571,0.032546843966108206,0.8036904761904762,0.024775980431644015
256,dffedc35a930,2026-07-30 23:02:18,True,0.77,0.01341640786499875,1.0,0.2630345344543457,0.02239217758178711,6.323784942148589e-07,9.77063660412327e-06,250,9,0.09,1.0,1.0,1,0,0.6996366242538024,0.01997330191254123,0.77,0.01341640786499875,0.7576708342487036,0.014596277297848369,0.7330876703151255,0.025145696044919626,0.6871428571428572,0.02065261756400136,0.8008571428571429,0.028291225212710047
257,b16e943a5dcf,2026-07-30 23:02:25,True,0.767,0.017204650534085267,1.0,0.22547321319580077,0.022291278839111327,5.091447178356485e-07,7.86659897891909e-06,225,15,0.24,1.0,1.0,1,0,0.7026404207168573,0.026352880506250596,0.767,0.017204650534085267,0.7578933094012402,0.019706401563267913,0.7240457573002883,0.02197317549988393,0.6926190476190477,0.02770921243043078,0.8031190476190476,0.022928385995393152
258,7aff960f3309,2026-07-30 23:02:30,True,0.8100000000000002,0.024083189157584565,0.8099999999999999,0.017215871810913087,0.016591548919677734,1.0007584990831325e-07,1.5462334207252307e-06,25,5,0.03,1.0,1.0,1,0,0.7061750735401464,0.04882752473288025,0.8100000000000002,0.024083189157584565,0.7759877201783404,0.034665492077833135,0.8935504960528251,0.01079656058201379,0.6833333333333332,0.040138648595974345,0.7961904761904762,0.03772926890924741
259,31681adc28f3,2026-07-30 23:02:35,True,0.751,0.009695359714832668,0.9974999999999999,0.0939986228942871,0.017614078521728516,2.5957945800068074e-07,4.010662249305088e-06,250,3,0.2,1.0,1.0,1,0,0.6814885405714237,0.012618094897940546,0.751,0.009695359714832668,0.740839146335136,0.008529974972893099,0.7042836298039028,0.017391672961120506,0.6726190476190477,0.015338212769910847,0.7950714285714285,0.02349357030774566
260,cd127f621543,2026-07-30 23:02:42,True,0.7790000000000001,0.021540659228538032,1.0,0.4217650890350342,0.02439284324645996,8.766995270768387e-07,1.3545546802172148e-05,200,15,0.03,1.0,1.0,1,0,0.6991820970514511,0.03375148206631248,0.7790000000000001,0.021540659228538032,0.7611004463739668,0.025301678532318798,0.7537319645983619,0.03421646125974994,0.6830952380952381,0.03146462578415579,0.8086190476190476,0.02869522782229204
261,a840b255993c,2026-07-30 23:02:49,True,0.758,0.019390719429665332,1.0,0.28070578575134275,0.024857139587402342,6.114290176341357e-07,9.446954308489586e-06,275,7,0.08,1.0,1.0,1,0,0.6852448982130255,0.024207167109371746,0.758,0.019390719429665332,0.7455653442022232,0.018788586892054027,0.717025082403117,0.03180542699775918,0.6747619047619049,0.025448360411214097,0.7994047619047618,0.027191059955371345
262,6594796af8f5,2026-07-30 23:02:56,True,0.763,0.011224972160321832,1.0,0.39163622856140134,0.026482248306274415,7.507548163370814e-07,1.1599623574062668e-05,225,9,0.3,1.0,1.0,1,0,0.6979880086200904,0.016668126904531875,0.763,0.011224972160321832,0.7539925268679019,0.012515241080382529,0.7185434777575891,0.015019681501424596,0.6878571428571428,0.017519021084902053,0.7898333333333334,0.027583371868357884
263,1b97e891a583,2026-07-30 23:03:02,True,0.776,0.018275666882497082,1.0,0.20073838233947755,0.024329137802124024,4.289665847559033e-07,6.6277975188981285e-06,100,12,0.1,1.0,1.0,1,0,0.6978248961937099,0.03145043939672892,0.776,0.018275666882497082,0.759230454340342,0.022879418244431408,0.7456871658780341,0.024428625379607615,0.6828571428571429,0.030235282958836495,0.806595238095238,0.02546334789786689
264,f1a277b02c04,2026-07-30 23:03:07,True,0.787,0.018867962264113188,0.9629999999999999,0.05571050643920898,0.01942453384399414,1.8064884262159338e-07,2.7911357048953407e-06,50,10,0.06,1.0,1.0,1,0,0.7012190787326348,0.03299665040298216,0.787,0.018867962264113188,0.7651691954935245,0.02386721208876849,0.7783765890045082,0.028464132458568114,0.6830952380952381,0.029969750433446823,0.8024047619047618,0.031541949176027914
265,e164c7c2f22a,2026-07-30 23:03:13,True,0.7609999999999999,0.018275666882497082,1.0,0.1319333553314209,0.017973661422729492,3.544117857094739e-07,5.475880027648658e-06,300,4,0.18,1.0,1.0,1,0,0.6941757766780468,0.02413438405366167,0.7609999999999999,0.018275666882497082,0.7511977303328982,0.018556083403177187,0.7185900750993168,0.029668878763550184,0.6845238095238095,0.02567678040865319,0.7949047619047619,0.02764627147610713
266,e4564afb9f14,2026-07-30 23:03:19,True,0.7750000000000001,0.01140175425099139,1.0,0.2325559139251709,0.026883029937744142,5.293367713397339e-07,8.178578622256552e-06,150,11,0.08,1.0,1.0,1,0,0.700203096346628,0.022908639790033013,0.7750000000000001,0.01140175425099139,0.7600208852039674,0.01576160005311352,0.7420957715031966,0.014572345708037315,0.6859523809523809,0.024133509977930605,0.8053095238095238,0.02348777845947659
267,1a930c77b957,2026-07-30 23:03:25,True,0.772,0.01720465053408527,0.9635,0.07485466003417969,0.01611981391906738,2.0208908043030918e-07,3.122400563285308e-06,200,3,0.12,1.0,1.0,1,0,0.6963701500566489,0.02865791757352065,0.772,0.01720465053408527,0.7568480078178019,0.02065292142521344,0.7388751428385574,0.03077999072984459,0.6828571428571429,0.028547609118708316,0.7940238095238095,0.019649190898045787
268,5ad519212ec4,2026-07-30 23:03:30,True,0.78,0.02073644135332774,0.97,0.03603048324584961,0.016286516189575197,1.4472564395537452e-07,2.2361001952499163e-06,50,7,0.13,1.0,1.0,1,0,0.6952061480272199,0.03328579120986036,0.78,0.02073644135332774,0.7593597703288026,0.02427632566632227,0.7660922812059493,0.048569988791940036,0.679047619047619,0.03137621902303409,0.795142857142857,0.03061125206250906
269,11b974d08abe,2026-07-30 23:03:35,True,0.7550000000000001,0.012649110640673528,1.0,0.06627397537231446,0.01770305633544922,1.9777452477425164e-07,3.0557380252495355e-06,75,8,0.21,1.0,1.0,1,0,0.6785234846525744,0.022423617516029858,0.7550000000000001,0.012649110640673528,0.7410979101499889,0.015447780006173776,0.7107301244499048,0.020327008232391714,0.6678571428571429,0.023084189797220614,0.7949523809523809,0.02389705339571663
270,06fcf6242119,2026-07-30 23:03:40,True,0.775,0.020976176963403047,1.0,0.1087423324584961,0.019913387298583985,2.78742454422393e-07,4.306742327921818e-06,75,15,0.18,1.0,1.0,1,0,0.7038287346708272,0.026730805251937596,0.775,0.020976176963403047,0.7618084057683031,0.02129879321003556,0.7427230275127872,0.038310668243599376,0.6897619047619047,0.025528428864152793,0.8065,0.020400274552418662
271,3e1104672dc4,2026-07-30 23:03:46,True,0.783,0.016000000000000014,0.9747499999999999,0.061348342895507814,0.017446231842041016,1.9645669542928967e-07,3.0353767514970815e-06,50,11,0.05,1.0,1.0,1,0,0.6930739031585342,0.0336101700829767,0.783,0.016000000000000014,0.7593882012954208,0.023026714152210092,0.7754161497019398,0.024841994507307605,0.6764285714285714,0.030845970934669842,0.8051666666666666,0.027715308441283185
272,128e9a860416,2026-07-30 23:03:52,True,0.756,0.017720045146669368,1.0,0.2543188095092773,0.022909832000732423,5.595097455552198e-07,8.644769628152665e-06,300,6,0.12,1.0,1.0,1,0,0.6870368331869059,0.01801506973189756,0.756,0.017720045146669368,0.7456286152224954,0.015207128696582854,0.7133112158138087,0.03342697458329959,0.677142857142857,0.017807868525062068,0.7942619047619048,0.02607978774450026
273,384d80aa7db9,2026-07-30 23:03:59,True,0.764,0.015937377450509244,1.0,0.3705577373504639,0.02460193634033203,7.864501088557324e-07,1.2151137793581844e-05,275,11,0.09,1.0,1.0,1,0,0.6945871805877548,0.021356018347174984,0.764,0.015937377450509244,0.7527850376278427,0.01682109831288361,0.7215691110647234,0.023040274336146267,0.6828571428571429,0.020710180217126353,0.801952380952381,0.023205505054891797
274,c2c1487bb1f3,2026-07-30 23:04:06,True,0.776,0.017720045146669368,1.0,0.3129907131195068,0.024967241287231445,7.388987259333779e-07,1.1416439686659847e-05,250,12,0.05,1.0,1.0,1,0,0.7034705098235329,0.028725955547251998,0.776,0.017720045146669368,0.7620351205066405,0.021084410806321424,0.742862301210519,0.028742644546624074,0.6895238095238095,0.028723800050522625,0.806904761904762,0.023642869131536785
275,05881f1c9834,2026-07-30 23:04:11,True,0.796,0.020591260281973965,0.8607499999999998,0.020569992065429688,0.014967632293701173,9.839108319349153e-08,1.5202027389676492e-06,50,3,0.21,1.0,1.0,1,0,0.7068719521706194,0.038271694761842945,0.796,0.020591260281973965,0.7714433737070087,0.027416453709940076,0.8063175537500241,0.030189157671573222,0.6866666666666668,0.03318333598130354,0.7894166666666667,0.024307424936209906
276,487d93769b22,2026-07-30 23:04:17,True,0.766,0.018275666882497082,1.0,0.22499914169311525,0.02268056869506836,4.976892585152094e-07,7.689605088112774e-06,200,13,0.18,1.0,1.0,1,0,0.698307842107915,0.025749417781634445,0.766,0.018275666882497082,0.7553898872029123,0.019804690333282693,0.7243242886794361,0.025399499107254662,0.6871428571428572,0.025966575410491723,0.8034761904761905,0.024927832344526543
277,2b9fcafc265e,2026-07-30 23:04:23,True,0.772,0.019390719429665335,1.0,0.27873830795288085,0.024078845977783203,6.797880675393805e-07,1.0503143665555771e-05,275,9,0.1,1.0,1.0,1,0,0.7079841214858918,0.026723992905947028,0.772,0.019390719429665335,0.7625527014141582,0.020612017651317455,0.7329481057037699,0.027537606911807476,0.6971428571428572,0.02716373466086033,0.7994761904761905,0.028611539305075786
278,ae3c163df3e0,2026-07-30 23:04:30,True,0.7689999999999999,0.01593737745050924,1.0,0.22421350479125976,0.02180619239807129,5.035495198982992e-07,7.780149730132008e-06,200,9,0.16,1.0,1.0,1,0,0.698816648147629,0.024087180073443057,0.7689999999999999,0.01593737745050924,0.7568984303528744,0.018060567452276754,0.7297028219366033,0.022216003803217872,0.6864285714285714,0.024288048440584003,0.7978095238095239,0.03204337338324068
279,8686cfb0d15f,2026-07-30 23:04:36,True,0.773,0.018867962264113223,1.0,0.21290092468261718,0.02333693504333496,4.938859408414935e-07,7.63084149127975e-06,150,14,0.11,1.0,1.0,1,0,0.7004856134517131,0.03224234190312966,0.773,0.018867962264113223,0.7593538962534179,0.02346275876055341,0.7362463977505815,0.02570714992550883,0.6873809523809524,0.03243343086449109,0.8064285714285713,0.023335033951631837
280,6ac6ff559a74,2026-07-30 23:04:42,True,0.773,0.015684387141358135,1.0,0.30567293167114257,0.025153207778930663,7.266215155724077e-07,1.1226749236957963e-05,225,11,0.04,1.0,1.0,1,0,0.6965166267511324,0.029525478267463497,0.773,0.015684387141358135,0.7573853030247341,0.02092850946964101,0.7384142096251992,0.018270753524625875,0.6826190476190476,0.030384907937749096,0.8019999999999999,0.025339352131416228
281,29f401bac4a0,2026-07-30 23:04:48,True,0.767,0.026570660511172867,1.0,0.14087142944335937,0.019012308120727538,3.4349327292914943e-07,5.3071822910716454e-06,125,10,0.08,1.0,1.0,1,0,0.6934227930224784,0.034354295459275756,0.767,0.026570660511172867,0.7534390429512763,0.02758272908320021,0.7289520377930694,0.03977363622091683,0.6802380952380952,0.032459638289941466,0.8075238095238095,0.026482720160893206
282,586a0358738e,2026-07-30 23:04:54,True,0.7729999999999999,0.022494443758404006,1.0,0.23740296363830565,0.02370929718017578,5.306980995374858e-07,8.199611980033358e-06,175,12,0.14,1.0,1.0,1,0,0.7045524655049941,0.03296548992190462,0.7729999999999999,0.022494443758404006,0.7613589358080685,0.02519288749084134,0.7349601303994295,0.03098733617668329,0.6921428571428571,0.033013774353323394,0.8035238095238096,0.023965394552446284
283,44b861a306c1,2026-07-30 23:05:00,True,0.775,0.0286356421265527,1.0,0.19370570182800292,0.021078777313232423,4.4544809985497583e-07,6.882447062156781e-06,100,15,0.06,1.0,1.0,1,0,0.6947144658729004,0.040715948140323935,0.775,0.0286356421265527,0.7572611932228075,0.03156008954022253,0.7475371667861245,0.04774429617729817,0.6792857142857143,0.037310367085617004,0.8015238095238095,0.024463216869247562
284,438f404b2dc0,2026-07-30 23:05:06,True,0.8080000000000002,0.025019992006393585,0.8135,0.08079686164855956,0.02121310234069824,2.3692047550136874e-07,3.660567036002743e-06,200,3,0.03,1.0,1.0,1,0,0.7042438960486475,0.04959498835600151,0.8080000000000002,0.025019992006393585,0.7742647777311886,0.03538351583531844,0.8835803954933248,0.019480926412210536,0.6819047619047618,0.04076507553310746,0.7822857142857143,0.03375474687370556
285,b96cce323cd6,2026-07-30 23:05:13,True,0.791,0.02083266665599964,0.95325,0.30703005790710447,0.024237823486328126,6.791497344990702e-07,1.0493281027552845e-05,250,8,0.02,1.0,1.0,1,0,0.7060760099610082,0.038261321597569176,0.791,0.02083266665599964,0.7691452531823518,0.02726057805834408,0.7880646296689335,0.038466251045506356,0.6878571428571428,0.03569364482900478,0.7931666666666668,0.0282768143766676
286,1bc57774629d,2026-07-30 23:05:19,True,0.799,0.02083266665599964,0.8907499999999999,0.1910092353820801,0.020732879638671875,4.5919094384157885e-07,7.0947824526367686e-06,125,11,0.01,1.0,1.0,1,0,0.6996465886381624,0.04217302780708991,0.799,0.02083266665599964,0.7686645665789308,0.02972462747617566,0.8385364692264285,0.03350784053151914,0.6792857142857143,0.035877405265943935,0.8076190476190476,0.029905463291744545
287,086aeda44140,2026-07-30 23:05:25,True,0.766,0.02200000000000002,1.0,0.27602062225341795,0.024540424346923828,6.105817748670738e-07,9.433863886743492e-06,300,8,0.25,1.0,1.0,1,0,0.6967695883037843,0.029991471583704896,0.766,0.02200000000000002,0.7546286994193563,0.02337618952317441,0.7256046291964671,0.0341024586546572,0.6852380952380953,0.02977237910922016,0.7879999999999999,0.027127543717003107
288,8347f9f958a3,2026-07-30 23:05:30,True,0.7860000000000001,0.02557342370508884,1.0,0.036220359802246097,0.016041278839111328,1.318096641855477e-07,2.036540365382728e-06,25,12,0.18,1.0,1.0,1,0,0.7121209406446538,0.03836899144505528,0.7860000000000001,0.02557342370508884,0.7703700833527867,0.029155658259079155,0.7627206955802424,0.043141367639913594,0.6957142857142857,0.03605079560766418,0.8056190476190477,0.025199476293014018
289,c7a4b7543f8a,2026-07-30 23:05:36,True,0.7659999999999999,0.034263683398023624,1.0,0.15492830276489258,0.020830917358398437,4.0104812084583023e-07,6.196440083586652e-06,175,11,0.15,1.0,1.0,1,0,0.6964814256251219,0.04223478840644922,0.7659999999999999,0.034263683398023624,0.754501742617024,0.03462144259735784,0.7269618747034886,0.05144070355624122,0.6842857142857142,0.03959402827232829,0.8059047619047618,0.02260295166645898
290,ed0cd70f5c15,2026-07-30 23:05:42,True,0.7589999999999999,0.016552945357246864,1.0,0.14322481155395508,0.019524288177490235,3.421058665599205e-07,5.285746009509268e-06,175,8,0.26,1.0,1.0,1,0,0.6903497860867274,0.022029934104214513,0.7589999999999999,0.016552945357246864,0.7485437609060248,0.016938638045958316,0.7153372717121758,0.026248642824512853,0.6802380952380952,0.022670367845081207,0.7935238095238095,0.02699433047050847
291,acf749949a79,2026-07-30 23:05:48,True,0.764,0.022671568097509285,1.0,0.29361515045166015,0.024145841598510742,6.33773441277622e-07,9.79218939403775e-06,250,11,0.13,1.0,1.0,1,0,0.6942798883117721,0.03176592656285698,0.764,0.022671568097509285,0.7526234162277025,0.02474374482993545,0.7210720540646071,0.030272558112408494,0.6828571428571429,0.03128575052545557,0.799357142857143,0.023880916773462515
292,d036cb11dc23,2026-07-30 23:05:54,True,0.762,0.021587033144922923,1.0,0.1840651035308838,0.021526336669921875,4.828928757837735e-07,7.460991876172545e-06,300,8,0.26,1.0,1.0,1,0,0.6956410102699696,0.026332892458103677,0.762,0.021587033144922923,0.7524009195393917,0.021497090330034153,0.7188168884757483,0.03099957193321365,0.6852380952380952,0.02562816265533752,0.7908809523809524,0.02633602414565369
293,d640849e0a2f,2026-07-30 23:06:01,True,0.772,0.014696938456699083,1.0,0.22117762565612792,0.024369239807128906,4.990663066623546e-07,7.710881328774377e-06,150,12,0.11,1.0,1.0,1,0,0.7015619476912074,0.02171928020629689,0.772,0.014696938456699083,0.7594615080362567,0.01621409765795358,0.7355058953289216,0.02215942271898551,0.6885714285714286,0.02220293947976142,0.8020476190476191,0.023853459462825754
294,25f1aa461053,2026-07-30 23:06:07,True,0.766,0.016552945357246864,1.0,0.24797258377075196,0.023828887939453126,5.658430227831997e-07,8.742622655847083e-06,225,11,0.18,1.0,1.0,1,0,0.6979711593813425,0.014261738839433656,0.766,0.016552945357246864,0.7551805354342097,0.013325485104355217,0.7273184040872165,0.028550465125301943,0.6861904761904762,0.013010548659346928,0.7906190476190476,0.023982041656111452
295,77bf7c0bb9f3,2026-07-30 23:06:14,True,0.758,0.018601075237738292,1.0,0.4652709484100342,0.029204320907592774,8.284098104945653e-07,1.2799440986180892e-05,150,8,0.22,1.0,1.0,1,0,0.6901825958275577,0.021589503346635196,0.758,0.018601075237738292,0.7479959394396605,0.01742582841745002,0.7150638191224059,0.03039691857838319,0.6804761904761906,0.022317539343715245,0.800357142857143,0.026629651180506773
296,eb0e9f3569f1,2026-07-30 23:06:21,True,0.773,0.024207436873820428,1.0,0.33554391860961913,0.025205516815185548,7.108119359230645e-07,1.0982481509590891e-05,250,10,0.09,1.0,1.0,1,0,0.7056950130816678,0.031877866623828056,0.773,0.024207436873820428,0.7619344809886688,0.02542305232678903,0.7348721469631802,0.03312092741158888,0.693095238095238,0.03132920800748747,0.8038571428571428,0.025859883218814075
297,c6bfad82ebbe,2026-07-30 23:06:28,True,0.759,0.019339079605813735,1.0,0.25316805839538575,0.02345428466796875,5.479170670691295e-07,8.465655616856856e-06,225,13,0.24,1.0,1.0,1,0,0.6943887784522833,0.023257915617277514,0.759,0.019339079605813735,0.7503752370706926,0.018348687769595185,0.7164338472331319,0.03213108763271255,0.6859523809523811,0.02592287531992947,0.8004047619047618,0.024879140968465902
298,730205bccce7,2026-07-30 23:06:39,True,0.7849999999999999,0.026645825188948456,1.0,1.0973642349243165,0.0501131534576416,1.8447164395443755e-06,2.8502003362429837e-05,250,14,0.04,1.0,1.0,1,0,0.7093884985658857,0.037129165365664026,0.7849999999999999,0.026645825188948456,0.7686462170183181,0.029094793015489197,0.7620001668337955,0.04230820336589148,0.6921428571428571,0.03407840765764631,0.8091666666666667,0.02217649774320087
299,786e0e207cc7,2026-07-30 23:06:45,True,0.7689999999999999,0.011135528725660053,1.0,0.23539886474609376,0.03513469696044922,4.495621148515289e-07,6.946011123684743e-06,175,5,0.14,1.0,1.0,1,0,0.6971891870141481,0.013249603446405252,0.7689999999999999,0.011135528725660053,0.7560185636375867,0.009603797196352444,0.7339423863579293,0.024761800203655152,0.6845238095238095,0.014245976477763397,0.792404761904762,0.027763313694542758
300,7201c64179a8,2026-07-30 23:06:52,True,0.76,0.01923538406167136,1.0,0.22224512100219726,0.023508358001708984,4.882973477000665e-07,7.5444942906511555e-06,300,5,0.17,1.0,1.0,1,0,0.6907766030025897,0.015772219510635965,0.76,0.01923538406167136,0.7490905037877796,0.014788380522644468,0.7215311068400125,0.04053906433951579,0.68,0.014510141890659594,0.7946190476190477,0.02864448991902438
301,4c14a5e38b34,2026-07-30 23:06:57,True,0.775,0.012247448713915901,0.99975,0.10289940834045411,0.019632482528686525,2.607828094607187e-07,4.02925476933958e-06,150,5,0.15,1.0,1.0,1,0,0.7042129963906816,0.01894960465068275,0.775,0.012247448713915901,0.7619744293921207,0.01353579699073003,0.7419049597458965,0.024020753849689745,0.6907142857142856,0.02033450425980587,0.8054523809523809,0.02435138180716584
302,d699df00991b,2026-07-30 23:07:03,True,0.7780000000000001,0.01913112646970901,0.9865,0.07014937400817871,0.017754030227661134,1.973896074490243e-07,3.049790815877564e-06,100,6,0.09,1.0,1.0,1,0,0.6960794526982543,0.03833854369855059,0.7780000000000001,0.01913112646970901,0.7590453509773347,0.02669681338401395,0.7530145900137063,0.02661449488279415,0.6814285714285715,0.03664346823340193,0.7956904761904762,0.025716093410886924
303,4eba2949ac11,2026-07-30 23:07:09,True,0.7729999999999999,0.015033296378372923,1.0,0.21136598587036132,0.02117776870727539,5.09540405588883e-07,7.872712598026833e-06,300,6,0.23,1.0,1.0,1,0,0.7044578938118796,0.022172144687963476,0.7729999999999999,0.015033296378372923,0.7612518242814642,0.016317560351550183,0.7371913641155698,0.02517407093291747,0.6921428571428573,0.024171064577543772,0.793404761904762,0.03240191898239205
304,b16e943a5dcf,2026-07-30 23:07:15,True,0.767,0.017204650534085267,1.0,0.2507223129272461,0.025810384750366212,5.706326498323653e-07,8.816625339042025e-06,225,15,0.24,1.0,1.0,1,0,0.7026404207168573,0.026352880506250596,0.767,0.017204650534085267,0.7578933094012402,0.019706401563267913,0.7240457573002883,0.02197317549988393,0.6926190476190477,0.02770921243043078,0.8031190476190476,0.022928385995393152
305,314ddad96ab6,2026-07-30 23:07:21,True,0.765,0.02073644135332774,1.0,0.1622063159942627,0.021448326110839844,3.710908543885294e-07,5.733581895199669e-06,175,8,0.25,1.0,1.0,1,0,0.6958685569949441,0.028134543001627533,0.765,0.02073644135332774,0.7537675193860881,0.021920322097804725,0.7239729103821982,0.03145108556130455,0.6845238095238095,0.028040705753213893,0.7901904761904761,0.026639824926392445
306,4c656ff00a07,2026-07-30 23:07:27,True,0.7569999999999999,0.018601075237738292,1.0,0.13639626502990723,0.019776058197021485,3.689798515641773e-07,5.7009656034444754e-06,300,4,0.12,1.0,1.0,1,0,0.68412173477919,0.017070277277577737,0.7569999999999999,0.018601075237738292,0.7446182243313918,0.015182454469522625,0.7160267712548217,0.031253353511598865,0.6730952380952381,0.016471648148979015,0.7942380952380953,0.028701647696584707
307,67067fd341ad,2026-07-30 23:07:33,True,0.765,0.017888543819998333,1.0,0.17911934852600098,0.020986413955688475,3.792098478350255e-07,5.859025336560626e-06,100,11,0.09,1.0,1.0,1,0,0.6887711020167949,0.02949670514717523,0.765,0.017888543819998333,0.7503300218782715,0.021759413955590945,0.7247937954240122,0.025821305374901925,0.675952380952381,0.02823612777214019,0.8052619047619048,0.021203233185192957
308,963b23f03458,2026-07-30 23:07:38,True,0.768,0.018601075237738292,0.9567499999999999,0.03836979866027832,0.015354681015014648,1.3810272567217714e-07,2.133772035143416e-06,100,3,0.22,1.0,1.0,1,0,0.68744525243645,0.034292236227442985,0.768,0.018601075237738292,0.7507993439975464,0.024374802364793145,0.7324319198384789,0.025210578581644664,0.6742857142857144,0.033082388735465394,0.7948571428571428,0.02047361556346025
309,626b77182a6f,2026-07-30 23:07:44,True,0.761,0.016552945357246864,1.0,0.1573758602142334,0.02149209976196289,3.9010667511484734e-07,6.027388018819808e-06,175,8,0.23,1.0,1.0,1,0,0.6955530159972743,0.016033196448079583,0.761,0.016552945357246864,0.7519033040608054,0.01420602204381146,0.7183493969864706,0.027368283044674785,0.6854761904761905,0.015345602899354277,0.7894761904761906,0.021643970320788304
310,89bc978c10da,2026-07-30 23:07:50,True,0.765,0.016431676725154998,1.0,0.17115063667297364,0.023874568939208984,4.00869659268803e-07,6.193682742480205e-06,225,5,0.14,1.0,1.0,1,0,0.6959671031644501,0.021418913316288903,0.765,0.016431676725154998,0.7538117420647541,0.016707238156890375,0.7243480965487864,0.025545488875526465,0.6845238095238095,0.021652271513123152,0.7918095238095239,0.029487439195270675
311,38157fdecdf5,2026-07-30 23:07:56,True,0.762,0.02357965224510321,1.0,0.13316359519958496,0.021204710006713867,3.255665389510826e-07,5.030203227424094e-06,150,7,0.21,1.0,1.0,1,0,0.6934243624530246,0.028286238536072986,0.762,0.02357965224510321,0.7513207200458304,0.02323242904340896,0.7200778428971428,0.034437463256454165,0.6823809523809524,0.027025644997452795,0.7922857142857144,0.028326669884710574
312,8a4df84afe93,2026-07-30 23:08:01,True,0.757,0.012083045973594584,1.0,0.06529231071472168,0.01606755256652832,1.9411545572400146e-07,2.9992031583518607e-06,75,9,0.29,1.0,1.0,1,0,0.6831045731117114,0.0212782079292294,0.757,0.012083045973594584,0.7442351027578654,0.015056404540368632,0.7118563614522083,0.017114056237981585,0.6721428571428572,0.02211339565905011,0.7931428571428571,0.023288659858491968
313,a763a139cf2b,2026-07-30 23:08:07,True,0.7710000000000001,0.025179356624028364,1.0,0.1549971580505371,0.023332548141479493,2.5654941741111587e-07,3.963846258933468e-06,75,14,0.28,1.0,1.0,1,0,0.7044000816091527,0.029658098898159877,0.7710000000000001,0.025179356624028364,0.7603631468044703,0.024319328949020107,0.7357785945506584,0.04329899287394685,0.6926190476190476,0.02907687831607289,0.8102380952380953,0.01977337590189956
314,dcb75de6fcbe,2026-07-30 23:08:14,True,0.7770000000000001,0.022715633383201116,1.0,0.3108853340148926,0.02295207977294922,7.311375534302794e-07,1.1296524798909216e-05,250,12,0.04,1.0,1.0,1,0,0.7022767361441917,0.03443286429059405,0.7770000000000001,0.022715633383201116,0.7618787846744257,0.026133633833049324,0.7451846912799779,0.03200267498662067,0.6873809523809523,0.03222300413469937,0.8061904761904761,0.021091932450879713
315,6561179cb100,2026-07-30 23:08:20,True,0.763,0.02638181191654586,1.0,0.11514606475830078,0.021268272399902345,2.972052110208947e-07,4.592003270671475e-06,75,11,0.15,1.0,1.0,1,0,0.6892421270886062,0.03712670532958846,0.763,0.02638181191654586,0.7497082151442716,0.028779493625054886,0.7219240744875028,0.03947256643221958,0.6773809523809524,0.035983115213928704,0.8107380952380951,0.020696954983239257
316,70188c9eec57,2026-07-30 23:08:25,True,0.781,0.022226110770892857,1.0,0.10721073150634766,0.019441795349121094,2.80185641576122e-07,4.329040456905999e-06,75,14,0.15,1.0,1.0,1,0,0.7075223174748717,0.033247040925823444,0.781,0.022226110770892857,0.7660943912293494,0.02526452473931139,0.7522526983419984,0.033642306949448045,0.6921428571428571,0.032546843966108206,0.8036904761904762,0.024775980431644015
317,31fe04018efd,2026-07-30 23:08:31,True,0.76,0.013038404810405309,1.0,0.12097764015197754,0.01883807182312012,3.190002610747064e-07,4.9287501964328655e-06,125,12,0.22,1.0,1.0,1,0,0.6913894762850318,0.016878441801361593,0.76,0.013038404810405309,0.7494823309343983,0.01290143691582294,0.7165492325896485,0.019979227101793038,0.6809523809523809,0.017577170309801694,0.7939761904761905,0.023301800851060685
318,c8b656be1856,2026-07-30 23:08:37,True,0.7770000000000001,0.019899748742132416,0.99175,0.2786076545715332,0.024410581588745116,6.015179706124455e-07,9.293822537404388e-06,225,8,0.03,1.0,1.0,1,0,0.6944222176063539,0.03406542441127187,0.7770000000000001,0.019899748742132416,0.757881496661476,0.024806934379640377,0.7521290466788412,0.032064149449614485,0.6788095238095238,0.03198284687658474,0.7962380952380952,0.022194971954146565
319,7be35b5005b0,2026-07-30 23:08:43,True,0.763,0.01913112646970901,1.0,0.18727455139160157,0.02175116539001465,4.477744651416038e-07,6.9183908363869745e-06,200,8,0.3,1.0,1.0,1,0,0.6984182743823056,0.025196886474994764,0.763,0.01913112646970901,0.7541342980690675,0.01977156609451405,0.7196895976805485,0.02714304845627266,0.688809523809524,0.025914126458620564,0.788690476190476,0.027038437408727446
320,8af3427f29f4,2026-07-30 23:08:49,True,0.768,0.018867962264113223,1.0,0.08440818786621093,0.01772589683532715,2.599338789019474e-07,4.0161382701737e-06,100,10,0.25,1.0,1.0,1,0,0.7016282206631063,0.0289012480767652,0.768,0.018867962264113223,0.7578911594137857,0.0218817757174318,0.725156951671542,0.024487293415806095,0.6904761904761905,0.02941223155558526,0.8004999999999999,0.02590881008285206
321,a1156f077d21,2026-07-30 23:08:55,True,0.7780000000000001,0.019390719429665332,1.0,0.18334975242614746,0.021979618072509765,4.306079960694117e-07,6.653158333044882e-06,125,13,0.12,1.0,1.0,1,0,0.7074172138787346,0.027665301316888456,0.7780000000000001,0.019390719429665332,0.7648629176958676,0.021424526375732094,0.7444726000774274,0.027724806779783825,0.6928571428571428,0.026810834781446195,0.8106428571428571,0.025837842485555783
322,1a668e1987e0,2026-07-30 23:09:00,True,0.768,0.016911534525287777,0.9969999999999999,0.07414302825927735,0.017547988891601564,2.133228331803318e-07,3.2959689512446697e-06,125,5,0.13,1.0,1.0,1,0,0.6928796319900762,0.023455795068955038,0.768,0.016911534525287777,0.7534693525604231,0.017543278691616017,0.7336457346483418,0.029821959084704752,0.68,0.023538938647548725,0.8006904761904762,0.019189264997817482
323,0db9b91d8d77,2026-07-30 23:09:06,True,0.756,0.018275666882497082,1.0,0.17897138595581055,0.0215087890625,4.6644095006488923e-07,7.206799507033198e-06,250,6,0.08,1.0,1.0,1,0,0.6822459679981303,0.027349653461667223,0.756,0.018275666882497082,0.7434046932052933,0.020627146934808823,0.7103555076263445,0.026252395785653488,0.6714285714285715,0.027052900222172847,0.8007619047619048,0.02899180821043518
324,090bc31481bf,2026-07-30 23:09:13,True,0.768,0.020149441679609904,1.0,0.3386071681976318,0.025925874710083008,7.444401724023506e-07,1.150205844220712e-05,300,12,0.12,1.0,1.0,1,0,0.6995290482876995,0.02588777910395452,0.768,0.020149441679609904,0.7568108231115918,0.020603579467694495,0.728579757828887,0.029733492294874445,0.6876190476190477,0.02578253728834586,0.7976428571428571,0.025798297505746626
325,bfa73061c821,2026-07-30 23:09:20,True,0.759,0.009165151389911688,1.0,0.28022289276123047,0.023305273056030272,6.100717134771715e-07,9.425983124617453e-06,275,15,0.2,1.0,1.0,1,0,0.6935421826236832,0.014569905076527414,0.759,0.009165151389911688,0.7501327600102318,0.010476540105188984,0.7130747636753012,0.012644675009803286,0.6840476190476192,0.01600028344420134,0.794952380952381,0.026494833278890233
326,72577e95d2f0,2026-07-30 23:09:25,True,0.804,0.02745906043549194,0.81975,0.09073901176452637,0.016844511032104492,2.496341619760636e-07,3.857001310063927e-06,250,4,0.02,1.0,1.0,1,0,0.7004566790158258,0.051384765473808776,0.804,0.02745906043549194,0.7708532948921384,0.037120623413990896,0.8662600003712055,0.03947210383263938,0.6790476190476189,0.042208047507275415,0.7882857142857144,0.03337245578300559
327,906b39dfbc1e,2026-07-30 23:09:32,True,0.766,0.028354893757515674,1.0,0.35521707534790037,0.025908565521240233,7.645600198021534e-07,1.1812922456831716e-05,225,10,0.04,1.0,1.0,1,0,0.6897549201641656,0.037378527315467105,0.766,0.028354893757515674,0.7511608517102919,0.029588482422118766,0.7304692877141065,0.04805359908593028,0.6766666666666667,0.03534411336002574,0.7985,0.021486772812493025
328,7c2b6eebd0db,2026-07-30 23:09:37,True,0.8030000000000002,0.025219040425836965,0.8710000000000001,0.03301682472229004,0.016490364074707033,1.3124522958410565e-07,2.027819503702683e-06,25,10,0.05,1.0,1.0,1,0,0.7047047925287233,0.0466136531062174,0.8030000000000002,0.025219040425836965,0.772785921974031,0.03364472185415356,0.8491283512062624,0.038978764068022545,0.6830952380952381,0.039472140638953386,0.8070714285714284,0.0313759118720873
329,cfc6077b6f21,2026-07-30 23:09:43,True,0.769,0.01933907960581373,1.0,0.2516348838806152,0.01988072395324707,6.043006614412943e-07,9.336816821870155e-06,275,15,0.1,1.0,1.0,1,0,0.6970467828421638,0.030731303868906948,0.769,0.01933907960581373,0.7560377168199592,0.022868856151631718,0.729565593550323,0.026608354094299565,0.6845238095238095,0.030888211872056672,0.8024761904761906,0.025055426087321545
330,42d0520df9e2,2026-07-30 23:09:49,True,0.7540000000000001,0.014628738838327807,1.0,0.2311577320098877,0.023372077941894533,5.259804711741584e-07,8.126721720808769e-06,300,6,0.19,1.0,1.0,1,0,0.6837561331368865,0.019948386396291762,0.7540000000000001,0.014628738838327807,0.7432909405827444,0.015304892082625402,0.7073247674762226,0.02177425775772966,0.6738095238095237,0.02030102261646881,0.7900714285714285,0.0287231684910155
331,e164c7c2f22a,2026-07-30 23:09:55,True,0.7609999999999999,0.018275666882497082,1.0,0.17731752395629882,0.023546743392944335,4.279711359994003e-07,6.612417223478858e-06,300,4,0.18,1.0,1.0,1,0,0.6941757766780468,0.02413438405366167,0.7609999999999999,0.018275666882497082,0.7511977303328982,0.018556083403177187,0.7185900750993168,0.029668878763550184,0.6845238095238095,0.02567678040865319,0.7949047619047619,0.02764627147610713
332,7f3f39dcaa0b,2026-07-30 23:10:01,True,0.7700000000000001,0.025495097567963948,0.99975,0.11222314834594727,0.018396520614624025,3.111571298844209e-07,4.807568996566338e-06,125,9,0.06,1.0,1.0,1,0,0.6932210378737405,0.03426258589575132,0.7700000000000001,0.025495097567963948,0.7544669749001256,0.026709130968030164,0.7388914325010388,0.04594759970688144,0.6795238095238096,0.032396704851894595,0.7994047619047618,0.03365171082907012
333,bff9341d0b23,2026-07-30 23:10:07,True,0.762,0.018601075237738292,1.0,0.22246990203857422,0.023676252365112303,5.170078259213435e-07,7.988088834104087e-06,200,9,0.13,1.0,1.0,1,0,0.691805914496987,0.02545924836727409,0.762,0.018601075237738292,0.7504230555972067,0.01919399281458917,0.7214608462630615,0.027069015180062675,0.6814285714285715,0.026455370368134976,0.7990714285714284,0.02614459184113768
334,1e9e8b5efaff,2026-07-30 23:10:13,True,0.7689999999999999,0.014628738838327807,1.0,0.10419983863830566,0.02080683708190918,2.808093885282745e-07,4.338677730877464e-06,75,11,0.13,1.0,1.0,1,0,0.6947419878235437,0.02484029248518339,0.7689999999999999,0.014628738838327807,0.7548871865442819,0.017931096915136318,0.7314246970712348,0.019878361113699842,0.6816666666666666,0.025472852473799004,0.8042142857142857,0.022126542889180797
335,80707b098fc9,2026-07-30 23:10:18,True,0.767,0.017204650534085267,1.0,0.09819221496582031,0.015668535232543947,2.731013439827538e-07,4.219583702741383e-06,125,10,0.22,1.0,1.0,1,0,0.6985135485580922,0.022384171279589037,0.767,0.017204650534085267,0.7558823612388399,0.017524171712336407,0.7272189088642895,0.02600403657702623,0.6869047619047619,0.022985749306947016,0.8000714285714287,0.02594414460828843
336,fccdb749abc8,2026-07-30 23:10:24,True,0.778,0.024819347291981732,1.0,0.24645757675170898,0.024090337753295898,5.31210727940885e-07,8.207532404096458e-06,200,8,0.05,1.0,1.0,1,0,0.7048125476710656,0.03257212598033121,0.778,0.024819347291981732,0.7634774502239969,0.02565117324714676,0.751034556059834,0.047876131531508555,0.6900000000000001,0.03109490993774195,0.8015000000000001,0.028414908577689565
337,441b0913b304,2026-07-30 23:10:31,True,0.756,0.028879058156387326,1.0,0.3227517127990723,0.025208568572998045,7.107026496084301e-07,1.0980792968826358e-05,275,9,0.2,1.0,1.0,1,0,0.686762097921636,0.03197165652798676,0.756,0.028879058156387326,0.7455407453857112,0.027304726666570106,0.7128358381870783,0.044216825274688634,0.6761904761904761,0.028975319860145374,0.7902619047619048,0.021897695547586412
338,aa9a161d0d29,2026-07-30 23:10:37,True,0.8049999999999999,0.024698178070456912,0.8795,0.06197524070739746,0.015238046646118164,1.9958737802675554e-07,3.0837477227785604e-06,50,12,0.02,1.0,1.0,1,0,0.7066229558065702,0.04761294665973163,0.8049999999999999,0.024698178070456912,0.7745229277876703,0.0341240647051295,0.8538493175587156,0.0273626074337302,0.6845238095238095,0.039734093495901526,0.8140476190476191,0.03067078869073253
339,abf4c11aee35,2026-07-30 23:10:43,True,0.764,0.02596150997149436,1.0,0.23432440757751466,0.023901033401489257,5.28536543386664e-07,8.166214608297451e-06,175,10,0.08,1.0,1.0,1,0,0.6924101682357533,0.03771384685438177,0.764,0.02596150997149436,0.751688951802469,0.02897124339745249,0.7216818531211523,0.03612138105801352,0.680952380952381,0.03701596150170481,0.806,0.02723101806160031
340,419d7ccd86ce,2026-07-30 23:10:48,True,0.775,0.016733200530681523,1.0,0.11355338096618653,0.01934657096862793,2.8891448627848435e-07,4.463906475185918e-06,100,14,0.19,1.0,1.0,1,0,0.7058921241559046,0.024844984418578374,0.775,0.016733200530681523,0.7628459904850543,0.01875314538269645,0.7392413658030433,0.025455179426348194,0.6926190476190476,0.025044178652008958,0.8073809523809524,0.024963919542242658
341,e8a17f84dfa6,2026-07-30 23:10:54,True,0.7739999999999999,0.012409673645990868,1.0,0.0811070442199707,0.016022205352783203,2.3827686915439935e-07,3.681524152029207e-06,75,13,0.17,1.0,1.0,1,0,0.701483667583999,0.019401605007379252,0.7739999999999999,0.012409673645990868,0.7601685959212212,0.01347905629599995,0.7426149341470903,0.027633188355268897,0.6880952380952381,0.02104147723360542,0.805404761904762,0.021802894604889714
342,8978c0835f7f,2026-07-30 23:10:59,True,0.7709999999999999,0.020346989949375824,0.9995,0.0336552619934082,0.01594552993774414,1.304756704877748e-07,2.0159293424394004e-06,25,11,0.19,1.0,1.0,1,0,0.6898608733958691,0.031876764914711204,0.7709999999999999,0.020346989949375824,0.7532069991114655,0.023664128476452866,0.7405239208769976,0.03400831399816944,0.6754761904761905,0.029933789369736438,0.794904761904762,0.025502923224025156
343,7fe1c8708f7c,2026-07-30 23:11:05,True,0.767,0.019131126469709006,1.0,0.16788215637207032,0.02302994728088379,4.158030116945812e-07,6.424412220424797e-06,150,13,0.22,1.0,1.0,1,0,0.7012815206052011,0.02396080141086015,0.767,0.019131126469709006,0.7571656581578459,0.01892765351436385,0.7274930979167615,0.02936690840255653,0.6907142857142856,0.023635075207101675,0.8016666666666667,0.022319952332136482
344,903575c3e07d,2026-07-30 23:11:10,True,0.776,0.023108440016582705,0.9985000000000002,0.053294944763183597,0.015413570404052734,1.7774168713345555e-07,2.7462183649065037e-06,75,7,0.13,1.0,1.0,1,0,0.7009294704241051,0.02918203739985474,0.776,0.023108440016582705,0.7607590318355468,0.023345198253513253,0.7485496361458704,0.047314104595758764,0.6857142857142857,0.026373817154377106,0.7989761904761904,0.030610992793743106
345,19e0437d745b,2026-07-30 23:11:16,True,0.783,0.027129319932501065,1.0,0.2291414260864258,0.026294612884521486,5.211333984682188e-07,8.051831466891612e-06,125,14,0.05,1.0,1.0,1,0,0.7074936942511585,0.03650887444535278,0.783,0.027129319932501065,0.7668698092974797,0.02887268409917706,0.7594164540890793,0.04454545779344386,0.6907142857142856,0.03308067511039695,0.8105476190476191,0.027064276393233635
346,3db4f6566fa9,2026-07-30 23:11:23,True,0.768,0.013266499161421611,1.0,0.3483455657958984,0.029143524169921876,7.998463867912052e-07,1.2358118525458009e-05,225,11,0.05,1.0,1.0,1,0,0.6945022290807439,0.02458802997519657,0.768,0.013266499161421611,0.7543548129621283,0.01729302020217365,0.7291201080871177,0.01771540155320771,0.681904761904762,0.025581668606787216,0.8050476190476191,0.022490436365067656
347,1ae4a4469112,2026-07-30 23:11:29,True,0.7819999999999999,0.014696938456699083,1.0,0.1801443099975586,0.018309354782104492,4.488003934129612e-07,6.934242059053513e-06,150,13,0.03,1.0,1.0,1,0,0.703655218886278,0.025267370405669974,0.7819999999999999,0.014696938456699083,0.7645220070240195,0.018176478064561158,0.7593330720172352,0.024915855501048707,0.6871428571428572,0.024121762175074182,0.8076190476190476,0.025657565309209953
348,f43a8acc9be9,2026-07-30 23:11:34,True,0.8019999999999999,0.028390139133156755,0.8637500000000001,0.0209991455078125,0.015719127655029298,1.0854327258731626e-07,1.6770603079880052e-06,25,7,0.13,1.0,1.0,1,0,0.7073893453379212,0.04695019530655506,0.8019999999999999,0.028390139133156755,0.7738871778376042,0.03488950448532179,0.8379936776102259,0.0562038409328903,0.6852380952380953,0.039214220660888026,0.7834404761904762,0.038345354518532326
349,787ac7de44b6,2026-07-30 23:11:40,True,0.767,0.012884098726725137,1.0,0.1585334300994873,0.022066354751586914,4.017008250498815e-07,6.206524764906636e-06,200,6,0.28,1.0,1.0,1,0,0.7008200211768091,0.014199751309792109,0.767,0.012884098726725137,0.7569832693396895,0.011402743668605457,0.7272848804722467,0.024052609510920274,0.6897619047619047,0.015069754665187242,0.7955238095238094,0.0289070172494241
350,7297d5d79b18,2026-07-30 23:11:46,True,0.79,0.021908902300206635,0.99975,0.18986411094665528,0.023198413848876952,4.934729995684028e-07,7.624461294680524e-06,100,14,0.04,1.0,1.0,1,0,0.7100182645681414,0.03687544998072754,0.79,0.021908902300206635,0.7708502244013112,0.02706367304641134,0.7765953772988566,0.033063343411108226,0.6919047619047619,0.03425924904496181,0.8124285714285714,0.023498637003943085
351,2aa25835c530,2026-07-30 23:11:52,True,0.776,0.023323807579381222,1.0,0.13716249465942382,0.020764589309692383,3.3949320097027295e-07,5.245378719542778e-06,100,11,0.11,1.0,1.0,1,0,0.6996151935685356,0.03494143866462755,0.776,0.023323807579381222,0.7601198203673707,0.026503409133715024,0.7457363251965446,0.03680361929052486,0.6847619047619048,0.032977694653677725,0.8057857142857143,0.02428776835384379
352,a27c22e8741d,2026-07-30 23:11:57,True,0.764,0.016552945357246864,1.0,0.11598477363586426,0.02071490287780762,2.9887905675777045e-07,4.617865216604154e-06,125,7,0.12,1.0,1.0,1,0,0.6924463694089791,0.023492717132252497,0.764,0.016552945357246864,0.7516444860751283,0.017559436920143737,0.7244426199808054,0.029192543848643122,0.680952380952381,0.024245999272573253,0.8007380952380952,0.023351474968831318
353,865b330eb8b6,2026-07-30 23:12:03,True,0.7620000000000001,0.022045407685048625,1.0,0.09311494827270508,0.01788644790649414,2.7470440680395104e-07,4.2443520091002915e-06,150,6,0.12,1.0,1.0,1,0,0.688790290033644,0.02684664750799729,0.7620000000000001,0.022045407685048625,0.7489162000018672,0.021071742434203032,0.7256354159905714,0.040750951583887286,0.6776190476190476,0.02682563163229628,0.7960952380952382,0.026439337146623682
354,dab3d502e57b,2026-07-30 23:12:09,True,0.8100000000000002,0.024083189157584565,0.8119999999999999,0.1851973533630371,0.022834587097167968,4.4100300983965963e-07,6.8137676880009686e-06,300,5,0.01,1.0,1.0,1,0,0.7061750735401464,0.04882752473288025,0.8100000000000002,0.024083189157584565,0.7759877201783404,0.034665492077833135,0.8935504960528251,0.01079656058201379,0.6833333333333332,0.040138648595974345,0.7902023809523809,0.03828084620199824
355,991a37f66ff2,2026-07-30 23:12:16,True,0.764,0.03231098884280705,0.999,0.4789341926574707,0.029683732986450197,7.021393340140059e-07,1.0848484477052895e-05,100,8,0.08,1.0,1.0,1,0,0.6839618913912158,0.0456560851092712,0.764,0.03231098884280705,0.7474234449775464,0.03521998746754688,0.7293216616804723,0.056257361572324756,0.6714285714285715,0.04310773299526353,0.8005952380952381,0.027087977100576553
356,6120fc497f19,2026-07-30 23:12:22,True,0.7630000000000001,0.026758176320519328,1.0,0.13001790046691894,0.014974164962768554,2.930525251502511e-07,4.527841720358933e-06,125,15,0.27,1.0,1.0,1,0,0.6953663199872867,0.030721073824203103,0.7630000000000001,0.026758176320519328,0.7526979352521076,0.025891898038880017,0.7215729277338074,0.03906185678009253,0.684047619047619,0.02840826426338031,0.808,0.022071621204275697
357,e37a28ef0b2a,2026-07-30 23:12:29,True,0.765,0.012649110640673528,1.0,0.3788644790649414,0.025902318954467773,8.036074368630808e-07,1.2416229061850987e-05,300,15,0.12,1.0,1.0,1,0,0.6959940538581822,0.01690011787168711,0.765,0.012649110640673528,0.75383312412912,0.01281348368322656,0.7241544856237588,0.021196382197634936,0.6845238095238095,0.018007305143989537,0.803452380952381,0.02827414786764974
358,d1fa4e515500,2026-07-30 23:12:37,True,0.779,0.02310844001658267,0.99975,0.5318087100982666,0.026732349395751955,1.039564947494576e-06,1.60619176984582e-05,225,13,0.02,1.0,1.0,1,0,0.6960992195174271,0.03814528281511899,0.779,0.02310844001658267,0.7594781203042118,0.028067322568042483,0.756762314863088,0.03497936797130973,0.6802380952380952,0.03499757037242431,0.8079285714285716,0.025254778852234747
359,3acbfd9d5ebb,2026-07-30 23:12:42,True,0.7549999999999999,0.015165750888103116,1.0,0.08890748023986816,0.016238927841186523,2.5630692918604976e-07,3.960099666742914e-06,175,5,0.27,1.0,1.0,1,0,0.6885652432021437,0.011802849632137085,0.7549999999999999,0.015165750888103116,0.7459555621148966,0.011421065797586841,0.7105607727339578,0.025177760000561038,0.6792857142857145,0.010769697978951049,0.7911904761904761,0.03252977007362771
360,0049f469e513,2026-07-30 23:12:48,True,0.763,0.024617067250182364,1.0,0.13581809997558594,0.02305002212524414,3.39008687891038e-07,5.237892694526973e-06,100,11,0.15,1.0,1.0,1,0,0.6903650533267113,0.03187753582288344,0.763,0.024617067250182364,0.7502591584609514,0.025418798366154457,0.7225913619205169,0.037118987548988285,0.6783333333333333,0.030429651966804718,0.8095238095238095,0.02134281783213905
361,e13ab29d763d,2026-07-30 23:12:53,True,0.806,0.024576411454888994,0.81175,0.014981555938720702,0.016743946075439452,9.861140864527112e-08,1.5236069026823727e-06,25,3,0.18,1.0,1.0,1,0,0.7022504879896461,0.04887867131118325,0.806,0.024576411454888994,0.7725015021596268,0.03482530756343015,0.8751488758904079,0.02464017714427531,0.6804761904761906,0.04037522421186949,0.7988452380952381,0.03628146066181873
362,d9400f69e293,2026-07-30 23:12:59,True,0.807,0.02441311123146738,0.83375,0.1581878662109375,0.022405576705932618,3.978001061109627e-07,6.146256258631267e-06,225,7,0.01,1.0,1.0,1,0,0.7077991134190086,0.04614085384682132,0.807,0.02441311123146738,0.7758495143056029,0.03320835138419289,0.8661553093509318,0.03287186837490711,0.6849999999999999,0.0383592045202787,0.7858333333333333,0.03523946265043152
363,5b2b5296398a,2026-07-30 23:13:05,True,0.763,0.015033296378372923,0.9977500000000001,0.16409316062927246,0.02681722640991211,3.6443587736040196e-07,5.6307584077701155e-06,225,5,0.08,1.0,1.0,1,0,0.6911473393203599,0.021553057523680478,0.763,0.015033296378372923,0.7505149933468859,0.015422743871577691,0.7246043852390555,0.03072144943559222,0.6802380952380952,0.02355338414669756,0.8016190476190476,0.027130803505724107
364,c68ef212bdc4,2026-07-30 23:13:10,True,0.764,0.008000000000000007,0.99175,0.09805212020874024,0.019127273559570314,2.6698109126857817e-07,4.125022034780404e-06,175,4,0.12,1.0,1.0,1,0,0.6833188389690805,0.023595146563334918,0.764,0.008000000000000007,0.7470266217403634,0.014178940429203247,0.7286121811506432,0.01419013532898247,0.6714285714285714,0.0255550625999976,0.7916428571428571,0.026895004551798614
365,241373893834,2026-07-30 23:13:16,True,0.766,0.02200000000000002,1.0,0.11110591888427734,0.01768798828125,2.87643954932335e-07,4.444275984600077e-06,125,13,0.27,1.0,1.0,1,0,0.6975205241719957,0.03132402186514213,0.766,0.02200000000000002,0.7550210641681758,0.024192624907719756,0.7239875376208954,0.030279629694649025,0.6861904761904762,0.031003620591729595,0.7953095238095238,0.021425475966898897
366,ad485ac8b8db,2026-07-30 23:13:22,True,0.767,0.022715633383201116,1.0,0.19109268188476564,0.02286362648010254,4.4619429686220296e-07,6.893976264777361e-06,175,9,0.18,1.0,1.0,1,0,0.6994232946084902,0.029396452160778967,0.767,0.022715633383201116,0.7563529271725962,0.023502493508977842,0.726269367781564,0.03212223427963231,0.687857142857143,0.028175832747594342,0.7979047619047619,0.023957705552260154
367,0b96d2e84af1,2026-07-30 23:13:27,True,0.764,0.0200997512422418,1.0,0.05535035133361817,0.01664109230041504,1.6368558874900666e-07,2.529043001350272e-06,50,10,0.28,1.0,1.0,1,0,0.6920077572110624,0.029945728915514426,0.764,0.0200997512422418,0.7513909386201856,0.022255577180835307,0.7241532740213724,0.03037714854414652,0.680952380952381,0.031171386379148847,0.8055238095238095,0.0165212362481
368,c3c3a954554c,2026-07-30 23:13:32,True,0.753,0.012884098726725137,1.0,0.05911860466003418,0.015416193008422851,1.8616232891810496e-07,2.8763224585845402e-06,100,6,0.29,1.0,1.0,1,0,0.6866191427555013,0.015364551518444644,0.753,0.012884098726725137,0.7442063488023791,0.01210977490761216,0.7059825808571458,0.02016450708997843,0.6778571428571428,0.01643719580389826,0.7890238095238096,0.02976765658705448
369,0fe45c47e222,2026-07-30 23:13:38,True,0.7590000000000001,0.017146428199482262,1.0,0.24636688232421874,0.025047922134399415,5.524658162670086e-07,8.535936589126406e-06,275,7,0.29,1.0,1.0,1,0,0.6933335601155649,0.023169609899457967,0.7590000000000001,0.017146428199482262,0.7499926589174261,0.01794216439531712,0.7137769332696344,0.023531487665062353,0.684047619047619,0.024381231397212974,0.7870952380952381,0.027149811139268704
370,c0a6fca1c13f,2026-07-30 23:13:44,True,0.784,0.023958297101421867,1.0,0.1452486038208008,0.020082950592041016,3.535102250056817e-07,5.46195036037835e-06,100,12,0.05,1.0,1.0,1,0,0.7033388391387783,0.038909691973117326,0.784,0.023958297101421867,0.765107682764776,0.028762381932601305,0.7658886566357147,0.04141429733684356,0.6866666666666668,0.03624525928810111,0.8042380952380952,0.02759302961703755
371,7195414a9b2d,2026-07-30 23:13:50,True,0.755,0.016431676725154998,1.0,0.1345313549041748,0.016693115234375,3.4391561730997124e-07,5.31370777146757e-06,250,6,0.19,1.0,1.0,1,0,0.6862336187405474,0.019399288125573535,0.755,0.016431676725154998,0.7448820957656278,0.015697826872415308,0.7094787773750735,0.025027779567980447,0.6764285714285714,0.019304811238690003,0.7901190476190477,0.029829827255690024
372,61a27b342787,2026-07-30 23:13:58,True,0.778,0.023151673805580433,1.0,0.6568321228027344,0.02854304313659668,1.3252985328506026e-06,2.0476677298360763e-05,300,14,0.03,1.0,1.0,1,0,0.7027468051712731,0.032353423894736485,0.778,0.023151673805580433,0.7625274291995012,0.025254888561941035,0.7484149870550005,0.03540852230043861,0.6871428571428572,0.030139509330374587,0.8058809523809524,0.023907844612461527
373,c2282def9e5b,2026-07-30 23:14:03,True,0.796,0.02199999999999999,0.9317499999999999,0.050753307342529294,0.016222095489501952,1.567487283850755e-07,2.421864243044033e-06,100,4,0.11,1.0,1.0,1,0,0.7147433486874378,0.039763176016038466,0.796,0.02199999999999999,0.775577410708131,0.028787748418207706,0.7900476939708586,0.028370069143628617,0.6952380952380952,0.03671610766895476,0.7955238095238095,0.023215640986079974
374,ebc26ec84312,2026-07-30 23:14:09,True,0.762,0.02731300056749535,1.0,0.1737138271331787,0.021070528030395507,4.4620458498968205e-07,6.894135222673391e-06,200,10,0.08,1.0,1.0,1,0,0.690708539272289,0.038624201040608035,0.762,0.02731300056749535,0.7500362378011883,0.030003299383204562,0.7184155475036089,0.03770421206358051,0.6795238095238096,0.037611512204910574,0.8050238095238095,0.027920298778849502
375,3ee4405d7412,2026-07-30 23:14:16,True,0.758,0.018867962264113223,1.0,0.26628766059875486,0.023494577407836913,5.851730816579702e-07,9.041283952095276e-06,275,12,0.22,1.0,1.0,1,0,0.6909158353931824,0.027143549697182308,0.758,0.018867962264113223,0.7484266045083187,0.020758113505946727,0.7118386983941887,0.024631178516904655,0.6814285714285713,0.0274749937842889,0.7903571428571429,0.025446132691123044
376,a35829cc7b8f,2026-07-30 23:14:22,True,0.796,0.01496662954709575,0.8790000000000001,0.17665133476257325,0.02339029312133789,4.138394934476324e-07,6.394074656083174e-06,300,4,0.03,1.0,1.0,1,0,0.7078865136256559,0.03196998277346347,0.796,0.01496662954709575,0.7719909192070177,0.022181042612533477,0.8037726800583644,0.017021334327603582,0.6876190476190477,0.028863585639412832,0.7849047619047619,0.02933227038890448
377,1566654f23b7,2026-07-30 23:14:29,True,0.764,0.016552945357246864,1.0,0.3148841381072998,0.027493381500244142,7.225461338757667e-07,1.1163782083670416e-05,300,9,0.11,1.0,1.0,1,0,0.6947605360143589,0.023319254256686718,0.764,0.016552945357246864,0.7527798527497718,0.017548813482740892,0.7230854076576376,0.02800743204053935,0.6838095238095239,0.025001133761139768,0.8049047619047618,0.027057866100523027
378,76b12b48b815,2026-07-30 23:14:34,True,0.764,0.02244994432064367,1.0,0.15694971084594728,0.021152162551879884,3.6712567078608675e-07,5.672317370231601e-06,125,10,0.12,1.0,1.0,1,0,0.6894196612553397,0.03180338954603897,0.764,0.02244994432064367,0.7501969969727007,0.02445348352241578,0.7244375742699412,0.03420211170053513,0.6771428571428573,0.030698593259592757,0.7972857142857143,0.027099108435602363
379,4ae8a1dd0094,2026-07-30 23:14:40,True,0.7710000000000001,0.024779023386727755,1.0,0.08492069244384766,0.01917867660522461,2.335239885176033e-07,3.6080892235018465e-06,75,9,0.15,1.0,1.0,1,0,0.7006633162569692,0.03229203379066674,0.7710000000000001,0.024779023386727755,0.7585963518651275,0.025661505886665846,0.7346124077259185,0.03647133668148528,0.6878571428571428,0.03163532283371946,0.8022619047619047,0.03220980681917853
380,2a1b7146d5ef,2026-07-30 23:14:46,True,0.784,0.02332380757938119,0.999,0.1534273624420166,0.019552326202392577,3.9788452012659426e-07,6.147560507081485e-06,150,11,0.03,1.0,1.0,1,0,0.7019156326577299,0.03570530629738163,0.784,0.02332380757938119,0.7643728316665773,0.026785521960716156,0.7689180608665425,0.04279671081494976,0.6847619047619048,0.03318333598130353,0.8023095238095239,0.023561638178420302
381,378e24e1691b,2026-07-30 23:14:52,True,0.758,0.02063976744055031,1.0,0.21748833656311034,0.023226833343505858,4.65063765795623e-07,7.185521163201119e-06,175,9,0.25,1.0,1.0,1,0,0.6892675701178529,0.02687813081527642,0.758,0.02063976744055031,0.7475614006278954,0.020959103243873557,0.7146766721505474,0.03299389732809256,0.6795238095238096,0.0273488424558238,0.7930714285714285,0.02643075924020357
382,d4a1e301e934,2026-07-30 23:14:57,True,0.792,0.023151673805580433,0.89375,0.04676752090454102,0.01713714599609375,1.5688243736135822e-07,2.423930128949261e-06,75,5,0.09,1.0,1.0,1,0,0.7001400370034996,0.04255055785060932,0.792,0.023151673805580433,0.7664718548177061,0.030754813714407227,0.7970010073839906,0.02921514082443716,0.680952380952381,0.037404451212677145,0.7931666666666667,0.026693077907263985
383,b9b6cce71cda,2026-07-30 23:15:02,True,0.784,0.018000000000000016,0.89925,0.029154443740844728,0.015143060684204101,1.1825730908287566e-07,1.8271481452968024e-06,50,5,0.14,1.0,1.0,1,0,0.6867551648649491,0.040468133427727815,0.784,0.018000000000000016,0.7564265461910272,0.027623539262025168,0.7876246337789141,0.02593823111648331,0.6704761904761904,0.03522200404805209,0.7822619047619048,0.02799791456438582
384,c356666ea826,2026-07-30 23:15:07,True,0.794,0.014628738838327774,0.9447500000000002,0.039660310745239256,0.015952873229980468,1.4467102941808666e-07,2.2352563670647017e-06,50,8,0.09,1.0,1.0,1,0,0.7058298862045156,0.030045019237592903,0.794,0.014628738838327774,0.7701447357079338,0.0207104105690751,0.8022604075291173,0.03536225426987245,0.6861904761904762,0.02781335590035675,0.7924523809523809,0.029969334289110024
385,ccd8b3908cb1,2026-07-30 23:15:12,True,0.8039999999999999,0.023108440016582656,0.8442500000000001,0.029376792907714843,0.015513849258422852,1.1483130743222522e-07,1.7742143130430784e-06,50,5,0.1,1.0,1.0,1,0,0.7056998814378106,0.04468224529515395,0.8039999999999999,0.023108440016582656,0.7736695931681169,0.031917701219793294,0.8528114253652002,0.03509886986229423,0.6838095238095239,0.03756023129663462,0.7914642857142857,0.029058438656315577
386,f728b0b7bea6,2026-07-30 23:15:18,True,0.768,0.019646882704388517,1.0,0.16874423027038574,0.02274160385131836,3.9110050029169074e-07,6.0427432289349485e-06,150,10,0.11,1.0,1.0,1,0,0.6985459600433789,0.029923972906613007,0.768,0.019646882704388517,0.7563653946975647,0.02258435825232569,0.7269984945726166,0.02725661885268414,0.6866666666666668,0.030073605848110124,0.8041428571428572,0.026495881680588515
387,5f0eb8d4e26d,2026-07-30 23:15:24,True,0.7779999999999999,0.02379075450674066,1.0,0.29442520141601564,0.021065664291381837,6.858381530039895e-07,1.0596621206363e-05,250,14,0.07,1.0,1.0,1,0,0.7052087470431878,0.03404645946098523,0.7779999999999999,0.02379075450674066,0.7637928473805834,0.0265112552255265,0.7450954099452215,0.03457401178922423,0.6900000000000001,0.031663981268162854,0.8054761904761906,0.023175731109754752
388,fa0158ba20ff,2026-07-30 23:15:30,True,0.764,0.017146428199482262,1.0,0.11626219749450684,0.020038700103759764,2.8410656779612913e-07,4.389621178100246e-06,150,7,0.24,1.0,1.0,1,0,0.6932105481802789,0.02515841734563933,0.764,0.017146428199482262,0.7520341319545831,0.018787586817868913,0.7232970755677659,0.028119278090728412,0.681904761904762,0.026183981878802907,0.7934285714285715,0.02513561854675333
389,867ef74469f0,2026-07-30 23:15:36,True,0.771,0.015297058540778367,1.0,0.1694016456604004,0.02318854331970215,4.078892374618495e-07,6.30213954211195e-06,125,15,0.13,1.0,1.0,1,0,0.6991696580360949,0.02513387045462618,0.771,0.015297058540778367,0.7579285090627412,0.018540880017534976,0.7327034600629279,0.01969299324459215,0.6859523809523809,0.025280736663683363,0.8071190476190477,0.023820640262056984
390,06c42f68b5b1,2026-07-30 23:15:42,True,0.764,0.024576411454889036,1.0,0.22985377311706542,0.022776365280151367,5.796984364504797e-07,8.956697317116003e-06,275,15,0.18,1.0,1.0,1,0,0.6931727176950545,0.028642852222216984,0.764,0.024576411454889036,0.752046500998626,0.0238107511694931,0.725013556185943,0.04255708097042325,0.680952380952381,0.02661985687499748,0.7978333333333334,0.023004534700359517
391,6dd3d3765809,2026-07-30 23:15:48,True,0.7849999999999999,0.021213203435596413,0.99975,0.26163406372070314,0.02293682098388672,5.575928179944028e-07,8.615151918561787e-06,125,14,0.03,1.0,1.0,1,0,0.7056058261228589,0.03322359855534376,0.7849999999999999,0.021213203435596413,0.7666752590106876,0.02483659183416773,0.7663266898635498,0.03432293830846616,0.6883333333333332,0.03063389257260104,0.8073333333333335,0.026135288174838605
392,85038644482a,2026-07-30 23:15:54,True,0.757,0.016613247725836163,1.0,0.07801694869995117,0.016865634918212892,2.1293054297371363e-07,3.2899078263214044e-06,100,7,0.22,1.0,1.0,1,0,0.6863713830088105,0.020198924201243838,0.757,0.016613247725836163,0.7457695940025966,0.015951954431048018,0.7136377709332129,0.029403659682953096,0.675952380952381,0.020264688410431598,0.7979761904761905,0.025318268882943487
393,b087899c0198,2026-07-30 23:16:00,True,0.762,0.014000000000000012,1.0,0.15381503105163574,0.017750263214111328,3.872909444290644e-07,5.983883248247207e-06,200,12,0.16,1.0,1.0,1,0,0.6931423409755786,0.022306188235319147,0.762,0.014000000000000012,0.7512234566142718,0.016415651194363143,0.717893257431877,0.01869569423213089,0.6823809523809524,0.023623079532976137,0.7999523809523809,0.02502839657110766
394,dc7440b25dba,2026-07-30 23:16:06,True,0.7630000000000001,0.026570660511172867,1.0,0.2820903778076172,0.021738815307617187,6.192766765131973e-07,9.568205463931917e-06,300,15,0.18,1.0,1.0,1,0,0.6945274009294998,0.028347970730672203,0.7630000000000001,0.026570660511172867,0.752225762201937,0.024382069767493932,0.7248469213860458,0.0477288187551298,0.6830952380952381,0.026162322530337543,0.7972857142857144,0.023047496064213392
395,39baa89e9c5a,2026-07-30 23:16:12,True,0.756,0.01019803902718558,1.0,0.08607621192932129,0.017830562591552735,2.3548303899912112e-07,3.6383577581201974e-06,75,13,0.2,1.0,1.0,1,0,0.6815634625086694,0.016062992573204038,0.756,0.01019803902718558,0.7428984390537495,0.009882316670772991,0.7145210132183643,0.023785743433501365,0.6714285714285714,0.018442777839082918,0.7980952380952381,0.02029948671759292
396,0734da742286,2026-07-30 23:16:17,True,0.8100000000000002,0.024083189157584565,0.8099999999999999,0.01931147575378418,0.015736484527587892,1.1185234506056833e-07,1.728187512547666e-06,50,3,0.04,1.0,1.0,1,0,0.7061750735401464,0.04882752473288025,0.8100000000000002,0.024083189157584565,0.7759877201783404,0.034665492077833135,0.8935504960528251,0.01079656058201379,0.6833333333333332,0.040138648595974345,0.8063214285714284,0.02916463549778774
397,636a800e6fac,2026-07-30 23:16:22,True,0.767,0.02638181191654586,1.0,0.13228130340576172,0.017531490325927733,3.1779490468339877e-07,4.910126698977365e-06,150,9,0.15,1.0,1.0,1,0,0.6986096312143067,0.03554506468735947,0.767,0.02638181191654586,0.7559906902117755,0.028156890319282608,0.7253950716297144,0.03614190855531253,0.6869047619047619,0.03483033056744715,0.7988571428571428,0.031008703335348952
398,3e291cf26c5e,2026-07-30 23:16:27,True,0.759,0.02059126028197402,0.9795,0.045156431198120114,0.016061735153198243,1.3996301629667692e-07,2.1625146692404403e-06,50,7,0.14,1.0,1.0,1,0,0.6739203155775982,0.02994454047425401,0.759,0.02059126028197402,0.7402913463848148,0.021848445449041378,0.7266602933302022,0.04659458181384294,0.6621428571428571,0.0283163214234638,0.7846666666666666,0.02546477269731811
399,b8cd62aabe47,2026-07-30 23:16:33,True,0.762,0.016309506430300102,1.0,0.09356393814086914,0.016395378112792968,2.5520840456908094e-07,3.943126785895009e-06,125,8,0.15,1.0,1.0,1,0,0.6932150879064842,0.02277900375975923,0.762,0.016309506430300102,0.7512376407138525,0.017457195248860156,0.7188564362949147,0.023805879226456553,0.6823809523809523,0.022978349269418646,0.7954047619047618,0.028109419342674326
400,83aae43ddaef,2026-07-30 23:16:38,True,0.7689999999999999,0.024779023386727755,1.0,0.05396604537963867,0.017083501815795897,1.6673390952907383e-07,2.576141431906189e-06,50,10,0.24,1.0,1.0,1,0,0.7022284496751361,0.028437135480437963,0.7689999999999999,0.024779023386727755,0.7585326882935238,0.02388974282487258,0.7304959715685294,0.036299465857994546,0.6902380952380953,0.026867863446277222,0.8100476190476191,0.025462457357723314
401,741efa7ab8ca,2026-07-30 23:16:43,True,0.783,0.014352700094407337,1.0,0.04111847877502441,0.01583247184753418,1.432755158852915e-07,2.2136948248398877e-06,25,15,0.23,1.0,1.0,1,0,0.7099771687659939,0.025882553271206196,0.783,0.014352700094407337,0.7680954900811969,0.018351726203999746,0.7558929358407903,0.0208201502689015,0.6945238095238094,0.02626180762404865,0.8093333333333333,0.024642868645039864
402,52354633279c,2026-07-30 23:16:50,True,0.782,0.023151673805580437,1.0,0.3771474838256836,0.02392921447753906,8.283458072986027e-07,1.2798452097445786e-05,275,15,0.06,1.0,1.0,1,0,0.7100267688937771,0.03351499856457578,0.782,0.023151673805580437,0.7677281703567551,0.025721757920569938,0.7533056994486813,0.03411559382714104,0.6947619047619048,0.032485824572972444,0.8013571428571428,0.02451416823888675
403,a3bf1dc877e5,2026-07-30 23:16:56,True,0.768,0.02420743687382043,1.0,0.2407196044921875,0.0222012996673584,5.37829042639984e-07,8.309789435997756e-06,225,9,0.15,1.0,1.0,1,0,0.6989702735342366,0.03084146862402021,0.768,0.02420743687382043,0.756568912153855,0.024877470163013702,0.7284403323149806,0.035287109325156316,0.6866666666666668,0.02950268061151916,0.7979047619047618,0.030499302991924236
404,fc8976263307,2026-07-30 23:17:03,True,0.77,0.030166206257996698,1.0,0.32433619499206545,0.024504899978637695,7.058476893176249e-07,1.0905780846872714e-05,275,13,0.14,1.0,1.0,1,0,0.702823296332704,0.03931684975846205,0.77,0.030166206257996698,0.7592639832043308,0.03150938675748072,0.7305689527648369,0.04230998748487622,0.690952380952381,0.037950618349462686,0.8028333333333333,0.025414522603890724
405,dff9698c246c,2026-07-30 23:17:09,True,0.764,0.016248076809271934,1.0,0.19405717849731446,0.019446611404418945,4.838647437252151e-07,7.476007833498566e-06,250,9,0.13,1.0,1.0,1,0,0.6955935085735513,0.020037953411052873,0.764,0.016248076809271934,0.7531532316096939,0.015632067931596553,0.7238467950608013,0.026055111608096343,0.6847619047619048,0.020625150312102554,0.7995238095238095,0.025462613204496783
406,886f38aa3d2a,2026-07-30 23:17:15,True,0.763,0.017204650534085267,1.0,0.2469026565551758,0.02223963737487793,5.402566959349791e-07,8.347298172242256e-06,300,15,0.26,1.0,1.0,1,0,0.6991351925790088,0.024635245398154596,0.763,0.017204650534085267,0.754505426991136,0.01883502856933561,0.7184786906830449,0.022628267562336535,0.6897619047619047,0.025617100297738612,0.8028095238095239,0.02284344827848241
407,f5385eaa188e,2026-07-30 23:17:21,True,0.758,0.02315167380558047,1.0,0.09427943229675292,0.015915060043334962,2.424099178555547e-07,3.7453822959976706e-06,150,6,0.15,1.0,1.0,1,0,0.6870951540951229,0.03005739728515668,0.758,0.02315167380558047,0.7465246763064519,0.023708650966186014,0.7147740510769202,0.034181678841494804,0.6766666666666665,0.029176140346743575,0.8014285714285714,0.03110356848963018
408,116ccb9a91ec,2026-07-30 23:17:27,True,0.756,0.02709243436828816,1.0,0.19580483436584473,0.021038818359375,4.914439894961853e-07,7.593111841365612e-06,250,9,0.2,1.0,1.0,1,0,0.6859871654557871,0.029678243288272153,0.756,0.02709243436828816,0.7451735831093427,0.02542730957420549,0.7128345044810251,0.04187747098997916,0.6752380952380952,0.026910028982963692,0.790904761904762,0.0222639545784074
409,d8805a645de1,2026-07-30 23:17:33,True,0.774,0.015297058540778367,1.0,0.29515490531921384,0.022279644012451173,6.376008091208012e-07,9.851324580778153e-06,200,12,0.06,1.0,1.0,1,0,0.697376949329737,0.025861364167857587,0.774,0.015297058540778367,0.7581384481156086,0.018309249249673327,0.7442017290609396,0.028051431526459746,0.6833333333333333,0.02604940361258641,0.8082380952380952,0.024990066053545076
410,ef6930f2a9e2,2026-07-30 23:17:38,True,0.794,0.01854723699099139,0.8852499999999999,0.033074951171875,0.015430736541748046,1.230269226340933e-07,1.9008416076415478e-06,50,6,0.1,1.0,1.0,1,0,0.6996584802364645,0.03986862079670397,0.794,0.01854723699099139,0.7668966135318784,0.027676952917589724,0.8096023387181923,0.02215702529742355,0.6804761904761906,0.03477820883144806,0.7864047619047619,0.030270080571048682
411,19222f5863c5,2026-07-30 23:17:44,True,0.761,0.01743559577416271,1.0,0.17200880050659179,0.021877622604370116,4.3750521590032705e-07,6.759724620739874e-06,225,9,0.14,1.0,1.0,1,0,0.6936925007679721,0.023876794499872504,0.761,0.01743559577416271,0.7510223936098953,0.01838955398959958,0.7172835190168967,0.02523288421912567,0.6835714285714285,0.02430904574876232,0.7986428571428572,0.03268975652105562
412,487d93769b22,2026-07-30 23:17:50,True,0.766,0.018275666882497082,1.0,0.22145967483520507,0.024258947372436522,5.0690119331493e-07,7.83193514546347e-06,200,13,0.18,1.0,1.0,1,0,0.698307842107915,0.025749417781634445,0.766,0.018275666882497082,0.7553898872029123,0.019804690333282693,0.7243242886794361,0.025399499107254662,0.6871428571428572,0.025966575410491723,0.8034761904761905,0.024927832344526543
413,9268e757d2a8,2026-07-30 23:17:56,True,0.789,0.017435595774162677,0.9337499999999999,0.03996753692626953,0.015101909637451172,1.3733682924829714e-07,2.1219384644217866e-06,75,5,0.11,1.0,1.0,1,0,0.7011405639181072,0.03349868701759582,0.789,0.017435595774162677,0.7658768238717675,0.02370870242002148,0.7858551329978617,0.029401841815226374,0.6826190476190476,0.03058017972952827,0.7915000000000001,0.02429710283859383
414,d8e9fc26aef8,2026-07-30 23:18:01,True,0.7710000000000001,0.016248076809271934,0.99275,0.10924010276794434,0.01829419136047363,3.0019514381124365e-07,4.638199570881719e-06,200,5,0.07,1.0,1.0,1,0,0.6922092676823333,0.027057361494582453,0.7710000000000001,0.016248076809271934,0.7542275596939463,0.01850171652156381,0.7451799444209006,0.04354468494454206,0.6792857142857143,0.0281476508688222,0.7979285714285714,0.026849775247457894
415,3a8e27b0a20f,2026-07-30 23:18:08,True,0.767,0.031240998703626604,1.0,0.3662125110626221,0.024266910552978516,6.531431346933237e-07,1.0091463068315798e-05,175,14,0.27,1.0,1.0,1,0,0.6986202254643045,0.041141174909917776,0.767,0.031240998703626604,0.7559886162065109,0.03290867291113367,0.7257183387970016,0.043171790319963106,0.6869047619047619,0.03966983923744478,0.8021666666666667,0.020654319331061943
416,4964dd91a435,2026-07-30 23:18:14,True,0.76,0.01341640786499875,1.0,0.10331006050109863,0.01835908889770508,2.5981389011745544e-07,4.014284369668596e-06,250,3,0.26,1.0,1.0,1,0,0.6913369548690554,0.014295911517697006,0.76,0.01341640786499875,0.7494143427859982,0.01149868721161782,0.7176677100097377,0.02181985104435539,0.680952380952381,0.015612948867385686,0.7941190476190476,0.025814904552450967
417,206052a04fd9,2026-07-30 23:18:19,True,0.7630000000000001,0.02204540768504862,1.0,0.12525606155395508,0.018698596954345705,3.174011321383801e-07,4.904042671014277e-06,100,11,0.1,1.0,1.0,1,0,0.6886273591754684,0.029010599179549255,0.7630000000000001,0.02204540768504862,0.7493780905170555,0.022778008863596065,0.7239787561112294,0.035277760972714754,0.6764285714285714,0.027739883449409967,0.8018333333333333,0.02251801999487952
418,6eda41b36ba9,2026-07-30 23:18:25,True,0.7689999999999999,0.01743559577416271,0.9952499999999999,0.09410371780395507,0.015647220611572265,2.6931223757781563e-07,4.161039678749909e-06,250,4,0.09,1.0,1.0,1,0,0.6915391903354652,0.029990253182072865,0.7689999999999999,0.01743559577416271,0.7531952216519942,0.02120099058269337,0.7357159399698453,0.02970223073411644,0.6788095238095238,0.030956043739323834,0.8004761904761905,0.021032988882115477
419,988def108afa,2026-07-30 23:18:30,True,0.767,0.028035691537752396,1.0,0.07638931274414062,0.015474224090576172,2.0465773450115942e-07,3.1620878482223772e-06,175,4,0.24,1.0,1.0,1,0,0.7001904234168859,0.03341131744408995,0.767,0.028035691537752396,0.7566795406610745,0.027603447384678684,0.7278186550648635,0.041094645338872096,0.6888095238095238,0.032108447189990064,0.7990238095238096,0.03236531485158423
420,3defebd3f8e2,2026-07-30 23:18:35,True,0.77,0.015165750888103116,1.0,0.10427274703979492,0.018067264556884767,2.6742969246855544e-07,4.1319531991783866e-06,125,8,0.28,1.0,1.0,1,0,0.7018608327016448,0.02220854849611724,0.77,0.015165750888103116,0.7587662851980472,0.016557208662036745,0.7315293681710795,0.02418160527057816,0.6900000000000001,0.023384298082803297,0.8001190476190476,0.022398043119900148
421,dbb9e36dcef8,2026-07-30 23:18:41,True,0.764,0.015620499351813323,1.0,0.09438786506652833,0.016095066070556642,2.690170160981402e-07,4.156478325348381e-06,100,15,0.24,1.0,1.0,1,0,0.6948971639935166,0.022566822224352318,0.764,0.015620499351813323,0.752869291036713,0.016983628001975747,0.7221025746462919,0.021918069698500808,0.6838095238095238,0.023079277744862164,0.8067857142857143,0.022794432824715178
422,5a64a7e66657,2026-07-30 23:18:46,True,0.76,0.02664582518894848,1.0,0.06654057502746583,0.017398691177368163,1.938033394177775e-07,2.994380769491022e-06,100,6,0.26,1.0,1.0,1,0,0.6908890206526868,0.026582582209812272,0.76,0.02664582518894848,0.7491479120606354,0.02340791529155909,0.7219336550041133,0.046700471184890506,0.68,0.024390530112805512,0.8012619047619047,0.02443205210513492
423,60b9968d7d75,2026-07-30 23:18:52,True,0.7770000000000001,0.015684387141358135,1.0,0.264133882522583,0.023484086990356444,5.866309533237456e-07,9.06380896582052e-06,150,14,0.1,1.0,1.0,1,0,0.7060938859021179,0.024385080845125303,0.7770000000000001,0.015684387141358135,0.7637412837174843,0.0180139572487487,0.7439621966761925,0.022596812118738843,0.6921428571428571,0.024612645386572547,0.805,0.024485175301063464
424,efb3918a2d03,2026-07-30 23:18:58,True,0.79,0.01341640786499871,0.9055000000000002,0.084877347946167,0.01909489631652832,2.0794026802408132e-07,3.2128050096798403e-06,175,3,0.09,1.0,1.0,1,0,0.7059156875202881,0.02933782083296721,0.79,0.01341640786499871,0.76863899305935,0.019517336657366276,0.7877808189348242,0.03239770022685679,0.6880952380952381,0.028030595529069408,0.7936428571428571,0.028235184142887542
425,60f4f735b470,2026-07-30 23:19:04,True,0.774,0.017720045146669364,1.0,0.15695366859436036,0.017823410034179688,4.023078601181296e-07,6.215903829995141e-06,300,8,0.27,1.0,1.0,1,0,0.7080387184997717,0.02236801935312165,0.774,0.017720045146669364,0.7634527428901233,0.017848868281425623,0.736955495801701,0.025547021890861724,0.6957142857142857,0.022418914107301634,0.7954285714285715,0.023435103618986857
426,c6b3ded6986a,2026-07-30 23:19:10,True,0.767,0.024819347291981732,1.0,0.31426281929016114,0.022546148300170897,6.623433975937102e-07,1.023361278764438e-05,250,13,0.09,1.0,1.0,1,0,0.6947500431655013,0.03421762494035061,0.767,0.024819347291981732,0.754087025552162,0.02679201032730364,0.7274782262826254,0.03615106370437905,0.6821428571428572,0.032784599005825754,0.8011190476190476,0.023394792722540043
427,41182a909c00,2026-07-30 23:19:16,True,0.775,0.022135943621178635,1.0,0.21737136840820312,0.021132564544677733,5.006747740886983e-07,7.735733139606252e-06,275,15,0.29,1.0,1.0,1,0,0.7088011747443196,0.035368647687551394,0.775,0.022135943621178635,0.7642332477346754,0.026223269266879266,0.7362657764839389,0.027411721940849502,0.6973809523809524,0.036819409748668715,0.7981666666666667,0.023428087490162567
428,9f5eb6a96450,2026-07-30 23:19:22,True,0.768,0.02379075450674066,1.0,0.16037559509277344,0.017426395416259767,3.977557291055008e-07,6.145570606608129e-06,200,10,0.11,1.0,1.0,1,0,0.6996848688754955,0.03164976113258296,0.768,0.02379075450674066,0.7569375927602968,0.025181677718747974,0.7271860351312911,0.033763078350088835,0.6876190476190477,0.030607974002902567,0.8022857142857143,0.026067612245145606
429,e43cdf7d50ae,2026-07-30 23:19:28,True,0.775,0.015165750888103116,1.0,0.07280316352844238,0.017201852798461915,2.1276214883084084e-07,3.2873060332634108e-06,50,15,0.18,1.0,1.0,1,0,0.7007760447119289,0.024830974925055295,0.775,0.015165750888103116,0.760238686995607,0.017701285043085678,0.7444913440028882,0.028619994906027367,0.6869047619047619,0.025276251480171857,0.8097619047619048,0.019860625479688324
430,40927e1dce8b,2026-07-30 23:19:34,True,0.756,0.009695359714832668,1.0,0.17347350120544433,0.019975566864013673,4.1271559919245163e-07,6.376709798724343e-06,200,7,0.11,1.0,1.0,1,0,0.6832960823284138,0.018614597935043165,0.756,0.009695359714832668,0.7438113019727777,0.011929271896215584,0.7119238823228139,0.017350564149362153,0.6733333333333332,0.021089916559789063,0.7976190476190477,0.0230591273904515
431,caac107d876a,2026-07-30 23:19:39,True,0.768,0.0280356915377524,1.0,0.12326068878173828,0.018722391128540038,3.285265038758051e-07,5.0759365056822695e-06,150,13,0.25,1.0,1.0,1,0,0.700348274646492,0.041601439984221396,0.768,0.0280356915377524,0.7572178632647251,0.031784501815739004,0.7256216666141091,0.03809230614976435,0.6895238095238095,0.04126266726413316,0.798952380952381,0.027439729873127462
432,9bc0ce99291d,2026-07-30 23:19:44,True,0.7990000000000002,0.011575836902790236,0.8862499999999999,0.016051816940307616,0.015219306945800782,9.280048365508999e-08,1.4338245382720043e-06,25,4,0.3,1.0,1.0,1,0,0.7133152296209582,0.029194706002540913,0.7990000000000002,0.011575836902790236,0.7759161471156183,0.019513863951668053,0.8083823507640409,0.009812231600393594,0.6926190476190477,0.027203357802612592,0.7917261904761905,0.04094383216420088
433,3ba7aef022f7,2026-07-30 23:19:50,True,0.764,0.018547236990991423,1.0,0.11296849250793457,0.01789436340332031,2.778918003498724e-07,4.2935991994086705e-06,175,6,0.23,1.0,1.0,1,0,0.6955689778068757,0.0237183922931498,0.764,0.018547236990991423,0.7531434572972613,0.01848363453873418,0.7239864966094546,0.032796558410232234,0.6847619047619048,0.0242155850192212,0.7981190476190477,0.030463855390622668
434,0c5e4946c5d7,2026-07-30 23:19:55,True,0.785,0.02683281572999747,1.0,0.064335298538208,0.017520809173583986,2.094497137679796e-07,3.236126874626531e-06,50,13,0.12,1.0,1.0,1,0,0.7093926444879204,0.036488084213984626,0.785,0.02683281572999747,0.7686267021445219,0.02875482738904646,0.7635424902740844,0.046367378934181705,0.6921428571428571,0.033244780334680105,0.8093095238095238,0.0262561298317459
435,7ec46e22b049,2026-07-30 23:20:00,True,0.783,0.025019992006393592,0.9894999999999999,0.029080581665039063,0.015380144119262695,1.2030559932092699e-07,1.8587954890297994e-06,25,9,0.21,1.0,1.0,1,0,0.7057732674014014,0.03563564222655757,0.783,0.025019992006393592,0.765889143768189,0.027154555932312335,0.7642281839450122,0.0440285230237452,0.6897619047619047,0.033558761541369136,0.8005952380952381,0.030564882105785837
436,6f6e00718024,2026-07-30 23:20:06,True,0.8100000000000002,0.024083189157584565,0.8099999999999999,0.17595667839050294,0.024741411209106445,4.279436470266569e-07,6.611992501946179e-06,300,4,0.01,1.0,1.0,1,0,0.7061750735401464,0.04882752473288025,0.8100000000000002,0.024083189157584565,0.7759877201783404,0.034665492077833135,0.8935504960528251,0.01079656058201379,0.6833333333333332,0.040138648595974345,0.7983690476190476,0.04039057120950858
437,f7cdefdbf070,2026-07-30 23:20:12,True,0.764,0.016248076809271934,1.0,0.1775688648223877,0.020931386947631837,4.4803637571603894e-07,6.922437515818666e-06,250,6,0.17,1.0,1.0,1,0,0.6966023754841317,0.020028993889568115,0.764,0.016248076809271934,0.7536889680856909,0.015924032576729485,0.7225857729569288,0.026251369140605805,0.6857142857142857,0.01980631842198613,0.791595238095238,0.031375550514182705
438,54648c09a98f,2026-07-30 23:20:17,True,0.758,0.01860107523773829,1.0,0.0480919361114502,0.015298414230346679,1.5616625966452033e-07,2.412864743133969e-06,50,9,0.23,1.0,1.0,1,0,0.6832693482994481,0.028901914493239558,0.758,0.01860107523773829,0.7447553766927507,0.021682587289494456,0.712977342589362,0.025320254053650983,0.6719047619047619,0.028318323355059814,0.7983095238095238,0.027785969313719246
439,988def108afa,2026-07-30 23:20:22,True,0.767,0.028035691537752396,1.0,0.07385969161987305,0.01637687683105469,2.0407618242668772e-07,3.1531025110579754e-06,175,4,0.24,1.0,1.0,1,0,0.7001904234168859,0.03341131744408995,0.767,0.028035691537752396,0.7566795406610745,0.027603447384678684,0.7278186550648635,0.041094645338872096,0.6888095238095238,0.032108447189990064,0.7990238095238096,0.03236531485158423
440,1a668e1987e0,2026-07-30 23:20:28,True,0.768,0.016911534525287777,0.9969999999999999,0.061598587036132815,0.015549516677856446,1.9937965404634778e-07,3.0805382595455544e-06,125,5,0.13,1.0,1.0,1,0,0.6928796319900762,0.023455795068955038,0.768,0.016911534525287777,0.7534693525604231,0.017543278691616017,0.7336457346483418,0.029821959084704752,0.68,0.023538938647548725,0.8006904761904762,0.019189264997817482
441,03ce2424274f,2026-07-30 23:20:35,True,0.778,0.014000000000000012,1.0,0.4260305404663086,0.024865484237670897,8.473858023815969e-07,1.3092631729742108e-05,250,13,0.06,1.0,1.0,1,0,0.7091839119081046,0.024912001886893645,0.778,0.014000000000000012,0.7656948674254582,0.01779572074383062,0.7431378902561196,0.019061355790953975,0.6957142857142857,0.026077679181129673,0.808,0.021703448632410544
442,28d514b95b33,2026-07-30 23:20:41,True,0.76,0.015165750888103116,1.0,0.18132963180541992,0.020144891738891602,4.23788146796147e-07,6.547787468043068e-06,175,12,0.22,1.0,1.0,1,0,0.6929206277956415,0.020028887909384698,0.76,0.015165750888103116,0.7502356605018932,0.015571260065854258,0.7156447954633526,0.021544382326260048,0.6828571428571429,0.020490028546619195,0.7917380952380955,0.02510269158310623
443,d8bbd99a4614,2026-07-30 23:20:46,True,0.7849999999999999,0.02607680962081059,0.99875,0.10299029350280761,0.015621232986450195,2.793144662716967e-07,4.315580262740804e-06,75,15,0.04,1.0,1.0,1,0,0.7003124951811783,0.03971010012474653,0.7849999999999999,0.02607680962081059,0.7639351859731113,0.029990139240481672,0.7736522312662204,0.04490215082181054,0.6826190476190476,0.03558388893765604,0.8099285714285716,0.025556349194025805
444,f7fcc553d0ab,2026-07-30 23:20:51,True,0.784,0.015620499351813323,0.9400000000000001,0.04756693840026856,0.01669011116027832,1.5800784784770996e-07,2.4413184130120596e-06,75,6,0.09,1.0,1.0,1,0,0.6966968013311061,0.03379491082472572,0.784,0.015620499351813323,0.7616465730206221,0.023046033424798894,0.7736987311499596,0.02613473161950547,0.68,0.03173372777437359,0.7871190476190476,0.02764196504036054
445,92abce883028,2026-07-30 23:20:57,True,0.764,0.012409673645990868,1.0,0.23947749137878419,0.021871423721313475,5.372577120976913e-07,8.300962027791048e-06,275,7,0.07,1.0,1.0,1,0,0.6930585167021486,0.022430578989294875,0.764,0.012409673645990868,0.751957178241955,0.015532866425686622,0.7226860980714493,0.019370658989020077,0.681904761904762,0.023944853498618312,0.8004285714285715,0.02470685272203995
446,7ee509d8ad81,2026-07-30 23:21:03,True,0.7620000000000001,0.015033296378372923,1.0,0.0944591999053955,0.017529773712158202,2.729660565050894e-07,4.21749342801914e-06,100,10,0.13,1.0,1.0,1,0,0.6898706998841991,0.02470256727691125,0.7620000000000001,0.015033296378372923,0.7496025776575156,0.01791092044305265,0.7193677399917379,0.021665639057216746,0.6785714285714286,0.025477303046467486,0.7991904761904761,0.024755195977635785
447,21b01b6e1af7,2026-07-30 23:21:08,True,0.7660000000000001,0.01593737745050924,0.9722500000000001,0.07894697189331054,0.01819448471069336,2.2315215006762552e-07,3.447837941495133e-06,225,3,0.12,1.0,1.0,1,0,0.6918838432308463,0.022773071185507927,0.7660000000000001,0.01593737745050924,0.7521763920067508,0.016836873875522233,0.7293831879129007,0.03085954834413,0.6795238095238096,0.023296861680757272,0.7964761904761904,0.017545309016393087
448,9351d713271a,2026-07-30 23:21:14,True,0.7540000000000001,0.019849433241279225,1.0,0.1465303421020508,0.01981220245361328,3.564766293335354e-07,5.507783131374686e-06,150,11,0.22,1.0,1.0,1,0,0.6802071231687069,0.02814644748925927,0.7540000000000001,0.019849433241279225,0.7415257236562278,0.021414773524464782,0.708313833748121,0.028807596282960656,0.67,0.028959663870965022,0.7978333333333333,0.027397862273229576
449,9db601e63476,2026-07-30 23:21:19,True,0.8100000000000002,0.024083189157584565,0.8099999999999999,0.08425488471984863,0.016109657287597657,2.488397532489565e-07,3.844727206724369e-06,250,4,0.01,1.0,1.0,1,0,0.7061750735401464,0.04882752473288025,0.8100000000000002,0.024083189157584565,0.7759877201783404,0.034665492077833135,0.8935504960528251,0.01079656058201379,0.6833333333333332,0.040138648595974345,0.7966190476190474,0.03894890614958823
450,ba0f8bc6450d,2026-07-30 23:21:26,True,0.765,0.015165750888103116,1.0,0.21477775573730468,0.020778369903564454,4.950637664570922e-07,7.649039621321048e-06,175,11,0.1,1.0,1.0,1,0,0.6936155363795734,0.022134017142905086,0.765,0.015165750888103116,0.7526851865823767,0.016630621836020213,0.7244451374199645,0.022896434081238246,0.6816666666666669,0.022745261897272332,0.7983095238095238,0.023269519151498393
451,c7974527ce80,2026-07-30 23:21:32,True,0.765,0.021679483388678818,1.0,0.29155893325805665,0.02584538459777832,6.459328453225582e-07,9.98005966371427e-06,275,11,0.18,1.0,1.0,1,0,0.69837373572397,0.02238703019185156,0.765,0.021679483388678818,0.7549215855383243,0.019429387007631648,0.7255446798170428,0.03279905802924192,0.6873809523809525,0.02167320675757198,0.7911666666666667,0.024861794857520134
452,77ce080cb7ca,2026-07-30 23:21:37,True,0.771,0.012409673645990868,1.0,0.04959650039672851,0.016073226928710938,1.6753773545343473e-07,2.588561036734236e-06,50,11,0.3,1.0,1.0,1,0,0.7033747235140736,0.02096136239715242,0.771,0.012409673645990868,0.7599155757081852,0.014822947900207158,0.7323404383387231,0.019184889945785148,0.6916666666666667,0.023389146076652996,0.8116904761904762,0.019588365976585514
453,d4c039019f6c,2026-07-30 23:21:43,True,0.769,0.025573423705088867,1.0,0.2036233901977539,0.020736551284790038,4.6955175929576325e-07,7.2548634225801035e-06,250,13,0.25,1.0,1.0,1,0,0.7051712575543696,0.03508210511945166,0.769,0.025573423705088867,0.759957323201937,0.02748263413510163,0.727065994312193,0.0335590450250196,0.695,0.03580464759099922,0.798,0.02701162930875951
454,3d4a9ef58303,2026-07-30 23:21:48,True,0.8100000000000002,0.024083189157584565,0.8099999999999999,0.018022489547729493,0.016261196136474608,9.529159387886107e-08,1.4723137230876626e-06,25,6,0.03,1.0,1.0,1,0,0.7061750735401464,0.04882752473288025,0.8100000000000002,0.024083189157584565,0.7759877201783404,0.034665492077833135,0.8935504960528251,0.01079656058201379,0.6833333333333332,0.040138648595974345,0.7891309523809524,0.03819901415664652
455,9b1fa907de65,2026-07-30 23:21:54,True,0.758,0.02379075450674066,1.0,0.09422650337219238,0.015106773376464844,2.606908168993881e-07,4.027833427698037e-06,125,13,0.24,1.0,1.0,1,0,0.6916373673331344,0.028330669031403903,0.758,0.02379075450674066,0.7486796502787024,0.02300030906990121,0.7153492192416003,0.04031138662063202,0.6823809523809524,0.028782947206403692,0.8030000000000002,0.021947603033396716
456,5e2c48790344,2026-07-30 23:21:59,True,0.7809999999999999,0.014628738838327807,0.9252499999999999,0.10666627883911133,0.018439340591430663,2.771849027673258e-07,4.2826771970658e-06,300,3,0.06,1.0,1.0,1,0,0.6979272994557274,0.03277859086600878,0.7809999999999999,0.014628738838327807,0.7610903814605667,0.021860756021959016,0.763458740787938,0.02165662114519275,0.6826190476190476,0.03134006296236915,0.795,0.02522146801793248
457,766150d22b2c,2026-07-30 23:22:05,True,0.765,0.022135943621178676,1.0,0.08576202392578125,0.01776289939880371,2.232041108319568e-07,3.448640767256284e-06,150,5,0.24,1.0,1.0,1,0,0.694708080735458,0.029237887144598934,0.765,0.022135943621178676,0.7532606699682065,0.02328601438777035,0.7235165275296124,0.03189641335825823,0.6826190476190476,0.02803666210105454,0.8013809523809524,0.020558886167628753
458,377d7fb40fdd,2026-07-30 23:22:10,True,0.7510000000000001,0.018275666882497082,1.0,0.1147242546081543,0.019235754013061525,3.2650233948256286e-07,5.0446619210872795e-06,175,7,0.17,1.0,1.0,1,0,0.6826932091500609,0.02262862693082151,0.7510000000000001,0.018275666882497082,0.7414985872289332,0.01822307985933595,0.703049247034115,0.027313452545847286,0.6735714285714286,0.022454287148290144,0.7928095238095239,0.029485535867554223
459,025e769bbf8a,2026-07-30 23:22:18,True,0.771,0.008602325267042634,1.0,0.4706462860107422,0.030501604080200195,8.890303473887908e-07,1.373606555858307e-05,200,11,0.12,1.0,1.0,1,0,0.7046860987529437,0.013449015787971374,0.771,0.008602325267042634,0.7606192785444696,0.009800197257405321,0.7311204419509303,0.012518777371788789,0.6926190476190476,0.014273804559354144,0.8028333333333333,0.020029371856387573
460,646bf83ed9ae,2026-07-30 23:22:23,True,0.764,0.02222611077089289,1.0,0.07375216484069824,0.020285654067993163,2.2407238669673446e-07,3.462056163295971e-06,75,7,0.25,1.0,1.0,1,0,0.6967491190826769,0.027382973752795612,0.764,0.02222611077089289,0.7537839985579153,0.02222823340559755,0.722519336857916,0.03578627487257378,0.6857142857142857,0.026459655679634406,0.8040714285714285,0.02139923918371222
461,fb1841899688,2026-07-30 23:22:28,True,0.8100000000000002,0.024083189157584565,0.8099999999999999,0.015243816375732421,0.015195846557617188,9.184750210865497e-08,1.4191003873626467e-06,25,3,0.08,1.0,1.0,1,0,0.7061750735401464,0.04882752473288025,0.8100000000000002,0.024083189157584565,0.7759877201783404,0.034665492077833135,0.8935504960528251,0.01079656058201379,0.6833333333333332,0.040138648595974345,0.8056904761904763,0.02918798055050711
462,73933f921b40,2026-07-30 23:22:33,True,0.758,0.014696938456699083,1.0,0.04472427368164063,0.016192197799682617,1.4795730724224645e-07,2.2860313802787735e-06,75,5,0.3,1.0,1.0,1,0,0.6862918817953494,0.019804371467039655,0.758,0.014696938456699083,0.7461424020351369,0.01482057957158586,0.7151647118951416,0.025637270655617713,0.6757142857142858,0.02110335219634318,0.7963809523809524,0.03222754276192425
463,c653a431326a,2026-07-30 23:22:38,True,0.7609999999999999,0.013928388277184131,1.0,0.07321033477783204,0.014607095718383789,2.0937008990974476e-07,3.234896637053704e-06,100,9,0.3,1.0,1.0,1,0,0.6941887332298597,0.019056238156205323,0.7609999999999999,0.013928388277184131,0.7513509596519133,0.015009602871874786,0.7157131952764706,0.018984089372278027,0.6835714285714287,0.018617159811737703,0.7955714285714285,0.02469753538246788
464,91ae0e0f005f,2026-07-30 23:22:44,True,0.769,0.024779023386727758,1.0,0.0563504695892334,0.01698765754699707,1.7202933079499012e-07,2.6579589467779635e-06,50,11,0.22,1.0,1.0,1,0,0.6900589840172245,0.034458187752879794,0.769,0.024779023386727758,0.752542283781646,0.026766659642677014,0.7361709500393421,0.04333288038083853,0.675952380952381,0.03244915785971941,0.8026904761904762,0.02708123749085852
465,40892608e8a3,2026-07-30 23:22:49,True,0.77,0.029495762407505278,1.0,0.07810335159301758,0.01736278533935547,2.1707065413149524e-07,3.35387508958766e-06,175,4,0.29,1.0,1.0,1,0,0.7070240430336578,0.03182306301572455,0.77,0.029495762407505278,0.7612400069547033,0.027598179299224916,0.7323395758561608,0.04603355112410895,0.6957142857142857,0.028418240126406258,0.7985476190476191,0.03140722579597801
466,7d4c470cee4d,2026-07-30 23:22:54,True,0.772,0.021118712081942895,1.0,0.07520337104797363,0.01890869140625,2.1427850632537806e-07,3.310734689007716e-06,50,11,0.15,1.0,1.0,1,0,0.6947587241080185,0.03298828400469885,0.772,0.021118712081942895,0.7560688022557016,0.024512910401091475,0.7393047637953829,0.03208874096885149,0.680952380952381,0.032948458340709634,0.815047619047619,0.018360925433279187
467,ef2aeee7a0ed,2026-07-30 23:23:01,True,0.769,0.020832666655999678,1.0,0.21846342086791992,0.017099905014038085,5.218274021582776e-07,8.062554250666706e-06,250,15,0.1,1.0,1.0,1,0,0.6952702021936237,0.034103032387547014,0.769,0.020832666655999678,0.7551523588954174,0.0251856890111995,0.7299829563365282,0.027948376307925182,0.6826190476190476,0.03392836257245658,0.8029999999999999,0.02489107791232005
468,123728158458,2026-07-30 23:23:06,True,0.757,0.019899748742132416,1.0,0.09656286239624023,0.017503643035888673,2.5289503536335176e-07,3.907383809106382e-06,100,14,0.29,1.0,1.0,1,0,0.6894486027427693,0.026115604658206806,0.757,0.019899748742132416,0.7472980455312609,0.02064102758241729,0.7111977522991386,0.02780091991044148,0.6797619047619049,0.026233730515884433,0.801142857142857,0.02248438611676154
469,467c6d78b732,2026-07-30 23:23:11,True,0.7929999999999999,0.013638181696985833,0.8705,0.020986366271972656,0.016079521179199217,1.0463350115588597e-07,1.616651935136684e-06,25,6,0.18,1.0,1.0,1,0,0.6979856267173297,0.033062566025193973,0.7929999999999999,0.013638181696985833,0.7656539131291455,0.02232586066619322,0.8095276236667843,0.01565974197527758,0.6788095238095238,0.029579440675198652,0.7868928571428572,0.029192418175128344
470,69ee87aa7e51,2026-07-30 23:23:18,True,0.7620000000000001,0.03264965543462905,1.0,0.32393388748168944,0.02513298988342285,6.984692866553345e-07,1.0791779988539222e-05,275,9,0.28,1.0,1.0,1,0,0.6944517353396082,0.03806228707399738,0.7620000000000001,0.03264965543462905,0.7518147463932822,0.03188623720921715,0.7211647748699148,0.0499457041206671,0.6833333333333333,0.035515318786134065,0.7884761904761904,0.030083067159204592
471,7d4fc59332b9,2026-07-30 23:23:24,True,0.784,0.025768197453450242,0.97475,0.18615255355834961,0.018900203704833984,4.170472532069124e-07,6.44363651691174e-06,175,10,0.02,1.0,1.0,1,0,0.6997858727707984,0.03817077110550329,0.784,0.025768197453450242,0.763331430918894,0.029209871281166908,0.7702850569239377,0.04636020297313257,0.681904761904762,0.034026800161809256,0.7956666666666667,0.029752722393016746
472,cc09ca0e4934,2026-07-30 23:23:29,True,0.7619999999999999,0.00244948974278318,1.0,0.11420373916625977,0.018045377731323243,2.8366660385600717e-07,4.382823464678339e-06,100,11,0.14,1.0,1.0,1,0,0.6877332014637758,0.01135812061546374,0.7619999999999999,0.00244948974278318,0.748557822577469,0.006067696678611297,0.7205412556068459,0.005062205115745527,0.6757142857142858,0.014138126513622368,0.8010714285714287,0.02133963023564617
473,2b4d72d40f35,2026-07-30 23:23:35,True,0.755,0.023021728866442697,1.0,0.10701165199279786,0.017353343963623046,2.950284721090858e-07,4.558371315941982e-06,225,5,0.21,1.0,1.0,1,0,0.6877260558200662,0.0278822136589977,0.755,0.023021728866442697,0.7455877407324394,0.022715164206128922,0.7096669354460184,0.035475636086802,0.6783333333333333,0.026931086994624234,0.7896190476190477,0.023563298261137157
474,60b1ec38d5ad,2026-07-30 23:23:41,True,0.76,0.020000000000000018,1.0,0.1839303493499756,0.021184587478637697,4.298772068687725e-07,6.641867190510807e-06,275,5,0.08,1.0,1.0,1,0,0.6900513925324855,0.027661362585806655,0.76,0.020000000000000018,0.7487547483794473,0.02092228225846302,0.7184080331368128,0.03488257796477905,0.68,0.028871440745188805,0.7996190476190476,0.02480323931006011
475,480cc300aed0,2026-07-30 23:23:48,True,0.769,0.0200997512422418,1.0,0.391711950302124,0.027806949615478516,8.315581427115322e-07,1.2848084654936943e-05,300,14,0.11,1.0,1.0,1,0,0.7003616171728695,0.028209625621023724,0.769,0.0200997512422418,0.7576562363427699,0.021842792967963907,0.7290926833964558,0.028339605710387596,0.6883333333333332,0.028135564279471333,0.8062142857142856,0.025101652744820267
476,3e284694f0f2,2026-07-30 23:23:53,True,0.806,0.024576411454888994,0.8212499999999998,0.030571746826171874,0.01668257713317871,1.3426007176437045e-07,2.074400669304658e-06,50,6,0.05,1.0,1.0,1,0,0.7058746912662153,0.04638833958863803,0.806,0.024576411454888994,0.7744800688696021,0.03346222664038465,0.8630449125268319,0.02849458570682041,0.6833333333333333,0.038671240639624044,0.7842261904761905,0.034028216249662416
477,9f5eb6a96450,2026-07-30 23:23:59,True,0.768,0.02379075450674066,1.0,0.24333634376525878,0.022495794296264648,5.475499853631466e-07,8.45998397876987e-06,200,10,0.11,1.0,1.0,1,0,0.6996848688754955,0.03164976113258296,0.768,0.02379075450674066,0.7569375927602968,0.025181677718747974,0.7271860351312911,0.033763078350088835,0.6876190476190477,0.030607974002902567,0.8022857142857143,0.026067612245145606
478,62415439bbf6,2026-07-30 23:24:05,True,0.7510000000000001,0.01593737745050924,1.0,0.18994626998901368,0.021418285369873048,4.434929598125277e-07,6.852238946226702e-06,200,7,0.15,1.0,1.0,1,0,0.6804868447811705,0.024070150541608278,0.7510000000000001,0.01593737745050924,0.7403627205790263,0.01753527624464104,0.7036876351638781,0.02556130361474441,0.6716666666666666,0.025703260422986866,0.7890952380952381,0.02973299548327009
479,08b42bf3e58e,2026-07-30 23:24:11,True,0.767,0.021118712081942895,1.0,0.14352173805236818,0.01691470146179199,3.765229767566453e-07,5.817511526162035e-06,275,7,0.27,1.0,1.0,1,0,0.699720929943906,0.027475447860192827,0.767,0.021118712081942895,0.7564173243278294,0.021509611722691314,0.7279616076253973,0.034459734329191714,0.6888095238095238,0.028137579071573843,0.7925714285714285,0.026892812348452318
480,47f890c303f5,2026-07-30 23:24:16,True,0.784,0.024372115213907867,0.99975,0.07414426803588867,0.01595339775085449,2.058661959069146e-07,3.1807593200604594e-06,50,14,0.08,1.0,1.0,1,0,0.7030970778957564,0.037702311028923165,0.784,0.024372115213907867,0.7650284310125726,0.02846723145122604,0.7649328094526098,0.03959443892909025,0.6857142857142857,0.03364648819417051,0.8091190476190476,0.026151117612464525
481,974494816d9f,2026-07-30 23:24:21,True,0.8100000000000002,0.024083189157584565,0.8099999999999999,0.05896596908569336,0.016840410232543946,1.8052707747930736e-07,2.7892543585699832e-06,125,5,0.01,1.0,1.0,1,0,0.7061750735401464,0.04882752473288025,0.8100000000000002,0.024083189157584565,0.7759877201783404,0.034665492077833135,0.8935504960528251,0.01079656058201379,0.6833333333333332,0.040138648595974345,0.7964523809523809,0.042013195071199994
482,b75c6bfaddf5,2026-07-30 23:24:27,True,0.749,0.01593737745050924,1.0,0.08926963806152344,0.016988277435302734,2.430483068987191e-07,3.755245799279131e-06,200,4,0.26,1.0,1.0,1,0,0.6787367988963664,0.02202513748950138,0.749,0.01593737745050924,0.738648268773861,0.016335351942374503,0.7014511946969936,0.02387579853370436,0.6702380952380953,0.023267643197252445,0.792404761904762,0.02401723681856625
483,a142c6574936,2026-07-30 23:24:32,True,0.7929999999999999,0.025806975801127854,0.8957499999999999,0.057292509078979495,0.015662193298339844,1.7102049385625062e-07,2.6423717957103457e-06,100,5,0.07,1.0,1.0,1,0,0.6969217513850686,0.04800804366865864,0.7929999999999999,0.025806975801127854,0.7651150226402624,0.034629805413247144,0.8072376938262259,0.03527175807983976,0.6778571428571428,0.04087062714548565,0.7909523809523809,0.029949693270284548
484,4ddfc46e9bc4,2026-07-30 23:24:37,True,0.8100000000000002,0.024083189157584565,0.8099999999999999,0.019768381118774415,0.015904760360717772,1.0666207266798896e-07,1.647994612428143e-06,50,3,0.03,1.0,1.0,1,0,0.7061750735401464,0.04882752473288025,0.8100000000000002,0.024083189157584565,0.7759877201783404,0.034665492077833135,0.8935504960528251,0.01079656058201379,0.6833333333333332,0.040138648595974345,0.8095714285714285,0.02344767900653814
485,89bb2e8fc199,2026-07-30 23:24:42,True,0.8100000000000002,0.024083189157584565,0.8102499999999999,0.06052727699279785,0.01766228675842285,1.8300859290051987e-07,2.8275952977859797e-06,150,4,0.02,1.0,1.0,1,0,0.7061750735401464,0.04882752473288025,0.8100000000000002,0.024083189157584565,0.7759877201783404,0.034665492077833135,0.8935504960528251,0.01079656058201379,0.6833333333333332,0.040138648595974345,0.7996904761904762,0.040035351441936505
486,e47886c0e476,2026-07-30 23:24:49,True,0.7689999999999999,0.019849433241279225,1.0,0.25142717361450195,0.020869922637939454,5.631497175888285e-07,8.7010094343999e-06,300,9,0.16,1.0,1.0,1,0,0.6996080541839794,0.02791073526614536,0.7689999999999999,0.019849433241279225,0.757285833399461,0.021578696959148116,0.7294906750792809,0.027856702370440294,0.6873809523809524,0.027711258221155267,0.7956190476190476,0.03192042969948162
487,1abe56a74a76,2026-07-30 23:24:54,True,0.767,0.021587033144922923,1.0,0.09935183525085449,0.018111991882324218,2.484808264936829e-07,3.839181567640564e-06,150,6,0.3,1.0,1.0,1,0,0.7029720760469514,0.025043819030950515,0.767,0.021587033144922923,0.7579977341949373,0.020681674768273876,0.7270229518820919,0.03334879829410235,0.6926190476190476,0.024320703086865222,0.7931428571428571,0.03048331389963785
488,61fb9de8933b,2026-07-30 23:24:59,True,0.777,0.01536229149573723,0.90825,0.02910914421081543,0.015274620056152344,1.2949129289929097e-07,2.0007201033740205e-06,75,3,0.2,1.0,1.0,1,0,0.6922560233473805,0.03281489000169088,0.777,0.01536229149573723,0.7566230770806757,0.021850678270323068,0.7591297347419126,0.033938781458894944,0.6778571428571428,0.03208195288133619,0.78525,0.02531548108897879
489,8da9ea1a155f,2026-07-30 23:25:06,True,0.78,0.029832867780352594,0.99175,0.2894631862640381,0.022545433044433592,6.266130101118802e-07,9.681556329363143e-06,225,10,0.02,1.0,1.0,1,0,0.6984898603807608,0.04288645133745714,0.78,0.029832867780352594,0.7611188987803623,0.03313254786931651,0.7590262850357512,0.0509174506035439,0.681904761904762,0.03862283464492308,0.7991666666666666,0.02818096284136981
490,8f1e52951ede,2026-07-30 23:25:11,True,0.75,0.017029386365926415,1.0,0.12544946670532225,0.01896328926086426,3.121008141589029e-07,4.822149498906851e-06,175,6,0.21,1.0,1.0,1,0,0.6822441195209433,0.021623572006884046,0.75,0.017029386365926415,0.7407928475467169,0.016961452734555953,0.70197694226186,0.022877817120989245,0.6738095238095239,0.02167843740969531,0.7988095238095239,0.02752807266374635
491,bb3837327297,2026-07-30 23:25:17,True,0.767,0.020149441679609904,1.0,0.1253350257873535,0.01665048599243164,3.3747486312017076e-07,5.214194158622217e-06,200,11,0.26,1.0,1.0,1,0,0.7013509803563114,0.02606365630181185,0.767,0.020149441679609904,0.7572391280758186,0.02054413788653201,0.7266474713335512,0.031532733592884055,0.6907142857142856,0.026698535378990747,0.8042142857142857,0.02433230824418007
492,974494816d9f,2026-07-30 23:25:22,True,0.8100000000000002,0.024083189157584565,0.8099999999999999,0.060447406768798825,0.016263389587402345,1.806050771286523e-07,2.7904595011166866e-06,125,5,0.01,1.0,1.0,1,0,0.7061750735401464,0.04882752473288025,0.8100000000000002,0.024083189157584565,0.7759877201783404,0.034665492077833135,0.8935504960528251,0.01079656058201379,0.6833333333333332,0.040138648595974345,0.7964523809523809,0.042013195071199994
493,4882e2f6c02b,2026-07-30 23:25:27,True,0.786,0.01743559577416271,0.99975,0.04386515617370605,0.015844345092773438,1.4721270855643678e-07,2.2745268727069486e-06,25,15,0.16,1.0,1.0,1,0,0.7070542766641469,0.02762833650483702,0.786,0.01743559577416271,0.7677342168899695,0.020016721029187935,0.7725178066652552,0.04430254855323386,0.6900000000000001,0.026912135525609136,0.8056428571428571,0.028285133070828326
494,9f206dc71edb,2026-07-30 23:25:33,True,0.767,0.02088061301782112,1.0,0.18841023445129396,0.02205815315246582,4.5964866136132676e-07,7.1018544697811054e-06,100,13,0.08,1.0,1.0,1,0,0.6914590356813519,0.028418204891668578,0.767,0.02088061301782112,0.7524140751951107,0.022008386292546003,0.7312218293149108,0.03561386869411904,0.6783333333333333,0.02715121007647321,0.8038809523809523,0.02022472948001238
495,d353f70742ff,2026-07-30 23:25:39,True,0.7849999999999999,0.02387467277262663,0.9465,0.07750039100646973,0.0168245792388916,2.0351081560084485e-07,3.1443672459376845e-06,150,5,0.06,1.0,1.0,1,0,0.6978895199420653,0.04285648045466296,0.7849999999999999,0.02387467277262663,0.762695702744524,0.031022282047671063,0.77273049097195,0.03265439966867186,0.6807142857142857,0.03865217884809623,0.7950952380952382,0.024604167926696438
496,ae93fa9f04f6,2026-07-30 23:25:45,True,0.772,0.013266499161421611,1.0,0.33735361099243166,0.024209070205688476,7.25033058074301e-07,1.1202206591822055e-05,300,14,0.12,1.0,1.0,1,0,0.7044359585633354,0.021446545012014675,0.772,0.013266499161421611,0.7608662731925235,0.0155579966767449,0.7334695216977613,0.01708789763967425,0.6923809523809524,0.022707845747745484,0.8055,0.024822202226152484
497,e5b562ab02e5,2026-07-30 23:25:51,True,0.805,0.017606816861658988,0.8859999999999999,0.07034358978271485,0.015741348266601562,2.2318828928208806e-07,3.4483963145816663e-06,75,10,0.02,1.0,1.0,1,0,0.7106671190211081,0.036161344342929794,0.805,0.017606816861658988,0.7766568389694858,0.025233774141533823,0.8496500875161699,0.034269278254307374,0.6883333333333332,0.03188521078284831,0.800357142857143,0.03327179694058213
498,816e074651a1,2026-07-30 23:25:56,True,0.7820000000000001,0.01860107523773829,0.9952500000000001,0.03254876136779785,0.01732501983642578,1.2945967447953881e-07,2.0002315793457354e-06,25,11,0.16,1.0,1.0,1,0,0.7021168959752482,0.029747587325213563,0.7820000000000001,0.01860107523773829,0.7636517006871837,0.02149979795145049,0.7646496475657801,0.04036014887874161,0.6861904761904762,0.030515227974275336,0.8041666666666668,0.0265749912272828
499,3cb57e9e2ece,2026-07-30 23:26:02,True,0.7849999999999999,0.021679483388678783,1.0,0.2684950828552246,0.02430281639099121,5.959738812820127e-07,9.208162948022382e-06,150,14,0.06,1.0,1.0,1,0,0.7086769101980512,0.03448707883912121,0.7849999999999999,0.021679483388678783,0.7682427225140656,0.025683133037795493,0.7622654881370702,0.033034361314295234,0.6921428571428571,0.03364311832204081,0.8083571428571428,0.024259369464244507
